 DEPRECATED  "environmentMatchGlobs" is deprecated. Use `test.projects` to define different configurations instead.

 RUN  v3.2.4 /Users/antonabyzov/Projects/github/specweave-umb/repositories/anton-abyzov/0874-intake-identity

 ✓ src/app/api/v1/studio/search/__tests__/route-perf.test.ts (1 test) 66ms
 ✓ src/app/queue/__tests__/AdminQueueActions.test.tsx (3 tests) 30ms
 ✓ src/app/api/v1/submissions/stream/__tests__/route.test.ts (8 tests) 50ms
 ✓ src/app/queue/__tests__/QueueStatusBar.test.tsx (8 tests) 47ms
 ✓ src/app/admin/reports/__tests__/auto-propagation-ui.test.tsx (2 tests) 118ms
 ✓ src/app/admin/reports/__tests__/page.test.tsx (4 tests) 137ms
stderr | src/app/api/v1/studio/search/__tests__/route.test.ts > GET /api/v1/studio/search — proxy (T-005 RED) > returns 502 { error: 'search_unavailable' } on upstream 5xx without leaking
studio_proxy_upstream_5xx: { status: 503, q: 'react' }

 ✓ src/app/api/v1/studio/search/__tests__/route.test.ts (11 tests) 379ms
 ✓ src/app/admin/submissions/[id]/__tests__/page.test.tsx (6 tests) 856ms
 ✓ src/app/studio/hooks/useSubmitDeepLink.test.tsx (13 tests) 893ms
   ✓ useSubmitDeepLink > re-fires window.open after debounce window expires (AC-US3-03)  615ms
 ✓ src/app/queue/__tests__/QueuePageClient.sse.test.tsx (4 tests) 799ms
   ✓ QueuePageClient SSE optimistic stats (F-M03) > active -> blocked transition decrements active and increments blocked  374ms
 ✓ src/app/trust/__tests__/TrustCenterPage.modal.test.tsx (6 tests) 870ms
 ✓ src/app/components/__tests__/SearchPalette.test.tsx (36 tests) 1065ms
stderr | src/app/api/v1/internal/alerts-evaluator/__tests__/route.test.ts > POST /api/v1/internal/alerts-evaluator > 0874 incident: a persistently dead discovery-floor query still pages BLIND after exhausting retries (never-silent-green preserved)
[alerts-evaluator] discovery-floor query failed (detector-blind): Error: DB operation timed out after 8000ms
    at /Users/antonabyzov/Projects/github/specweave-umb/repositories/anton-abyzov/0874-intake-identity/src/app/api/v1/internal/alerts-evaluator/__tests__/route.test.ts:126:49
    at file:///Users/antonabyzov/Projects/github/specweave-umb/repositories/anton-abyzov/0874-bulk-request-memory/node_modules/@vitest/runner/dist/chunk-hooks.js:155:11
    at file:///Users/antonabyzov/Projects/github/specweave-umb/repositories/anton-abyzov/0874-bulk-request-memory/node_modules/@vitest/runner/dist/chunk-hooks.js:752:26
    at file:///Users/antonabyzov/Projects/github/specweave-umb/repositories/anton-abyzov/0874-bulk-request-memory/node_modules/@vitest/runner/dist/chunk-hooks.js:1897:20
    at new Promise (<anonymous>)
    at runWithTimeout (file:///Users/antonabyzov/Projects/github/specweave-umb/repositories/anton-abyzov/0874-bulk-request-memory/node_modules/@vitest/runner/dist/chunk-hooks.js:1863:10)
    at runTest (file:///Users/antonabyzov/Projects/github/specweave-umb/repositories/anton-abyzov/0874-bulk-request-memory/node_modules/@vitest/runner/dist/chunk-hooks.js:1574:12)
    at runSuite (file:///Users/antonabyzov/Projects/github/specweave-umb/repositories/anton-abyzov/0874-bulk-request-memory/node_modules/@vitest/runner/dist/chunk-hooks.js:1729:8)
    at runSuite (file:///Users/antonabyzov/Projects/github/specweave-umb/repositories/anton-abyzov/0874-bulk-request-memory/node_modules/@vitest/runner/dist/chunk-hooks.js:1729:8)
    at runFiles (file:///Users/antonabyzov/Projects/github/specweave-umb/repositories/anton-abyzov/0874-bulk-request-memory/node_modules/@vitest/runner/dist/chunk-hooks.js:1787:3)

stderr | src/app/api/v1/internal/alerts-evaluator/__tests__/route.test.ts > POST /api/v1/internal/alerts-evaluator > 0874 incident: an open DB circuit pages immediately without burning the retry budget
[alerts-evaluator] discovery-floor query failed (detector-blind): Error: DB circuit open — skipping Skill.count
    at /Users/antonabyzov/Projects/github/specweave-umb/repositories/anton-abyzov/0874-intake-identity/src/app/api/v1/internal/alerts-evaluator/__tests__/route.test.ts:145:52
    at file:///Users/antonabyzov/Projects/github/specweave-umb/repositories/anton-abyzov/0874-bulk-request-memory/node_modules/@vitest/runner/dist/chunk-hooks.js:155:11
    at file:///Users/antonabyzov/Projects/github/specweave-umb/repositories/anton-abyzov/0874-bulk-request-memory/node_modules/@vitest/runner/dist/chunk-hooks.js:752:26
    at file:///Users/antonabyzov/Projects/github/specweave-umb/repositories/anton-abyzov/0874-bulk-request-memory/node_modules/@vitest/runner/dist/chunk-hooks.js:1897:20
    at new Promise (<anonymous>)
    at runWithTimeout (file:///Users/antonabyzov/Projects/github/specweave-umb/repositories/anton-abyzov/0874-bulk-request-memory/node_modules/@vitest/runner/dist/chunk-hooks.js:1863:10)
    at runTest (file:///Users/antonabyzov/Projects/github/specweave-umb/repositories/anton-abyzov/0874-bulk-request-memory/node_modules/@vitest/runner/dist/chunk-hooks.js:1574:12)
    at runSuite (file:///Users/antonabyzov/Projects/github/specweave-umb/repositories/anton-abyzov/0874-bulk-request-memory/node_modules/@vitest/runner/dist/chunk-hooks.js:1729:8)
    at runSuite (file:///Users/antonabyzov/Projects/github/specweave-umb/repositories/anton-abyzov/0874-bulk-request-memory/node_modules/@vitest/runner/dist/chunk-hooks.js:1729:8)
    at runFiles (file:///Users/antonabyzov/Projects/github/specweave-umb/repositories/anton-abyzov/0874-bulk-request-memory/node_modules/@vitest/runner/dist/chunk-hooks.js:1787:3)

 ✓ src/app/api/v1/internal/alerts-evaluator/__tests__/route.test.ts (15 tests) 1041ms
   ✓ POST /api/v1/internal/alerts-evaluator > 0874 incident: a persistently dead discovery-floor query still pages BLIND after exhausting retries (never-silent-green preserved)  767ms
stderr | src/app/queue/__tests__/QueuePageClient.test.tsx > QueuePageClient TAB_CONFIG default sort (T-021 / AC-US5-04) > falls back from an empty implicit active view to published when cached active counts are stale
Updating a style property during rerender (border) when a conflicting property is set (borderLeft) can lead to styling bugs. To avoid this, don't mix shorthand and non-shorthand properties for the same value; instead, replace the shorthand with separate values.
Updating a style property during rerender (border) when a conflicting property is set (borderLeft) can lead to styling bugs. To avoid this, don't mix shorthand and non-shorthand properties for the same value; instead, replace the shorthand with separate values.

 ✓ src/app/admin/submissions/[id]/__tests__/page.blocklist.test.tsx (5 tests) 673ms
 ✓ src/app/admin/submissions/__tests__/page.test.tsx (11 tests) 786ms
   ✓ AdminSubmissionsPage > passes search param to API when typing  337ms
 ✓ src/app/admin/dashboard/__tests__/page.test.tsx (10 tests) 762ms
 ✓ src/app/components/__tests__/PrivacyTernaryField.test.tsx (5 tests) 784ms
 ✓ src/app/studio/find/[owner]/[repo]/[skill]/__tests__/InstallPanel.test.tsx (19 tests) 807ms
stderr | src/app/queue/__tests__/QueuePageClient.test.tsx > 0757 / US-001: em-dash placeholders when stats are unavailable > renders em-dash '—' on all 6 StatCards when initialData.stats is null
Updating a style property during rerender (border) when a conflicting property is set (borderLeft) can lead to styling bugs. To avoid this, don't mix shorthand and non-shorthand properties for the same value; instead, replace the shorthand with separate values.
Updating a style property during rerender (border) when a conflicting property is set (borderLeft) can lead to styling bugs. To avoid this, don't mix shorthand and non-shorthand properties for the same value; instead, replace the shorthand with separate values.

stderr | src/app/queue/__tests__/QueuePageClient.test.tsx > 0757 / US-001: em-dash placeholders when stats are unavailable > retries fetchStats on HTTP 503 and replaces placeholder with real numbers on success
Updating a style property during rerender (border) when a conflicting property is set (borderLeft) can lead to styling bugs. To avoid this, don't mix shorthand and non-shorthand properties for the same value; instead, replace the shorthand with separate values.
Updating a style property during rerender (border) when a conflicting property is set (borderLeft) can lead to styling bugs. To avoid this, don't mix shorthand and non-shorthand properties for the same value; instead, replace the shorthand with separate values.

 ✓ src/app/studio/find/FindClient.test.tsx (8 tests) 728ms
stderr | src/app/queue/__tests__/QueuePageClient.test.tsx > 0757 / US-001: em-dash placeholders when stats are unavailable > caps retries at 3 attempts (1s/3s/7s) when the API keeps returning 503
Updating a style property during rerender (border) when a conflicting property is set (borderLeft) can lead to styling bugs. To avoid this, don't mix shorthand and non-shorthand properties for the same value; instead, replace the shorthand with separate values.
Updating a style property during rerender (border) when a conflicting property is set (borderLeft) can lead to styling bugs. To avoid this, don't mix shorthand and non-shorthand properties for the same value; instead, replace the shorthand with separate values.

stderr | src/app/queue/__tests__/QueuePageClient.test.tsx > 0757 / US-001: em-dash placeholders when stats are unavailable > retries when API returns 200 with {total:0,degraded:true} body (treated as cold-worker)
Updating a style property during rerender (border) when a conflicting property is set (borderLeft) can lead to styling bugs. To avoid this, don't mix shorthand and non-shorthand properties for the same value; instead, replace the shorthand with separate values.
Updating a style property during rerender (border) when a conflicting property is set (borderLeft) can lead to styling bugs. To avoid this, don't mix shorthand and non-shorthand properties for the same value; instead, replace the shorthand with separate values.

 ✓ src/app/queue/__tests__/QueuePageClient.test.tsx (12 tests) 884ms
 ✓ src/app/components/__tests__/ReportProblemModal.test.tsx (25 tests) 1818ms
stderr | src/app/trust/__tests__/TrustTierDisplay.test.tsx > TrustTierDistribution > TC-058c: surfaces an error panel with Retry when /api/v1/stats responds non-OK
[TrustTierDistribution] fetch failed: Error: stats endpoint returned 500
    at /Users/antonabyzov/Projects/github/specweave-umb/repositories/anton-abyzov/0874-intake-identity/src/app/trust/TrustTierDistribution.tsx:48:24

 ✓ src/app/api/v1/user/preferences/__tests__/route.test.ts (15 tests) 2082ms
   ✓ GET /api/v1/user/preferences > retries once on DB failure and succeeds on second attempt  505ms
   ✓ GET /api/v1/user/preferences > returns 500 after both attempts fail  503ms
   ✓ PATCH /api/v1/user/preferences > retries full read-merge-write on DB failure and succeeds  504ms
   ✓ PATCH /api/v1/user/preferences > returns 500 after both PATCH attempts fail  504ms
stderr | src/app/api/v1/studio/telemetry/[kind]/__tests__/route.test.ts > POST /api/v1/studio/telemetry/lockdown (0723 T-008) > accepts a valid lockdown payload and writes a row with kind='lockdown'
lockdown_ae_write_failed: 

ERROR: `getCloudflareContext` has been called without having called `initOpenNextCloudflareForDev` from the Next.js config file.
You should update your Next.js config file as shown below:

   ```
   // next.config.mjs

   import { initOpenNextCloudflareForDev } from "@opennextjs/cloudflare";

   initOpenNextCloudflareForDev();

   const nextConfig = { ... };
   export default nextConfig;
   ```



stderr | src/app/api/v1/studio/telemetry/[kind]/__tests__/route.test.ts > POST /api/v1/studio/telemetry/lockdown (0723 T-008) > accepts the canonical lockdown reason broadcast
lockdown_ae_write_failed: 

ERROR: `getCloudflareContext` has been called without having called `initOpenNextCloudflareForDev` from the Next.js config file.
You should update your Next.js config file as shown below:

   ```
   // next.config.mjs

   import { initOpenNextCloudflareForDev } from "@opennextjs/cloudflare";

   initOpenNextCloudflareForDev();

   const nextConfig = { ... };
   export default nextConfig;
   ```



stderr | src/app/trust/__tests__/TrustTierDisplay.test.tsx > TrustTierDistribution > TC-058d: surfaces an error panel when /api/v1/stats fetch rejects
[TrustTierDistribution] fetch failed: Error: network down
    at /Users/antonabyzov/Projects/github/specweave-umb/repositories/anton-abyzov/0874-intake-identity/src/app/trust/__tests__/TrustTierDisplay.test.tsx:93:53
    at file:///Users/antonabyzov/Projects/github/specweave-umb/repositories/anton-abyzov/0874-bulk-request-memory/node_modules/@vitest/runner/dist/chunk-hooks.js:155:11
    at file:///Users/antonabyzov/Projects/github/specweave-umb/repositories/anton-abyzov/0874-bulk-request-memory/node_modules/@vitest/runner/dist/chunk-hooks.js:752:26
    at file:///Users/antonabyzov/Projects/github/specweave-umb/repositories/anton-abyzov/0874-bulk-request-memory/node_modules/@vitest/runner/dist/chunk-hooks.js:1897:20
    at new Promise (<anonymous>)
    at runWithTimeout (file:///Users/antonabyzov/Projects/github/specweave-umb/repositories/anton-abyzov/0874-bulk-request-memory/node_modules/@vitest/runner/dist/chunk-hooks.js:1863:10)
    at runTest (file:///Users/antonabyzov/Projects/github/specweave-umb/repositories/anton-abyzov/0874-bulk-request-memory/node_modules/@vitest/runner/dist/chunk-hooks.js:1574:12)
    at runSuite (file:///Users/antonabyzov/Projects/github/specweave-umb/repositories/anton-abyzov/0874-bulk-request-memory/node_modules/@vitest/runner/dist/chunk-hooks.js:1729:8)
    at runSuite (file:///Users/antonabyzov/Projects/github/specweave-umb/repositories/anton-abyzov/0874-bulk-request-memory/node_modules/@vitest/runner/dist/chunk-hooks.js:1729:8)
    at runFiles (file:///Users/antonabyzov/Projects/github/specweave-umb/repositories/anton-abyzov/0874-bulk-request-memory/node_modules/@vitest/runner/dist/chunk-hooks.js:1787:3)

stderr | src/app/api/v1/studio/telemetry/[kind]/__tests__/route.test.ts > POST /api/v1/studio/telemetry/lockdown (0723 T-008) > accepts the canonical lockdown reason visibility
lockdown_ae_write_failed: 

ERROR: `getCloudflareContext` has been called without having called `initOpenNextCloudflareForDev` from the Next.js config file.
You should update your Next.js config file as shown below:

   ```
   // next.config.mjs

   import { initOpenNextCloudflareForDev } from "@opennextjs/cloudflare";

   initOpenNextCloudflareForDev();

   const nextConfig = { ... };
   export default nextConfig;
   ```



stderr | src/app/api/v1/studio/telemetry/[kind]/__tests__/route.test.ts > POST /api/v1/studio/telemetry/lockdown (0723 T-008) > accepts the canonical lockdown reason api-409
lockdown_ae_write_failed: 

ERROR: `getCloudflareContext` has been called without having called `initOpenNextCloudflareForDev` from the Next.js config file.
You should update your Next.js config file as shown below:

   ```
   // next.config.mjs

   import { initOpenNextCloudflareForDev } from "@opennextjs/cloudflare";

   initOpenNextCloudflareForDev();

   const nextConfig = { ... };
   export default nextConfig;
   ```



stderr | src/app/trust/__tests__/TrustTierDisplay.test.tsx > TrustTierDistribution > TC-058e: Retry replaces the error panel with the distribution when the second fetch succeeds
[TrustTierDistribution] fetch failed: Error: transient
    at /Users/antonabyzov/Projects/github/specweave-umb/repositories/anton-abyzov/0874-intake-identity/src/app/trust/__tests__/TrustTierDisplay.test.tsx:107:30
    at file:///Users/antonabyzov/Projects/github/specweave-umb/repositories/anton-abyzov/0874-bulk-request-memory/node_modules/@vitest/runner/dist/chunk-hooks.js:155:11
    at file:///Users/antonabyzov/Projects/github/specweave-umb/repositories/anton-abyzov/0874-bulk-request-memory/node_modules/@vitest/runner/dist/chunk-hooks.js:752:26
    at file:///Users/antonabyzov/Projects/github/specweave-umb/repositories/anton-abyzov/0874-bulk-request-memory/node_modules/@vitest/runner/dist/chunk-hooks.js:1897:20
    at new Promise (<anonymous>)
    at runWithTimeout (file:///Users/antonabyzov/Projects/github/specweave-umb/repositories/anton-abyzov/0874-bulk-request-memory/node_modules/@vitest/runner/dist/chunk-hooks.js:1863:10)
    at runTest (file:///Users/antonabyzov/Projects/github/specweave-umb/repositories/anton-abyzov/0874-bulk-request-memory/node_modules/@vitest/runner/dist/chunk-hooks.js:1574:12)
    at runSuite (file:///Users/antonabyzov/Projects/github/specweave-umb/repositories/anton-abyzov/0874-bulk-request-memory/node_modules/@vitest/runner/dist/chunk-hooks.js:1729:8)
    at runSuite (file:///Users/antonabyzov/Projects/github/specweave-umb/repositories/anton-abyzov/0874-bulk-request-memory/node_modules/@vitest/runner/dist/chunk-hooks.js:1729:8)
    at runFiles (file:///Users/antonabyzov/Projects/github/specweave-umb/repositories/anton-abyzov/0874-bulk-request-memory/node_modules/@vitest/runner/dist/chunk-hooks.js:1787:3)

stderr | src/app/api/v1/studio/telemetry/[kind]/__tests__/route.test.ts > POST /api/v1/studio/telemetry/lockdown (0723 T-008) > does NOT apply X-Workspace-Fingerprint enforcement to the lockdown kind itself (self-bypass)
lockdown_ae_write_failed: 

ERROR: `getCloudflareContext` has been called without having called `initOpenNextCloudflareForDev` from the Next.js config file.
You should update your Next.js config file as shown below:

   ```
   // next.config.mjs

   import { initOpenNextCloudflareForDev } from "@opennextjs/cloudflare";

   initOpenNextCloudflareForDev();

   const nextConfig = { ... };
   export default nextConfig;
   ```



 ✓ src/app/api/v1/studio/telemetry/[kind]/__tests__/route.test.ts (27 tests) 413ms
 ✓ src/app/trust/__tests__/TrustTierDisplay.test.tsx (15 tests) 551ms
 ✓ src/app/admin/submissions/[id]/__tests__/deep-link.test.tsx (6 tests) 668ms
 ✓ src/app/components/__tests__/SearchPalette.props.test.tsx (11 tests) 505ms
 ✓ src/app/admin/queue/__tests__/page.test.tsx (5 tests) 540ms
 ✓ src/app/studio/find/[owner]/[repo]/[skill]/__tests__/page.test.tsx (16 tests) 612ms
stderr | src/app/api/v1/webhooks/github/__tests__/route.test.ts > POST /api/v1/webhooks/github (AC-US4-01, AC-US4-05 — signature + anti-replay) > rejects missing X-Hub-Signature-256 with 401 and zero side effects
[webhook] hmac_attempt outcome=missing_sig event=push deliveryId=delivery-1

stderr | src/app/api/v1/webhooks/github/__tests__/route.test.ts > POST /api/v1/webhooks/github (AC-US4-01, AC-US4-05 — signature + anti-replay) > rejects mismatched signature with 401
[webhook] hmac_attempt outcome=fail event=push deliveryId=delivery-2

stderr | src/app/api/v1/webhooks/github/__tests__/route.test.ts > POST /api/v1/webhooks/github (AC-US4-01, AC-US4-05 — signature + anti-replay) > rejects mismatched signature with 401
audit_emit_failed: {
  action: 'webhook.signature_invalid',
  outcome: 'FAILURE',
  err: "Cannot read properties of undefined (reading 'create')"
}

stderr | src/app/api/v1/webhooks/github/__tests__/route.test.ts > POST /api/v1/webhooks/github (AC-US4-01, AC-US4-05 — signature + anti-replay) > suppresses duplicate X-GitHub-Delivery (anti-replay DO hit) with 200 and no publish
[webhook] hmac_attempt outcome=pass event=push deliveryId=delivery-dup

stderr | src/app/api/v1/webhooks/github/__tests__/route.test.ts > POST /api/v1/webhooks/github (AC-US4-01, AC-US4-05 — signature + anti-replay) > suppresses duplicate X-GitHub-Delivery (anti-replay DO hit) with 200 and no publish
[webhook] hmac_attempt outcome=pass event=push deliveryId=delivery-dup

stderr | src/app/api/v1/webhooks/github/__tests__/route.test.ts > POST /api/v1/webhooks/github (AC-US4-01, AC-US4-05 — signature + anti-replay) > F-CR4 follow-up: missing X-GitHub-Delivery returns 400 — does NOT bypass anti-replay
[webhook] hmac_attempt outcome=pass event=push deliveryId=null

stderr | src/app/api/v1/webhooks/github/__tests__/route.test.ts > POST /api/v1/webhooks/github (AC-US4-01, AC-US4-05 — signature + anti-replay) > F-CR4 follow-up: missing WEBHOOK_DEDUP_DO binding returns 503 — fails closed
[webhook] hmac_attempt outcome=pass event=push deliveryId=binding-undefined-test
[webhook] WEBHOOK_DEDUP_DO binding undefined — failing closed to preserve anti-replay guarantee

stderr | src/app/api/v1/webhooks/github/__tests__/route.test.ts > POST /api/v1/webhooks/github (AC-US4-01, AC-US4-05 — signature + anti-replay) > F-CR9 follow-up: DO fetch throwing returns 503 — does NOT crash the route
[webhook] hmac_attempt outcome=pass event=push deliveryId=do-throw-test

stderr | src/app/api/v1/webhooks/github/__tests__/route.test.ts > POST /api/v1/webhooks/github (AC-US4-01, AC-US4-05 — signature + anti-replay) > AC-US3-02: 100 concurrent calls with same X-GitHub-Delivery → exactly 1 enqueue, 99 dedup hits
[webhook] hmac_attempt outcome=pass event=push deliveryId=race-uuid

stderr | src/app/api/v1/webhooks/github/__tests__/route.test.ts > POST /api/v1/webhooks/github (AC-US4-01, AC-US4-05 — signature + anti-replay) > AC-US3-02: 100 concurrent calls with same X-GitHub-Delivery → exactly 1 enqueue, 99 dedup hits
[webhook] hmac_attempt outcome=pass event=push deliveryId=race-uuid

stderr | src/app/api/v1/webhooks/github/__tests__/route.test.ts > POST /api/v1/webhooks/github (AC-US4-01, AC-US4-05 — signature + anti-replay) > AC-US3-02: 100 concurrent calls with same X-GitHub-Delivery → exactly 1 enqueue, 99 dedup hits
[webhook] hmac_attempt outcome=pass event=push deliveryId=race-uuid

stderr | src/app/api/v1/webhooks/github/__tests__/route.test.ts > POST /api/v1/webhooks/github (AC-US4-01, AC-US4-05 — signature + anti-replay) > AC-US3-02: 100 concurrent calls with same X-GitHub-Delivery → exactly 1 enqueue, 99 dedup hits
[webhook] hmac_attempt outcome=pass event=push deliveryId=race-uuid

stderr | src/app/api/v1/webhooks/github/__tests__/route.test.ts > POST /api/v1/webhooks/github (AC-US4-01, AC-US4-05 — signature + anti-replay) > AC-US3-02: 100 concurrent calls with same X-GitHub-Delivery → exactly 1 enqueue, 99 dedup hits
[webhook] hmac_attempt outcome=pass event=push deliveryId=race-uuid

stderr | src/app/api/v1/webhooks/github/__tests__/route.test.ts > POST /api/v1/webhooks/github (AC-US4-01, AC-US4-05 — signature + anti-replay) > AC-US3-02: 100 concurrent calls with same X-GitHub-Delivery → exactly 1 enqueue, 99 dedup hits
[webhook] hmac_attempt outcome=pass event=push deliveryId=race-uuid

stderr | src/app/api/v1/webhooks/github/__tests__/route.test.ts > POST /api/v1/webhooks/github (AC-US4-01, AC-US4-05 — signature + anti-replay) > AC-US3-02: 100 concurrent calls with same X-GitHub-Delivery → exactly 1 enqueue, 99 dedup hits
[webhook] hmac_attempt outcome=pass event=push deliveryId=race-uuid

stderr | src/app/api/v1/webhooks/github/__tests__/route.test.ts > POST /api/v1/webhooks/github (AC-US4-01, AC-US4-05 — signature + anti-replay) > AC-US3-02: 100 concurrent calls with same X-GitHub-Delivery → exactly 1 enqueue, 99 dedup hits
[webhook] hmac_attempt outcome=pass event=push deliveryId=race-uuid

stderr | src/app/api/v1/webhooks/github/__tests__/route.test.ts > POST /api/v1/webhooks/github (AC-US4-01, AC-US4-05 — signature + anti-replay) > AC-US3-02: 100 concurrent calls with same X-GitHub-Delivery → exactly 1 enqueue, 99 dedup hits
[webhook] hmac_attempt outcome=pass event=push deliveryId=race-uuid

stderr | src/app/api/v1/webhooks/github/__tests__/route.test.ts > POST /api/v1/webhooks/github (AC-US4-01, AC-US4-05 — signature + anti-replay) > AC-US3-02: 100 concurrent calls with same X-GitHub-Delivery → exactly 1 enqueue, 99 dedup hits
[webhook] hmac_attempt outcome=pass event=push deliveryId=race-uuid

stderr | src/app/api/v1/webhooks/github/__tests__/route.test.ts > POST /api/v1/webhooks/github (AC-US4-01, AC-US4-05 — signature + anti-replay) > AC-US3-02: 100 concurrent calls with same X-GitHub-Delivery → exactly 1 enqueue, 99 dedup hits
[webhook] hmac_attempt outcome=pass event=push deliveryId=race-uuid

stderr | src/app/api/v1/webhooks/github/__tests__/route.test.ts > POST /api/v1/webhooks/github (AC-US4-01, AC-US4-05 — signature + anti-replay) > AC-US3-02: 100 concurrent calls with same X-GitHub-Delivery → exactly 1 enqueue, 99 dedup hits
[webhook] hmac_attempt outcome=pass event=push deliveryId=race-uuid

stderr | src/app/api/v1/webhooks/github/__tests__/route.test.ts > POST /api/v1/webhooks/github (AC-US4-01, AC-US4-05 — signature + anti-replay) > AC-US3-02: 100 concurrent calls with same X-GitHub-Delivery → exactly 1 enqueue, 99 dedup hits
[webhook] hmac_attempt outcome=pass event=push deliveryId=race-uuid

stderr | src/app/api/v1/webhooks/github/__tests__/route.test.ts > POST /api/v1/webhooks/github (AC-US4-01, AC-US4-05 — signature + anti-replay) > AC-US3-02: 100 concurrent calls with same X-GitHub-Delivery → exactly 1 enqueue, 99 dedup hits
[webhook] hmac_attempt outcome=pass event=push deliveryId=race-uuid

stderr | src/app/api/v1/webhooks/github/__tests__/route.test.ts > POST /api/v1/webhooks/github (AC-US4-01, AC-US4-05 — signature + anti-replay) > AC-US3-02: 100 concurrent calls with same X-GitHub-Delivery → exactly 1 enqueue, 99 dedup hits
[webhook] hmac_attempt outcome=pass event=push deliveryId=race-uuid

stderr | src/app/api/v1/webhooks/github/__tests__/route.test.ts > POST /api/v1/webhooks/github (AC-US4-01, AC-US4-05 — signature + anti-replay) > AC-US3-02: 100 concurrent calls with same X-GitHub-Delivery → exactly 1 enqueue, 99 dedup hits
[webhook] hmac_attempt outcome=pass event=push deliveryId=race-uuid

stderr | src/app/api/v1/webhooks/github/__tests__/route.test.ts > POST /api/v1/webhooks/github (AC-US4-01, AC-US4-05 — signature + anti-replay) > AC-US3-02: 100 concurrent calls with same X-GitHub-Delivery → exactly 1 enqueue, 99 dedup hits
[webhook] hmac_attempt outcome=pass event=push deliveryId=race-uuid

stderr | src/app/api/v1/webhooks/github/__tests__/route.test.ts > POST /api/v1/webhooks/github (AC-US4-01, AC-US4-05 — signature + anti-replay) > AC-US3-02: 100 concurrent calls with same X-GitHub-Delivery → exactly 1 enqueue, 99 dedup hits
[webhook] hmac_attempt outcome=pass event=push deliveryId=race-uuid

stderr | src/app/api/v1/webhooks/github/__tests__/route.test.ts > POST /api/v1/webhooks/github (AC-US4-01, AC-US4-05 — signature + anti-replay) > AC-US3-02: 100 concurrent calls with same X-GitHub-Delivery → exactly 1 enqueue, 99 dedup hits
[webhook] hmac_attempt outcome=pass event=push deliveryId=race-uuid

stderr | src/app/api/v1/webhooks/github/__tests__/route.test.ts > POST /api/v1/webhooks/github (AC-US4-01, AC-US4-05 — signature + anti-replay) > AC-US3-02: 100 concurrent calls with same X-GitHub-Delivery → exactly 1 enqueue, 99 dedup hits
[webhook] hmac_attempt outcome=pass event=push deliveryId=race-uuid

stderr | src/app/api/v1/webhooks/github/__tests__/route.test.ts > POST /api/v1/webhooks/github (AC-US4-01, AC-US4-05 — signature + anti-replay) > AC-US3-02: 100 concurrent calls with same X-GitHub-Delivery → exactly 1 enqueue, 99 dedup hits
[webhook] hmac_attempt outcome=pass event=push deliveryId=race-uuid

stderr | src/app/api/v1/webhooks/github/__tests__/route.test.ts > POST /api/v1/webhooks/github (AC-US4-01, AC-US4-05 — signature + anti-replay) > AC-US3-02: 100 concurrent calls with same X-GitHub-Delivery → exactly 1 enqueue, 99 dedup hits
[webhook] hmac_attempt outcome=pass event=push deliveryId=race-uuid

stderr | src/app/api/v1/webhooks/github/__tests__/route.test.ts > POST /api/v1/webhooks/github (AC-US4-01, AC-US4-05 — signature + anti-replay) > AC-US3-02: 100 concurrent calls with same X-GitHub-Delivery → exactly 1 enqueue, 99 dedup hits
[webhook] hmac_attempt outcome=pass event=push deliveryId=race-uuid

stderr | src/app/api/v1/webhooks/github/__tests__/route.test.ts > POST /api/v1/webhooks/github (AC-US4-01, AC-US4-05 — signature + anti-replay) > AC-US3-02: 100 concurrent calls with same X-GitHub-Delivery → exactly 1 enqueue, 99 dedup hits
[webhook] hmac_attempt outcome=pass event=push deliveryId=race-uuid

stderr | src/app/api/v1/webhooks/github/__tests__/route.test.ts > POST /api/v1/webhooks/github (AC-US4-01, AC-US4-05 — signature + anti-replay) > AC-US3-02: 100 concurrent calls with same X-GitHub-Delivery → exactly 1 enqueue, 99 dedup hits
[webhook] hmac_attempt outcome=pass event=push deliveryId=race-uuid

stderr | src/app/api/v1/webhooks/github/__tests__/route.test.ts > POST /api/v1/webhooks/github (AC-US4-01, AC-US4-05 — signature + anti-replay) > AC-US3-02: 100 concurrent calls with same X-GitHub-Delivery → exactly 1 enqueue, 99 dedup hits
[webhook] hmac_attempt outcome=pass event=push deliveryId=race-uuid

stderr | src/app/api/v1/webhooks/github/__tests__/route.test.ts > POST /api/v1/webhooks/github (AC-US4-01, AC-US4-05 — signature + anti-replay) > AC-US3-02: 100 concurrent calls with same X-GitHub-Delivery → exactly 1 enqueue, 99 dedup hits
[webhook] hmac_attempt outcome=pass event=push deliveryId=race-uuid

stderr | src/app/api/v1/webhooks/github/__tests__/route.test.ts > POST /api/v1/webhooks/github (AC-US4-01, AC-US4-05 — signature + anti-replay) > AC-US3-02: 100 concurrent calls with same X-GitHub-Delivery → exactly 1 enqueue, 99 dedup hits
[webhook] hmac_attempt outcome=pass event=push deliveryId=race-uuid

stderr | src/app/api/v1/webhooks/github/__tests__/route.test.ts > POST /api/v1/webhooks/github (AC-US4-01, AC-US4-05 — signature + anti-replay) > AC-US3-02: 100 concurrent calls with same X-GitHub-Delivery → exactly 1 enqueue, 99 dedup hits
[webhook] hmac_attempt outcome=pass event=push deliveryId=race-uuid

stderr | src/app/api/v1/webhooks/github/__tests__/route.test.ts > POST /api/v1/webhooks/github (AC-US4-01, AC-US4-05 — signature + anti-replay) > AC-US3-02: 100 concurrent calls with same X-GitHub-Delivery → exactly 1 enqueue, 99 dedup hits
[webhook] hmac_attempt outcome=pass event=push deliveryId=race-uuid

stderr | src/app/api/v1/webhooks/github/__tests__/route.test.ts > POST /api/v1/webhooks/github (AC-US4-01, AC-US4-05 — signature + anti-replay) > AC-US3-02: 100 concurrent calls with same X-GitHub-Delivery → exactly 1 enqueue, 99 dedup hits
[webhook] hmac_attempt outcome=pass event=push deliveryId=race-uuid

stderr | src/app/api/v1/webhooks/github/__tests__/route.test.ts > POST /api/v1/webhooks/github (AC-US4-01, AC-US4-05 — signature + anti-replay) > AC-US3-02: 100 concurrent calls with same X-GitHub-Delivery → exactly 1 enqueue, 99 dedup hits
[webhook] hmac_attempt outcome=pass event=push deliveryId=race-uuid

stderr | src/app/api/v1/webhooks/github/__tests__/route.test.ts > POST /api/v1/webhooks/github (AC-US4-01, AC-US4-05 — signature + anti-replay) > AC-US3-02: 100 concurrent calls with same X-GitHub-Delivery → exactly 1 enqueue, 99 dedup hits
[webhook] hmac_attempt outcome=pass event=push deliveryId=race-uuid

stderr | src/app/api/v1/webhooks/github/__tests__/route.test.ts > POST /api/v1/webhooks/github (AC-US4-01, AC-US4-05 — signature + anti-replay) > AC-US3-02: 100 concurrent calls with same X-GitHub-Delivery → exactly 1 enqueue, 99 dedup hits
[webhook] hmac_attempt outcome=pass event=push deliveryId=race-uuid

stderr | src/app/api/v1/webhooks/github/__tests__/route.test.ts > POST /api/v1/webhooks/github (AC-US4-01, AC-US4-05 — signature + anti-replay) > AC-US3-02: 100 concurrent calls with same X-GitHub-Delivery → exactly 1 enqueue, 99 dedup hits
[webhook] hmac_attempt outcome=pass event=push deliveryId=race-uuid

stderr | src/app/api/v1/webhooks/github/__tests__/route.test.ts > POST /api/v1/webhooks/github (AC-US4-01, AC-US4-05 — signature + anti-replay) > AC-US3-02: 100 concurrent calls with same X-GitHub-Delivery → exactly 1 enqueue, 99 dedup hits
[webhook] hmac_attempt outcome=pass event=push deliveryId=race-uuid

stderr | src/app/api/v1/webhooks/github/__tests__/route.test.ts > POST /api/v1/webhooks/github (AC-US4-01, AC-US4-05 — signature + anti-replay) > AC-US3-02: 100 concurrent calls with same X-GitHub-Delivery → exactly 1 enqueue, 99 dedup hits
[webhook] hmac_attempt outcome=pass event=push deliveryId=race-uuid

stderr | src/app/api/v1/webhooks/github/__tests__/route.test.ts > POST /api/v1/webhooks/github (AC-US4-01, AC-US4-05 — signature + anti-replay) > AC-US3-02: 100 concurrent calls with same X-GitHub-Delivery → exactly 1 enqueue, 99 dedup hits
[webhook] hmac_attempt outcome=pass event=push deliveryId=race-uuid

stderr | src/app/api/v1/webhooks/github/__tests__/route.test.ts > POST /api/v1/webhooks/github (AC-US4-01, AC-US4-05 — signature + anti-replay) > AC-US3-02: 100 concurrent calls with same X-GitHub-Delivery → exactly 1 enqueue, 99 dedup hits
[webhook] hmac_attempt outcome=pass event=push deliveryId=race-uuid

stderr | src/app/api/v1/webhooks/github/__tests__/route.test.ts > POST /api/v1/webhooks/github (AC-US4-01, AC-US4-05 — signature + anti-replay) > AC-US3-02: 100 concurrent calls with same X-GitHub-Delivery → exactly 1 enqueue, 99 dedup hits
[webhook] hmac_attempt outcome=pass event=push deliveryId=race-uuid

stderr | src/app/api/v1/webhooks/github/__tests__/route.test.ts > POST /api/v1/webhooks/github (AC-US4-01, AC-US4-05 — signature + anti-replay) > AC-US3-02: 100 concurrent calls with same X-GitHub-Delivery → exactly 1 enqueue, 99 dedup hits
[webhook] hmac_attempt outcome=pass event=push deliveryId=race-uuid

stderr | src/app/api/v1/webhooks/github/__tests__/route.test.ts > POST /api/v1/webhooks/github (AC-US4-01, AC-US4-05 — signature + anti-replay) > AC-US3-02: 100 concurrent calls with same X-GitHub-Delivery → exactly 1 enqueue, 99 dedup hits
[webhook] hmac_attempt outcome=pass event=push deliveryId=race-uuid

stderr | src/app/api/v1/webhooks/github/__tests__/route.test.ts > POST /api/v1/webhooks/github (AC-US4-01, AC-US4-05 — signature + anti-replay) > AC-US3-02: 100 concurrent calls with same X-GitHub-Delivery → exactly 1 enqueue, 99 dedup hits
[webhook] hmac_attempt outcome=pass event=push deliveryId=race-uuid

stderr | src/app/api/v1/webhooks/github/__tests__/route.test.ts > POST /api/v1/webhooks/github (AC-US4-01, AC-US4-05 — signature + anti-replay) > AC-US3-02: 100 concurrent calls with same X-GitHub-Delivery → exactly 1 enqueue, 99 dedup hits
[webhook] hmac_attempt outcome=pass event=push deliveryId=race-uuid

stderr | src/app/api/v1/webhooks/github/__tests__/route.test.ts > POST /api/v1/webhooks/github (AC-US4-01, AC-US4-05 — signature + anti-replay) > AC-US3-02: 100 concurrent calls with same X-GitHub-Delivery → exactly 1 enqueue, 99 dedup hits
[webhook] hmac_attempt outcome=pass event=push deliveryId=race-uuid

stderr | src/app/api/v1/webhooks/github/__tests__/route.test.ts > POST /api/v1/webhooks/github (AC-US4-01, AC-US4-05 — signature + anti-replay) > AC-US3-02: 100 concurrent calls with same X-GitHub-Delivery → exactly 1 enqueue, 99 dedup hits
[webhook] hmac_attempt outcome=pass event=push deliveryId=race-uuid

stderr | src/app/api/v1/webhooks/github/__tests__/route.test.ts > POST /api/v1/webhooks/github (AC-US4-01, AC-US4-05 — signature + anti-replay) > AC-US3-02: 100 concurrent calls with same X-GitHub-Delivery → exactly 1 enqueue, 99 dedup hits
[webhook] hmac_attempt outcome=pass event=push deliveryId=race-uuid

stderr | src/app/api/v1/webhooks/github/__tests__/route.test.ts > POST /api/v1/webhooks/github (AC-US4-01, AC-US4-05 — signature + anti-replay) > AC-US3-02: 100 concurrent calls with same X-GitHub-Delivery → exactly 1 enqueue, 99 dedup hits
[webhook] hmac_attempt outcome=pass event=push deliveryId=race-uuid

stderr | src/app/api/v1/webhooks/github/__tests__/route.test.ts > POST /api/v1/webhooks/github (AC-US4-01, AC-US4-05 — signature + anti-replay) > AC-US3-02: 100 concurrent calls with same X-GitHub-Delivery → exactly 1 enqueue, 99 dedup hits
[webhook] hmac_attempt outcome=pass event=push deliveryId=race-uuid

stderr | src/app/api/v1/webhooks/github/__tests__/route.test.ts > POST /api/v1/webhooks/github (AC-US4-01, AC-US4-05 — signature + anti-replay) > AC-US3-02: 100 concurrent calls with same X-GitHub-Delivery → exactly 1 enqueue, 99 dedup hits
[webhook] hmac_attempt outcome=pass event=push deliveryId=race-uuid

stderr | src/app/api/v1/webhooks/github/__tests__/route.test.ts > POST /api/v1/webhooks/github (AC-US4-01, AC-US4-05 — signature + anti-replay) > AC-US3-02: 100 concurrent calls with same X-GitHub-Delivery → exactly 1 enqueue, 99 dedup hits
[webhook] hmac_attempt outcome=pass event=push deliveryId=race-uuid

stderr | src/app/api/v1/webhooks/github/__tests__/route.test.ts > POST /api/v1/webhooks/github (AC-US4-01, AC-US4-05 — signature + anti-replay) > AC-US3-02: 100 concurrent calls with same X-GitHub-Delivery → exactly 1 enqueue, 99 dedup hits
[webhook] hmac_attempt outcome=pass event=push deliveryId=race-uuid

stderr | src/app/api/v1/webhooks/github/__tests__/route.test.ts > POST /api/v1/webhooks/github (AC-US4-01, AC-US4-05 — signature + anti-replay) > AC-US3-02: 100 concurrent calls with same X-GitHub-Delivery → exactly 1 enqueue, 99 dedup hits
[webhook] hmac_attempt outcome=pass event=push deliveryId=race-uuid

stderr | src/app/api/v1/webhooks/github/__tests__/route.test.ts > POST /api/v1/webhooks/github (AC-US4-01, AC-US4-05 — signature + anti-replay) > AC-US3-02: 100 concurrent calls with same X-GitHub-Delivery → exactly 1 enqueue, 99 dedup hits
[webhook] hmac_attempt outcome=pass event=push deliveryId=race-uuid

stderr | src/app/api/v1/webhooks/github/__tests__/route.test.ts > POST /api/v1/webhooks/github (AC-US4-01, AC-US4-05 — signature + anti-replay) > AC-US3-02: 100 concurrent calls with same X-GitHub-Delivery → exactly 1 enqueue, 99 dedup hits
[webhook] hmac_attempt outcome=pass event=push deliveryId=race-uuid

stderr | src/app/api/v1/webhooks/github/__tests__/route.test.ts > POST /api/v1/webhooks/github (AC-US4-01, AC-US4-05 — signature + anti-replay) > AC-US3-02: 100 concurrent calls with same X-GitHub-Delivery → exactly 1 enqueue, 99 dedup hits
[webhook] hmac_attempt outcome=pass event=push deliveryId=race-uuid

stderr | src/app/api/v1/webhooks/github/__tests__/route.test.ts > POST /api/v1/webhooks/github (AC-US4-01, AC-US4-05 — signature + anti-replay) > AC-US3-02: 100 concurrent calls with same X-GitHub-Delivery → exactly 1 enqueue, 99 dedup hits
[webhook] hmac_attempt outcome=pass event=push deliveryId=race-uuid

stderr | src/app/api/v1/webhooks/github/__tests__/route.test.ts > POST /api/v1/webhooks/github (AC-US4-01, AC-US4-05 — signature + anti-replay) > AC-US3-02: 100 concurrent calls with same X-GitHub-Delivery → exactly 1 enqueue, 99 dedup hits
[webhook] hmac_attempt outcome=pass event=push deliveryId=race-uuid

stderr | src/app/api/v1/webhooks/github/__tests__/route.test.ts > POST /api/v1/webhooks/github (AC-US4-01, AC-US4-05 — signature + anti-replay) > AC-US3-02: 100 concurrent calls with same X-GitHub-Delivery → exactly 1 enqueue, 99 dedup hits
[webhook] hmac_attempt outcome=pass event=push deliveryId=race-uuid

stderr | src/app/api/v1/webhooks/github/__tests__/route.test.ts > POST /api/v1/webhooks/github (AC-US4-01, AC-US4-05 — signature + anti-replay) > AC-US3-02: 100 concurrent calls with same X-GitHub-Delivery → exactly 1 enqueue, 99 dedup hits
[webhook] hmac_attempt outcome=pass event=push deliveryId=race-uuid

stderr | src/app/api/v1/webhooks/github/__tests__/route.test.ts > POST /api/v1/webhooks/github (AC-US4-01, AC-US4-05 — signature + anti-replay) > AC-US3-02: 100 concurrent calls with same X-GitHub-Delivery → exactly 1 enqueue, 99 dedup hits
[webhook] hmac_attempt outcome=pass event=push deliveryId=race-uuid

stderr | src/app/api/v1/webhooks/github/__tests__/route.test.ts > POST /api/v1/webhooks/github (AC-US4-01, AC-US4-05 — signature + anti-replay) > AC-US3-02: 100 concurrent calls with same X-GitHub-Delivery → exactly 1 enqueue, 99 dedup hits
[webhook] hmac_attempt outcome=pass event=push deliveryId=race-uuid

stderr | src/app/api/v1/webhooks/github/__tests__/route.test.ts > POST /api/v1/webhooks/github (AC-US4-01, AC-US4-05 — signature + anti-replay) > AC-US3-02: 100 concurrent calls with same X-GitHub-Delivery → exactly 1 enqueue, 99 dedup hits
[webhook] hmac_attempt outcome=pass event=push deliveryId=race-uuid

stderr | src/app/api/v1/webhooks/github/__tests__/route.test.ts > POST /api/v1/webhooks/github (AC-US4-01, AC-US4-05 — signature + anti-replay) > AC-US3-02: 100 concurrent calls with same X-GitHub-Delivery → exactly 1 enqueue, 99 dedup hits
[webhook] hmac_attempt outcome=pass event=push deliveryId=race-uuid

stderr | src/app/api/v1/webhooks/github/__tests__/route.test.ts > POST /api/v1/webhooks/github (AC-US4-01, AC-US4-05 — signature + anti-replay) > AC-US3-02: 100 concurrent calls with same X-GitHub-Delivery → exactly 1 enqueue, 99 dedup hits
[webhook] hmac_attempt outcome=pass event=push deliveryId=race-uuid

stderr | src/app/api/v1/webhooks/github/__tests__/route.test.ts > POST /api/v1/webhooks/github (AC-US4-01, AC-US4-05 — signature + anti-replay) > AC-US3-02: 100 concurrent calls with same X-GitHub-Delivery → exactly 1 enqueue, 99 dedup hits
[webhook] hmac_attempt outcome=pass event=push deliveryId=race-uuid

stderr | src/app/api/v1/webhooks/github/__tests__/route.test.ts > POST /api/v1/webhooks/github (AC-US4-01, AC-US4-05 — signature + anti-replay) > AC-US3-02: 100 concurrent calls with same X-GitHub-Delivery → exactly 1 enqueue, 99 dedup hits
[webhook] hmac_attempt outcome=pass event=push deliveryId=race-uuid

stderr | src/app/api/v1/webhooks/github/__tests__/route.test.ts > POST /api/v1/webhooks/github (AC-US4-01, AC-US4-05 — signature + anti-replay) > AC-US3-02: 100 concurrent calls with same X-GitHub-Delivery → exactly 1 enqueue, 99 dedup hits
[webhook] hmac_attempt outcome=pass event=push deliveryId=race-uuid

stderr | src/app/api/v1/webhooks/github/__tests__/route.test.ts > POST /api/v1/webhooks/github (AC-US4-01, AC-US4-05 — signature + anti-replay) > AC-US3-02: 100 concurrent calls with same X-GitHub-Delivery → exactly 1 enqueue, 99 dedup hits
[webhook] hmac_attempt outcome=pass event=push deliveryId=race-uuid

stderr | src/app/api/v1/webhooks/github/__tests__/route.test.ts > POST /api/v1/webhooks/github (AC-US4-01, AC-US4-05 — signature + anti-replay) > AC-US3-02: 100 concurrent calls with same X-GitHub-Delivery → exactly 1 enqueue, 99 dedup hits
[webhook] hmac_attempt outcome=pass event=push deliveryId=race-uuid

stderr | src/app/api/v1/webhooks/github/__tests__/route.test.ts > POST /api/v1/webhooks/github (AC-US4-01, AC-US4-05 — signature + anti-replay) > AC-US3-02: 100 concurrent calls with same X-GitHub-Delivery → exactly 1 enqueue, 99 dedup hits
[webhook] hmac_attempt outcome=pass event=push deliveryId=race-uuid

stderr | src/app/api/v1/webhooks/github/__tests__/route.test.ts > POST /api/v1/webhooks/github (AC-US4-01, AC-US4-05 — signature + anti-replay) > AC-US3-02: 100 concurrent calls with same X-GitHub-Delivery → exactly 1 enqueue, 99 dedup hits
[webhook] hmac_attempt outcome=pass event=push deliveryId=race-uuid

stderr | src/app/api/v1/webhooks/github/__tests__/route.test.ts > POST /api/v1/webhooks/github (AC-US4-01, AC-US4-05 — signature + anti-replay) > AC-US3-02: 100 concurrent calls with same X-GitHub-Delivery → exactly 1 enqueue, 99 dedup hits
[webhook] hmac_attempt outcome=pass event=push deliveryId=race-uuid

stderr | src/app/api/v1/webhooks/github/__tests__/route.test.ts > POST /api/v1/webhooks/github (AC-US4-01, AC-US4-05 — signature + anti-replay) > AC-US3-02: 100 concurrent calls with same X-GitHub-Delivery → exactly 1 enqueue, 99 dedup hits
[webhook] hmac_attempt outcome=pass event=push deliveryId=race-uuid

stderr | src/app/api/v1/webhooks/github/__tests__/route.test.ts > POST /api/v1/webhooks/github (AC-US4-01, AC-US4-05 — signature + anti-replay) > AC-US3-02: 100 concurrent calls with same X-GitHub-Delivery → exactly 1 enqueue, 99 dedup hits
[webhook] hmac_attempt outcome=pass event=push deliveryId=race-uuid

stderr | src/app/api/v1/webhooks/github/__tests__/route.test.ts > POST /api/v1/webhooks/github (AC-US4-01, AC-US4-05 — signature + anti-replay) > AC-US3-02: 100 concurrent calls with same X-GitHub-Delivery → exactly 1 enqueue, 99 dedup hits
[webhook] hmac_attempt outcome=pass event=push deliveryId=race-uuid

stderr | src/app/api/v1/webhooks/github/__tests__/route.test.ts > POST /api/v1/webhooks/github (AC-US4-01, AC-US4-05 — signature + anti-replay) > AC-US3-02: 100 concurrent calls with same X-GitHub-Delivery → exactly 1 enqueue, 99 dedup hits
[webhook] hmac_attempt outcome=pass event=push deliveryId=race-uuid

stderr | src/app/api/v1/webhooks/github/__tests__/route.test.ts > POST /api/v1/webhooks/github (AC-US4-01, AC-US4-05 — signature + anti-replay) > AC-US3-02: 100 concurrent calls with same X-GitHub-Delivery → exactly 1 enqueue, 99 dedup hits
[webhook] hmac_attempt outcome=pass event=push deliveryId=race-uuid

stderr | src/app/api/v1/webhooks/github/__tests__/route.test.ts > POST /api/v1/webhooks/github (AC-US4-01, AC-US4-05 — signature + anti-replay) > AC-US3-02: 100 concurrent calls with same X-GitHub-Delivery → exactly 1 enqueue, 99 dedup hits
[webhook] hmac_attempt outcome=pass event=push deliveryId=race-uuid

stderr | src/app/api/v1/webhooks/github/__tests__/route.test.ts > POST /api/v1/webhooks/github (AC-US4-01, AC-US4-05 — signature + anti-replay) > AC-US3-02: 100 concurrent calls with same X-GitHub-Delivery → exactly 1 enqueue, 99 dedup hits
[webhook] hmac_attempt outcome=pass event=push deliveryId=race-uuid

stderr | src/app/api/v1/webhooks/github/__tests__/route.test.ts > POST /api/v1/webhooks/github (AC-US4-01, AC-US4-05 — signature + anti-replay) > AC-US3-02: 100 concurrent calls with same X-GitHub-Delivery → exactly 1 enqueue, 99 dedup hits
[webhook] hmac_attempt outcome=pass event=push deliveryId=race-uuid

stderr | src/app/api/v1/webhooks/github/__tests__/route.test.ts > POST /api/v1/webhooks/github (AC-US4-01, AC-US4-05 — signature + anti-replay) > AC-US3-02: 100 concurrent calls with same X-GitHub-Delivery → exactly 1 enqueue, 99 dedup hits
[webhook] hmac_attempt outcome=pass event=push deliveryId=race-uuid

stderr | src/app/api/v1/webhooks/github/__tests__/route.test.ts > POST /api/v1/webhooks/github (AC-US4-01, AC-US4-05 — signature + anti-replay) > AC-US3-02: 100 concurrent calls with same X-GitHub-Delivery → exactly 1 enqueue, 99 dedup hits
[webhook] hmac_attempt outcome=pass event=push deliveryId=race-uuid

stderr | src/app/api/v1/webhooks/github/__tests__/route.test.ts > POST /api/v1/webhooks/github (AC-US4-01, AC-US4-05 — signature + anti-replay) > AC-US3-02: 100 concurrent calls with same X-GitHub-Delivery → exactly 1 enqueue, 99 dedup hits
[webhook] hmac_attempt outcome=pass event=push deliveryId=race-uuid

stderr | src/app/api/v1/webhooks/github/__tests__/route.test.ts > POST /api/v1/webhooks/github (AC-US4-01, AC-US4-05 — signature + anti-replay) > AC-US3-02: 100 concurrent calls with same X-GitHub-Delivery → exactly 1 enqueue, 99 dedup hits
[webhook] hmac_attempt outcome=pass event=push deliveryId=race-uuid

stderr | src/app/api/v1/webhooks/github/__tests__/route.test.ts > POST /api/v1/webhooks/github (AC-US4-01, AC-US4-05 — signature + anti-replay) > AC-US3-02: 100 concurrent calls with same X-GitHub-Delivery → exactly 1 enqueue, 99 dedup hits
[webhook] hmac_attempt outcome=pass event=push deliveryId=race-uuid

stderr | src/app/api/v1/webhooks/github/__tests__/route.test.ts > POST /api/v1/webhooks/github (AC-US4-01, AC-US4-05 — signature + anti-replay) > AC-US3-02: 100 concurrent calls with same X-GitHub-Delivery → exactly 1 enqueue, 99 dedup hits
[webhook] hmac_attempt outcome=pass event=push deliveryId=race-uuid

stderr | src/app/api/v1/webhooks/github/__tests__/route.test.ts > POST /api/v1/webhooks/github (AC-US4-01, AC-US4-05 — signature + anti-replay) > AC-US3-02: 100 concurrent calls with same X-GitHub-Delivery → exactly 1 enqueue, 99 dedup hits
[webhook] hmac_attempt outcome=pass event=push deliveryId=race-uuid

stderr | src/app/api/v1/webhooks/github/__tests__/route.test.ts > POST /api/v1/webhooks/github (AC-US4-01, AC-US4-05 — signature + anti-replay) > AC-US3-02: 100 concurrent calls with same X-GitHub-Delivery → exactly 1 enqueue, 99 dedup hits
[webhook] hmac_attempt outcome=pass event=push deliveryId=race-uuid

stderr | src/app/api/v1/webhooks/github/__tests__/route.test.ts > POST /api/v1/webhooks/github (AC-US4-01, AC-US4-05 — signature + anti-replay) > AC-US3-02: 100 concurrent calls with same X-GitHub-Delivery → exactly 1 enqueue, 99 dedup hits
[webhook] hmac_attempt outcome=pass event=push deliveryId=race-uuid

stderr | src/app/api/v1/webhooks/github/__tests__/route.test.ts > POST /api/v1/webhooks/github (AC-US4-01, AC-US4-05 — signature + anti-replay) > AC-US3-02: 100 concurrent calls with same X-GitHub-Delivery → exactly 1 enqueue, 99 dedup hits
[webhook] hmac_attempt outcome=pass event=push deliveryId=race-uuid

stderr | src/app/api/v1/webhooks/github/__tests__/route.test.ts > POST /api/v1/webhooks/github (AC-US4-01, AC-US4-05 — signature + anti-replay) > AC-US3-02: 100 concurrent calls with same X-GitHub-Delivery → exactly 1 enqueue, 99 dedup hits
[webhook] hmac_attempt outcome=pass event=push deliveryId=race-uuid

stderr | src/app/api/v1/webhooks/github/__tests__/route.test.ts > POST /api/v1/webhooks/github (AC-US4-01, AC-US4-05 — signature + anti-replay) > AC-US3-02: 100 concurrent calls with same X-GitHub-Delivery → exactly 1 enqueue, 99 dedup hits
[webhook] hmac_attempt outcome=pass event=push deliveryId=race-uuid

stderr | src/app/api/v1/webhooks/github/__tests__/route.test.ts > POST /api/v1/webhooks/github (AC-US4-01, AC-US4-05 — signature + anti-replay) > AC-US3-02: 100 concurrent calls with same X-GitHub-Delivery → exactly 1 enqueue, 99 dedup hits
[webhook] hmac_attempt outcome=pass event=push deliveryId=race-uuid

stderr | src/app/api/v1/webhooks/github/__tests__/route.test.ts > POST /api/v1/webhooks/github (AC-US4-01, AC-US4-05 — signature + anti-replay) > AC-US3-02: 100 concurrent calls with same X-GitHub-Delivery → exactly 1 enqueue, 99 dedup hits
[webhook] hmac_attempt outcome=pass event=push deliveryId=race-uuid

stderr | src/app/api/v1/webhooks/github/__tests__/route.test.ts > POST /api/v1/webhooks/github (AC-US4-01, AC-US4-05 — signature + anti-replay) > AC-US3-02: 100 concurrent calls with same X-GitHub-Delivery → exactly 1 enqueue, 99 dedup hits
[webhook] hmac_attempt outcome=pass event=push deliveryId=race-uuid

stderr | src/app/api/v1/webhooks/github/__tests__/route.test.ts > POST /api/v1/webhooks/github (AC-US4-01, AC-US4-05 — signature + anti-replay) > AC-US3-02: 100 concurrent calls with same X-GitHub-Delivery → exactly 1 enqueue, 99 dedup hits
[webhook] hmac_attempt outcome=pass event=push deliveryId=race-uuid

stderr | src/app/api/v1/webhooks/github/__tests__/route.test.ts > POST /api/v1/webhooks/github (AC-US4-01, AC-US4-05 — signature + anti-replay) > AC-US3-02: 100 concurrent calls with same X-GitHub-Delivery → exactly 1 enqueue, 99 dedup hits
[webhook] hmac_attempt outcome=pass event=push deliveryId=race-uuid

stderr | src/app/api/v1/webhooks/github/__tests__/route.test.ts > POST /api/v1/webhooks/github (AC-US4-01, AC-US4-05 — signature + anti-replay) > AC-US3-02: 100 concurrent calls with same X-GitHub-Delivery → exactly 1 enqueue, 99 dedup hits
[webhook] hmac_attempt outcome=pass event=push deliveryId=race-uuid

stderr | src/app/api/v1/webhooks/github/__tests__/route.test.ts > POST /api/v1/webhooks/github (AC-US4-01, AC-US4-05 — signature + anti-replay) > AC-US3-02: 100 concurrent calls with same X-GitHub-Delivery → exactly 1 enqueue, 99 dedup hits
[webhook] hmac_attempt outcome=pass event=push deliveryId=race-uuid

stderr | src/app/api/v1/webhooks/github/__tests__/route.test.ts > POST /api/v1/webhooks/github (AC-US4-02, AC-US4-03 — push routing) > enqueues scan-high job for a tracked repo+branch match
[webhook] hmac_attempt outcome=pass event=push deliveryId=delivery-match

stderr | src/app/api/v1/webhooks/github/__tests__/route.test.ts > POST /api/v1/webhooks/github (AC-US4-02, AC-US4-03 — push routing) > returns 204 and does not enqueue for a tracked repo but non-matching branch
[webhook] hmac_attempt outcome=pass event=push deliveryId=delivery-wrong-branch

stderr | src/app/api/v1/webhooks/github/__tests__/route.test.ts > POST /api/v1/webhooks/github (AC-US4-02, AC-US4-03 — push routing) > returns 204 and does not enqueue for an untracked repo
[webhook] hmac_attempt outcome=pass event=push deliveryId=delivery-untracked

stderr | src/app/api/v1/webhooks/github/__tests__/route.test.ts > POST /api/v1/webhooks/github (AC-US4-02, AC-US4-03 — push routing) > ignores non-push events (e.g. ping) with 200 and no enqueue
[webhook] hmac_attempt outcome=pass event=ping deliveryId=delivery-ping

stderr | src/app/api/v1/webhooks/github/__tests__/route.test.ts > POST /api/v1/webhooks/github (0813 US-001 — path-filter) > TC-W01: push touches one skill's path → 1 enqueue + 2 skips
[webhook] hmac_attempt outcome=pass event=push deliveryId=tc-w01

stdout | src/app/api/v1/webhooks/github/__tests__/route.test.ts > POST /api/v1/webhooks/github (0813 US-001 — path-filter) > TC-W01: push touches one skill's path → 1 enqueue + 2 skips
[webhook] path-filter skipped skillId=skill-b skillPath=skills/greet-anton/SKILL.md
[webhook] path-filter skipped skillId=skill-c skillPath=skills/greet-elena/SKILL.md

stderr | src/app/api/v1/webhooks/github/__tests__/route.test.ts > POST /api/v1/webhooks/github (0813 US-001 — path-filter) > TC-W02: push touches NONE of three tracked skill paths → 0 enqueues + 3 skips
[webhook] hmac_attempt outcome=pass event=push deliveryId=tc-w02

stdout | src/app/api/v1/webhooks/github/__tests__/route.test.ts > POST /api/v1/webhooks/github (0813 US-001 — path-filter) > TC-W02: push touches NONE of three tracked skill paths → 0 enqueues + 3 skips
[webhook] path-filter skipped skillId=skill-a skillPath=skills/remotion-best-practices/SKILL.md
[webhook] path-filter skipped skillId=skill-b skillPath=skills/greet-anton/SKILL.md
[webhook] path-filter skipped skillId=skill-c skillPath=skills/greet-elena/SKILL.md

stderr | src/app/api/v1/webhooks/github/__tests__/route.test.ts > POST /api/v1/webhooks/github (0813 US-001 — path-filter) > TC-W03: commits array missing → fall back to enqueue-all
[webhook] hmac_attempt outcome=pass event=push deliveryId=tc-w03

stderr | src/app/api/v1/webhooks/github/__tests__/route.test.ts > POST /api/v1/webhooks/github (0813 US-001 — path-filter) > TC-W04: commits array empty → fall back to enqueue-all (preserve correctness)
[webhook] hmac_attempt outcome=pass event=push deliveryId=tc-w04

stderr | src/app/api/v1/webhooks/github/__tests__/route.test.ts > POST /api/v1/webhooks/github (0813 US-001 — path-filter) > TC-W05: skill with skillPath:null (legacy) → always enqueued regardless of changedPaths
[webhook] hmac_attempt outcome=pass event=push deliveryId=tc-w05

stderr | src/app/api/v1/webhooks/github/__tests__/route.test.ts > POST /api/v1/webhooks/github (0813 US-001 — path-filter) > TC-W06: a touched skill + an untouched skill → 1 enqueue, 1 skip
[webhook] hmac_attempt outcome=pass event=push deliveryId=tc-w06

stdout | src/app/api/v1/webhooks/github/__tests__/route.test.ts > POST /api/v1/webhooks/github (0813 US-001 — path-filter) > TC-W06: a touched skill + an untouched skill → 1 enqueue, 1 skip
[webhook] path-filter skipped skillId=skill-a skillPath=skills/remotion-best-practices/SKILL.md

 ✓ src/app/api/v1/webhooks/github/__tests__/route.test.ts (17 tests) 269ms
 ✓ src/app/trust/__tests__/VerifiedSkillsTab.test.tsx (7 tests) 677ms
 ✓ src/app/components/__tests__/CodeBlock.test.tsx (7 tests) 365ms
 ✓ src/app/components/__tests__/ProjectChangedModal.test.tsx (11 tests) 675ms
 ✓ src/app/admin/blocklist/__tests__/page.test.tsx (8 tests) 686ms
 ✓ src/app/studio/find/[owner]/[repo]/[skill]/__tests__/InstallPanel.feedback.test.tsx (15 tests) 627ms
 ✓ src/app/__tests__/page.test.tsx (8 tests) 732ms
   ✓ HomePage > renders the usefulness promise and routes to catalog discovery  406ms
 ✓ src/__tests__/account-repos.test.tsx (11 tests) 475ms
 ✓ src/app/components/__tests__/LockdownProvider.test.tsx (7 tests) 535ms
stderr | src/app/queue/__tests__/QueuePageClient.highlight.test.tsx > QueuePageClient ?highlight= deep-link (0773) > triggers exactly one filter=all fallback fetch when the highlight id is not in the rendered list (AC-US1-04)
Updating a style property during rerender (border) when a conflicting property is set (borderLeft) can lead to styling bugs. To avoid this, don't mix shorthand and non-shorthand properties for the same value; instead, replace the shorthand with separate values.
Updating a style property during rerender (border) when a conflicting property is set (borderLeft) can lead to styling bugs. To avoid this, don't mix shorthand and non-shorthand properties for the same value; instead, replace the shorthand with separate values.

 ✓ src/remotion/scenes/watch/plugin-marketplace-101/PluginMarketplace.test.tsx (3 tests) 377ms
 ✓ src/app/skills/[owner]/[repo]/[skill]/__tests__/SourceLinkAndBanner.test.tsx (4 tests) 341ms
 ✓ src/app/queue/__tests__/QueuePageClient.highlight.test.tsx (5 tests) 487ms
 ✓ src/app/trust/__tests__/RejectedSkillsTab.test.tsx (10 tests) 437ms
 ✓ src/app/studio/find/[owner]/[repo]/[skill]/__tests__/VersionPicker.test.tsx (14 tests) 549ms
 ✓ src/app/studio/__tests__/page.test.tsx (10 tests) 508ms
 ✓ src/components/billing/__tests__/SeatSelectorModal.test.tsx (8 tests) 390ms
 ✓ src/app/trust/__tests__/TrustCenterPage.test.tsx (6 tests) 513ms
 ✓ src/app/components/learn/__tests__/RelatedVideos.test.tsx (5 tests) 303ms
 ✓ src/app/docs/studio/__tests__/page.test.tsx (4 tests) 307ms
 ✓ src/app/studio/find/[owner]/[repo]/[skill]/__tests__/install-success-focus.test.tsx (3 tests) 271ms
 ✓ src/app/components/learn/__tests__/ComingSoonOverlay.test.tsx (7 tests) 437ms
 ✓ src/app/admin/submissions/[id]/__tests__/tamper-warning.test.tsx (3 tests) 426ms
 ✓ src/app/trust/__tests__/BlockedSkillsTab.retry.test.tsx (6 tests) 513ms
 ✓ src/app/studio/find/components/InstallButton.test.tsx (9 tests) 402ms
stderr | src/app/queue/__tests__/page.test.tsx > QueuePageClient > admin user sees Submit Skills button
Updating a style property during rerender (border) when a conflicting property is set (borderLeft) can lead to styling bugs. To avoid this, don't mix shorthand and non-shorthand properties for the same value; instead, replace the shorthand with separate values.
Updating a style property during rerender (border) when a conflicting property is set (borderLeft) can lead to styling bugs. To avoid this, don't mix shorthand and non-shorthand properties for the same value; instead, replace the shorthand with separate values.

stderr | src/app/queue/__tests__/page.test.tsx > QueuePageClient > non-admin user does NOT see Submit Skills button
Updating a style property during rerender (border) when a conflicting property is set (borderLeft) can lead to styling bugs. To avoid this, don't mix shorthand and non-shorthand properties for the same value; instead, replace the shorthand with separate values.
Updating a style property during rerender (border) when a conflicting property is set (borderLeft) can lead to styling bugs. To avoid this, don't mix shorthand and non-shorthand properties for the same value; instead, replace the shorthand with separate values.

stderr | src/app/queue/__tests__/page.test.tsx > QueuePageClient > renders stat cards
Updating a style property during rerender (border) when a conflicting property is set (borderLeft) can lead to styling bugs. To avoid this, don't mix shorthand and non-shorthand properties for the same value; instead, replace the shorthand with separate values.
Updating a style property during rerender (border) when a conflicting property is set (borderLeft) can lead to styling bugs. To avoid this, don't mix shorthand and non-shorthand properties for the same value; instead, replace the shorthand with separate values.

stderr | src/app/queue/__tests__/page.test.tsx > QueuePageClient > renders search input
Updating a style property during rerender (border) when a conflicting property is set (borderLeft) can lead to styling bugs. To avoid this, don't mix shorthand and non-shorthand properties for the same value; instead, replace the shorthand with separate values.
Updating a style property during rerender (border) when a conflicting property is set (borderLeft) can lead to styling bugs. To avoid this, don't mix shorthand and non-shorthand properties for the same value; instead, replace the shorthand with separate values.

 ✓ src/app/trust/__tests__/ReportsTab.test.tsx (6 tests) 221ms
stderr | src/app/queue/__tests__/page.test.tsx > QueuePageClient > renders status bar
Updating a style property during rerender (border) when a conflicting property is set (borderLeft) can lead to styling bugs. To avoid this, don't mix shorthand and non-shorthand properties for the same value; instead, replace the shorthand with separate values.
Updating a style property during rerender (border) when a conflicting property is set (borderLeft) can lead to styling bugs. To avoid this, don't mix shorthand and non-shorthand properties for the same value; instead, replace the shorthand with separate values.

stderr | src/app/queue/__tests__/page.test.tsx > QueuePageClient > renders shortcuts hint
Updating a style property during rerender (border) when a conflicting property is set (borderLeft) can lead to styling bugs. To avoid this, don't mix shorthand and non-shorthand properties for the same value; instead, replace the shorthand with separate values.
Updating a style property during rerender (border) when a conflicting property is set (borderLeft) can lead to styling bugs. To avoid this, don't mix shorthand and non-shorthand properties for the same value; instead, replace the shorthand with separate values.

 ✓ src/app/components/__tests__/BlockedSkillView.test.tsx (7 tests) 317ms
 ✓ src/app/queue/__tests__/page.test.tsx (8 tests) 341ms
stderr | src/app/components/__tests__/MobileNav.test.tsx
Not implemented: navigation to another Document

 ✓ src/app/components/__tests__/MobileNav.test.tsx (5 tests) 277ms
 ✓ src/components/__tests__/UserMenu.test.tsx (2 tests) 373ms
 ✓ src/app/trust/__tests__/TrustTierDistribution.refresh.test.tsx (7 tests) 164ms
 ✓ src/app/hooks/__tests__/useAdminStatus.test.tsx (4 tests) 237ms
 ✓ src/app/docs/__tests__/docs-sidebar.test.tsx (6 tests) 221ms
 ✓ src/app/admin/queue/__tests__/RecentAlertsPanel.test.tsx (5 tests) 261ms
 ✓ src/app/account/billing/__tests__/BillingClient.test.tsx (5 tests) 190ms
 ✓ src/app/components/shared/__tests__/CopyButton.test.tsx (3 tests) 344ms
 ✓ src/app/skills/[owner]/[repo]/[skill]/versions/compare/__tests__/page.test.tsx (3 tests) 338ms
 ✓ src/app/studio/find/components/ResultCard.test.tsx (10 tests) 359ms
   ✓ ResultCard — AC-US2-01 + AC-US2-07 + AC-US2-08 > renders name, author, description, TrustBadge, PublisherChip, StatsRow, InstallButton  307ms
 ✓ src/app/components/home/__tests__/EvidenceGuide.test.tsx (2 tests) 435ms
   ✓ EvidenceGuide > keeps source, security, and usefulness as separate evidence  399ms
stderr | src/app/api/v1/skills/__tests__/check-updates/route.test.ts > POST /api/v1/skills/check-updates > returns 503 + Retry-After when the DB query times out
POST /api/v1/skills/check-updates error: Error: DB query timed out after 15000ms [skill.findMany]
    at /Users/antonabyzov/Projects/github/specweave-umb/repositories/anton-abyzov/0874-intake-identity/src/app/api/v1/skills/__tests__/check-updates/route.test.ts:513:7
    at file:///Users/antonabyzov/Projects/github/specweave-umb/repositories/anton-abyzov/0874-bulk-request-memory/node_modules/@vitest/runner/dist/chunk-hooks.js:155:11
    at file:///Users/antonabyzov/Projects/github/specweave-umb/repositories/anton-abyzov/0874-bulk-request-memory/node_modules/@vitest/runner/dist/chunk-hooks.js:752:26
    at file:///Users/antonabyzov/Projects/github/specweave-umb/repositories/anton-abyzov/0874-bulk-request-memory/node_modules/@vitest/runner/dist/chunk-hooks.js:1897:20
    at new Promise (<anonymous>)
    at runWithTimeout (file:///Users/antonabyzov/Projects/github/specweave-umb/repositories/anton-abyzov/0874-bulk-request-memory/node_modules/@vitest/runner/dist/chunk-hooks.js:1863:10)
    at runTest (file:///Users/antonabyzov/Projects/github/specweave-umb/repositories/anton-abyzov/0874-bulk-request-memory/node_modules/@vitest/runner/dist/chunk-hooks.js:1574:12)
    at processTicksAndRejections (node:internal/process/task_queues:105:5)
    at runSuite (file:///Users/antonabyzov/Projects/github/specweave-umb/repositories/anton-abyzov/0874-bulk-request-memory/node_modules/@vitest/runner/dist/chunk-hooks.js:1729:8)
    at runSuite (file:///Users/antonabyzov/Projects/github/specweave-umb/repositories/anton-abyzov/0874-bulk-request-memory/node_modules/@vitest/runner/dist/chunk-hooks.js:1729:8)

stderr | src/app/api/v1/skills/__tests__/check-updates/route.test.ts > POST /api/v1/skills/check-updates > returns 503 + Retry-After when the DB circuit is open
POST /api/v1/skills/check-updates error: Error: DB circuit open — skipping skill.findMany
    at /Users/antonabyzov/Projects/github/specweave-umb/repositories/anton-abyzov/0874-intake-identity/src/app/api/v1/skills/__tests__/check-updates/route.test.ts:530:7
    at file:///Users/antonabyzov/Projects/github/specweave-umb/repositories/anton-abyzov/0874-bulk-request-memory/node_modules/@vitest/runner/dist/chunk-hooks.js:155:11
    at file:///Users/antonabyzov/Projects/github/specweave-umb/repositories/anton-abyzov/0874-bulk-request-memory/node_modules/@vitest/runner/dist/chunk-hooks.js:752:26
    at file:///Users/antonabyzov/Projects/github/specweave-umb/repositories/anton-abyzov/0874-bulk-request-memory/node_modules/@vitest/runner/dist/chunk-hooks.js:1897:20
    at new Promise (<anonymous>)
    at runWithTimeout (file:///Users/antonabyzov/Projects/github/specweave-umb/repositories/anton-abyzov/0874-bulk-request-memory/node_modules/@vitest/runner/dist/chunk-hooks.js:1863:10)
    at runTest (file:///Users/antonabyzov/Projects/github/specweave-umb/repositories/anton-abyzov/0874-bulk-request-memory/node_modules/@vitest/runner/dist/chunk-hooks.js:1574:12)
    at processTicksAndRejections (node:internal/process/task_queues:105:5)
    at runSuite (file:///Users/antonabyzov/Projects/github/specweave-umb/repositories/anton-abyzov/0874-bulk-request-memory/node_modules/@vitest/runner/dist/chunk-hooks.js:1729:8)
    at runSuite (file:///Users/antonabyzov/Projects/github/specweave-umb/repositories/anton-abyzov/0874-bulk-request-memory/node_modules/@vitest/runner/dist/chunk-hooks.js:1729:8)

stderr | src/app/api/v1/skills/__tests__/check-updates/route.test.ts > POST /api/v1/skills/check-updates > returns 503 when DATABASE_URL is not configured (deploy/config issue)
POST /api/v1/skills/check-updates error: Error: DATABASE_URL not configured (checked process.env, ...)
    at /Users/antonabyzov/Projects/github/specweave-umb/repositories/anton-abyzov/0874-intake-identity/src/app/api/v1/skills/__tests__/check-updates/route.test.ts:546:7
    at processTicksAndRejections (node:internal/process/task_queues:105:5)
    at file:///Users/antonabyzov/Projects/github/specweave-umb/repositories/anton-abyzov/0874-bulk-request-memory/node_modules/@vitest/runner/dist/chunk-hooks.js:752:20

stderr | src/app/api/v1/skills/__tests__/check-updates/route.test.ts > POST /api/v1/skills/check-updates > still returns 500 for unexpected errors (not transient DB)
POST /api/v1/skills/check-updates error: Error: kaboom — code bug
    at /Users/antonabyzov/Projects/github/specweave-umb/repositories/anton-abyzov/0874-intake-identity/src/app/api/v1/skills/__tests__/check-updates/route.test.ts:559:45
    at file:///Users/antonabyzov/Projects/github/specweave-umb/repositories/anton-abyzov/0874-bulk-request-memory/node_modules/@vitest/runner/dist/chunk-hooks.js:155:11
    at file:///Users/antonabyzov/Projects/github/specweave-umb/repositories/anton-abyzov/0874-bulk-request-memory/node_modules/@vitest/runner/dist/chunk-hooks.js:752:26
    at file:///Users/antonabyzov/Projects/github/specweave-umb/repositories/anton-abyzov/0874-bulk-request-memory/node_modules/@vitest/runner/dist/chunk-hooks.js:1897:20
    at new Promise (<anonymous>)
    at runWithTimeout (file:///Users/antonabyzov/Projects/github/specweave-umb/repositories/anton-abyzov/0874-bulk-request-memory/node_modules/@vitest/runner/dist/chunk-hooks.js:1863:10)
    at runTest (file:///Users/antonabyzov/Projects/github/specweave-umb/repositories/anton-abyzov/0874-bulk-request-memory/node_modules/@vitest/runner/dist/chunk-hooks.js:1574:12)
    at processTicksAndRejections (node:internal/process/task_queues:105:5)
    at runSuite (file:///Users/antonabyzov/Projects/github/specweave-umb/repositories/anton-abyzov/0874-bulk-request-memory/node_modules/@vitest/runner/dist/chunk-hooks.js:1729:8)
    at runSuite (file:///Users/antonabyzov/Projects/github/specweave-umb/repositories/anton-abyzov/0874-bulk-request-memory/node_modules/@vitest/runner/dist/chunk-hooks.js:1729:8)

 ✓ src/app/api/v1/skills/__tests__/check-updates/route.test.ts (23 tests) 243ms
 ✓ src/app/components/__tests__/TabGroup.test.tsx (6 tests) 329ms
 ✓ src/app/components/__tests__/AppSidebar.test.tsx (5 tests) 261ms
 ✓ src/components/billing/__tests__/InvoiceTable.test.tsx (5 tests) 284ms
 ✓ src/app/studio/find/hooks/useStudioSearch.url-and-etag.test.tsx (4 tests) 213ms
 ✓ src/app/skills/[owner]/[repo]/[skill]/versions/__tests__/VersionCard.test.tsx (9 tests) 185ms
 ✓ src/app/watch/__tests__/page.test.tsx (4 tests) 197ms
 ✓ src/app/components/__tests__/PrivateBanner.test.tsx (5 tests) 169ms
stderr | src/app/skills/[owner]/[repo]/[skill]/__tests__/page.external-scans-resilience.test.tsx > SkillDetailPage external scan resilience > renders qmetry when external scan KV lookup fails
[SkillDetailPage] external scans unavailable: EXTERNAL_SCANS_KV unavailable: not in worker or Next.js request context

 ✓ src/app/trust/__tests__/BlockedSkillsTab.test.tsx (4 tests) 131ms
 ✓ src/remotion/scenes/studio/__tests__/UpdateToast.test.tsx (4 tests) 133ms
 ✓ src/app/skills/[owner]/[repo]/[skill]/__tests__/page.external-scans-resilience.test.tsx (1 test) 238ms
 ✓ src/components/billing/__tests__/SeatsWidget.test.tsx (11 tests) 283ms
 ✓ src/app/api/v1/e2e-harness/__tests__/harness.test.ts (15 tests) 172ms
 ✓ src/app/studio/find/components/SubmitDeepLink.test.tsx (4 tests) 176ms
 ✓ src/__tests__/account-tokens.test.tsx (5 tests) 250ms
 ✓ src/app/studio/find/components/TrustBadge.test.tsx (3 tests) 242ms
 ✓ src/app/studio/find/components/PublisherChip.test.tsx (3 tests) 161ms
 ✓ src/components/billing/__tests__/PlanCard.test.tsx (8 tests) 160ms
 ✓ src/app/components/__tests__/PrivateBadge.test.tsx (6 tests) 195ms
 ✓ src/remotion/scenes/studio/__tests__/TestsTabIntro.test.tsx (3 tests) 189ms
 ✓ src/app/studio/components/SubmitNavButton.test.tsx (4 tests) 207ms
 ✓ src/__tests__/account-skills-notifs-danger.test.tsx (9 tests) 241ms
stderr | src/app/api/v1/submissions/__tests__/route.queue-fallback.test.ts > US-002: Queue Send Failure Fallback > single submission — queue send fails > should fall back to inline processSubmission when queue send throws (AC-US2-01)
[POST /submissions] Queue send failed for sub_single_001, falling back to inline processing: Queue unavailable

stderr | src/app/api/v1/submissions/__tests__/route.queue-fallback.test.ts > US-002: Queue Send Failure Fallback > batch submission — queue sendBatch fails > should fall back to inline processing for all chunk items when sendBatch throws (AC-US2-01)
[POST /submissions] sendBatch failed for chunk 0 (2 items), falling back to inline processing: sendBatch unavailable

 ✓ src/app/components/shared/__tests__/VideoPlayer.test.tsx (10 tests) 108ms
 ✓ src/app/api/v1/submissions/__tests__/route.queue-fallback.test.ts (6 tests) 180ms
 ✓ src/remotion/scenes/studio/__tests__/InstallScopePicker.test.tsx (2 tests) 181ms
 ✓ src/remotion/scenes/studio/__tests__/CommandPalette.test.tsx (3 tests) 174ms
 ✓ src/remotion/scenes/watch/security-scan-101/SecurityScan.test.tsx (3 tests) 173ms
 ✓ src/__tests__/account-profile.test.tsx (8 tests) 257ms
 ✓ src/app/queue/__tests__/SubmissionTable.test.tsx (15 tests) 357ms
 ✓ src/app/components/__tests__/DocsLayout.test.tsx (15 tests) 295ms
 ✓ src/app/components/home/__tests__/HeroSearch.test.tsx (13 tests) 421ms
 ✓ src/app/studio/find/hooks/useStudioSearch.test.tsx (7 tests) 188ms
stderr | src/app/api/v1/submissions/bulk/__tests__/route.test.ts > POST /api/v1/submissions/bulk > TC-016: continues batch when createSubmission fails for one entry
[bulk] Failed to create submission: https://github.com/org/repo-2 skill-2 KV write timeout

stderr | src/app/api/v1/submissions/bulk/__tests__/route.test.ts > POST /api/v1/submissions/bulk > TC-017: succeeds even when queue send fails
[bulk] Queue send failed for sub_1: Queue unavailable

stderr | src/app/api/v1/submissions/bulk/__tests__/route.test.ts > POST /api/v1/submissions/bulk > TC-017: succeeds even when queue send fails
[bulk] Queue send failed for sub_2: Queue unavailable

stderr | src/app/api/v1/submissions/bulk/__tests__/route.test.ts > POST /api/v1/submissions/bulk > TC-018: walks skillPathCandidates when primary path 404s, persists resolved path
[bulk] Queue send failed for sub_1: Queue unavailable

stderr | src/app/api/v1/submissions/bulk/__tests__/route.test.ts > POST /api/v1/submissions/bulk > TC-019: skillPathCandidates absent → behavior is identical to today (root SKILL.md fallback)
[bulk] Queue send failed for sub_1: Queue unavailable

stderr | src/app/api/v1/submissions/bulk/__tests__/route.test.ts > POST /api/v1/submissions/bulk > TC-022: walks trailing-strip candidate when primary + leading-strip both 404
[bulk] Queue send failed for sub_1: Queue unavailable

 ✓ src/app/api/v1/admin/rescan-published/__tests__/post-create-persistence.test.ts (6 tests) 216ms
 ✓ src/app/api/v1/submissions/bulk/__tests__/route.test.ts (13 tests) 407ms
   ✓ POST /api/v1/submissions/bulk > TC-010: accepts valid bulk submission (5 repos -> 200 with submitted count)  348ms
 ✓ src/app/components/__tests__/TenantCapBanner.test.tsx (4 tests) 524ms
 ✓ src/app/studio/find/components/LoadMore.test.tsx (3 tests) 711ms
   ✓ LoadMore — AC-US4-03 > renders enabled when more results remain  475ms
 ✓ src/app/studio/find/components/SearchBar.test.tsx (4 tests) 840ms
   ✓ SearchBar — FR-003 WCAG 2.1 AA: no autoFocus on mount > does not auto-focus the search input on initial mount  373ms
 ✓ src/remotion/scenes/studio/__tests__/PublishToGitHub.test.tsx (3 tests) 193ms
 ✓ src/__tests__/account-disconnect-modal.test.tsx (3 tests) 122ms
stderr | src/app/api/v1/auth/login/__tests__/route.test.ts > POST /api/v1/auth/login (T-024) > returns 500 when DB throws
POST /api/v1/auth/login error: Error: DB down
    at /Users/antonabyzov/Projects/github/specweave-umb/repositories/anton-abyzov/0874-intake-identity/src/app/api/v1/auth/login/__tests__/route.test.ts:139:51
    at file:///Users/antonabyzov/Projects/github/specweave-umb/repositories/anton-abyzov/0874-bulk-request-memory/node_modules/@vitest/runner/dist/chunk-hooks.js:155:11
    at file:///Users/antonabyzov/Projects/github/specweave-umb/repositories/anton-abyzov/0874-bulk-request-memory/node_modules/@vitest/runner/dist/chunk-hooks.js:752:26
    at file:///Users/antonabyzov/Projects/github/specweave-umb/repositories/anton-abyzov/0874-bulk-request-memory/node_modules/@vitest/runner/dist/chunk-hooks.js:1897:20
    at new Promise (<anonymous>)
    at runWithTimeout (file:///Users/antonabyzov/Projects/github/specweave-umb/repositories/anton-abyzov/0874-bulk-request-memory/node_modules/@vitest/runner/dist/chunk-hooks.js:1863:10)
    at runTest (file:///Users/antonabyzov/Projects/github/specweave-umb/repositories/anton-abyzov/0874-bulk-request-memory/node_modules/@vitest/runner/dist/chunk-hooks.js:1574:12)
    at runSuite (file:///Users/antonabyzov/Projects/github/specweave-umb/repositories/anton-abyzov/0874-bulk-request-memory/node_modules/@vitest/runner/dist/chunk-hooks.js:1729:8)
    at runSuite (file:///Users/antonabyzov/Projects/github/specweave-umb/repositories/anton-abyzov/0874-bulk-request-memory/node_modules/@vitest/runner/dist/chunk-hooks.js:1729:8)
    at runFiles (file:///Users/antonabyzov/Projects/github/specweave-umb/repositories/anton-abyzov/0874-bulk-request-memory/node_modules/@vitest/runner/dist/chunk-hooks.js:1787:3)

 ✓ src/app/api/v1/auth/login/__tests__/route.test.ts (7 tests) 208ms
 ✓ src/app/components/homepage/__tests__/VideoHero.test.tsx (9 tests) 290ms
 ✓ src/app/components/learn/__tests__/VideoCard.test.tsx (8 tests) 215ms
 ✓ src/app/api/v1/webhooks/scan-results/__tests__/route.test.ts (5 tests) 99ms
 ✓ src/app/skills/[owner]/[repo]/[skill]/__tests__/security-resilience.test.tsx (5 tests) 179ms
 ✓ src/components/billing/__tests__/CheckoutButton.test.tsx (7 tests) 204ms
 ✓ src/app/studio/components/SubmitFindBanner.test.tsx (2 tests) 368ms
   ✓ SubmitFindBanner > renders 'Submit your skill' CTA  312ms
 ✓ src/app/api/v1/admin/scan-model-stats/__tests__/route.test.ts (11 tests) 56ms
stderr | src/app/skills/[owner]/[repo]/[skill]/__tests__/rejected-skill-view.test.tsx > RejectedSkillView > TC-004: renders rejection reason when provided
React does not recognize the `fallbackHref` prop on a DOM element. If you intentionally want it to appear in the DOM as a custom attribute, spell it as lowercase `fallbackhref` instead. If you accidentally passed it from a parent component, remove it from the DOM element.

 ✓ src/app/skills/[owner]/[repo]/[skill]/__tests__/rejected-skill-view.test.tsx (10 tests) 192ms
 ✓ src/app/publishers/[name]/__tests__/PublisherPrivateFooter.test.tsx (4 tests) 53ms
 ✓ src/app/studio/find/[owner]/[repo]/[skill]/__tests__/DetailHeader.test.tsx (11 tests) 82ms
 ✓ src/app/api/v1/skills/[owner]/[repo]/[skill]/versions/__tests__/route.test.ts (14 tests) 86ms
 ✓ src/app/components/learn/__tests__/VideoGrid.test.tsx (8 tests) 205ms
 ✓ src/app/api/v1/billing/checkout/session/__tests__/route.test.ts (29 tests) 165ms
 ✓ src/app/queue/__tests__/KeyboardShortcutOverlay.test.tsx (6 tests) 151ms
stderr | src/app/api/v1/submissions/bulk/__tests__/route.defer.test.ts > bulk route — identity defer (T-002, AC-US1-05) > a non-defer error still propagates (defer is not a catch-all)
POST /api/v1/submissions/bulk error: {
  message: 'boom',
  stack: 'Error: boom\n' +
    '    at /Users/antonabyzov/Projects/github/specweave-umb/repositories/anton-abyzov/0874-intake-identity/src/app/api/v1/submissions/bulk/__tests__/route.defer.test.ts:132:43\n' +
    '    at file:///Users/antonabyzov/Projects/github/specweave-umb/repositories/anton-abyzov/0874-bulk-request-memory/node_modules/@vitest/runner/dist/chunk-hooks.js:155:11\n' +
    '    at file:///Users/antonabyzov/Projects/github/specweave-umb/repositories/anton-abyzov/0874-bulk-request-memory/node_modules/@vitest/runner/dist/chunk-hooks.js:752:26\n' +
    '    at file:///Users/antonabyzov/Projects/github/specweave-umb/repositories/anton-abyzov/0874-bulk-request-memory/node_modules/@vitest/runner/dist/chunk-hooks.js:1897:20\n' +
    '    at new Promise (<anonymous>)\n' +
    '    at runWithTimeout (file:///Users/antonabyzov/Projects/github/specweave-umb/repositories/anton-abyzov/0874-bulk-request-memory/node_modules/@vitest/runner/dist/chunk-hooks.js:1863:10)\n' +
    '    at runTest (file:///Users/antonabyzov/Projects/github/specweave-umb/repositories/anton-abyzov/0874-bulk-request-memory/node_modules/@vitest/runner/dist/chunk-hooks.js:1574:12)\n' +
    '    at processTicksAndRejections (node:internal/process/task_queues:105:5)\n' +
    '    at runSuite (file:///Users/antonabyzov/Projects/github/specweave-umb/repositories/anton-abyzov/0874-bulk-request-memory/node_modules/@vitest/runner/dist/chunk-hooks.js:1729:8)\n' +
    '    at runSuite (file:///Users/antonabyzov/Projects/github/specweave-umb/repositories/anton-abyzov/0874-bulk-request-memory/node_modules/@vitest/runner/dist/chunk-hooks.js:1729:8)'
}

 ✓ src/app/api/v1/submissions/bulk/__tests__/route.defer.test.ts (2 tests) 243ms
stderr | src/app/skills/[owner]/[repo]/[skill]/__tests__/error.test.tsx > SkillError boundary > renders error message and digest
Skill page error boundary caught: Error: DB circuit open
    at /Users/antonabyzov/Projects/github/specweave-umb/repositories/anton-abyzov/0874-intake-identity/src/app/skills/[owner]/[repo]/[skill]/__tests__/error.test.tsx:26:35
    at file:///Users/antonabyzov/Projects/github/specweave-umb/repositories/anton-abyzov/0874-bulk-request-memory/node_modules/@vitest/runner/dist/chunk-hooks.js:734:40
    at runWithSuite (file:///Users/antonabyzov/Projects/github/specweave-umb/repositories/anton-abyzov/0874-bulk-request-memory/node_modules/@vitest/runner/dist/chunk-hooks.js:1849:8)
    at Object.collect (file:///Users/antonabyzov/Projects/github/specweave-umb/repositories/anton-abyzov/0874-bulk-request-memory/node_modules/@vitest/runner/dist/chunk-hooks.js:734:10)
    at Object.collect (file:///Users/antonabyzov/Projects/github/specweave-umb/repositories/anton-abyzov/0874-bulk-request-memory/node_modules/@vitest/runner/dist/chunk-hooks.js:738:54)
    at processTicksAndRejections (node:internal/process/task_queues:105:5)
    at collectTests (file:///Users/antonabyzov/Projects/github/specweave-umb/repositories/anton-abyzov/0874-bulk-request-memory/node_modules/@vitest/runner/dist/chunk-hooks.js:1179:25)
    at startTests (file:///Users/antonabyzov/Projects/github/specweave-umb/repositories/anton-abyzov/0874-bulk-request-memory/node_modules/@vitest/runner/dist/chunk-hooks.js:1817:17)
    at file:///Users/antonabyzov/Projects/github/specweave-umb/repositories/anton-abyzov/0874-bulk-request-memory/node_modules/vitest/dist/chunks/runBaseTests.9Ij9_de-.js:117:26
    at withEnv (file:///Users/antonabyzov/Projects/github/specweave-umb/repositories/anton-abyzov/0874-bulk-request-memory/node_modules/vitest/dist/chunks/runBaseTests.9Ij9_de-.js:84:3) {
  digest: 'abc123'
}

stderr | src/app/skills/[owner]/[repo]/[skill]/__tests__/error.test.tsx > SkillError boundary > calls reset when Retry is clicked
Skill page error boundary caught: Error: DB circuit open
    at /Users/antonabyzov/Projects/github/specweave-umb/repositories/anton-abyzov/0874-intake-identity/src/app/skills/[owner]/[repo]/[skill]/__tests__/error.test.tsx:26:35
    at file:///Users/antonabyzov/Projects/github/specweave-umb/repositories/anton-abyzov/0874-bulk-request-memory/node_modules/@vitest/runner/dist/chunk-hooks.js:734:40
    at runWithSuite (file:///Users/antonabyzov/Projects/github/specweave-umb/repositories/anton-abyzov/0874-bulk-request-memory/node_modules/@vitest/runner/dist/chunk-hooks.js:1849:8)
    at Object.collect (file:///Users/antonabyzov/Projects/github/specweave-umb/repositories/anton-abyzov/0874-bulk-request-memory/node_modules/@vitest/runner/dist/chunk-hooks.js:734:10)
    at Object.collect (file:///Users/antonabyzov/Projects/github/specweave-umb/repositories/anton-abyzov/0874-bulk-request-memory/node_modules/@vitest/runner/dist/chunk-hooks.js:738:54)
    at processTicksAndRejections (node:internal/process/task_queues:105:5)
    at collectTests (file:///Users/antonabyzov/Projects/github/specweave-umb/repositories/anton-abyzov/0874-bulk-request-memory/node_modules/@vitest/runner/dist/chunk-hooks.js:1179:25)
    at startTests (file:///Users/antonabyzov/Projects/github/specweave-umb/repositories/anton-abyzov/0874-bulk-request-memory/node_modules/@vitest/runner/dist/chunk-hooks.js:1817:17)
    at file:///Users/antonabyzov/Projects/github/specweave-umb/repositories/anton-abyzov/0874-bulk-request-memory/node_modules/vitest/dist/chunks/runBaseTests.9Ij9_de-.js:117:26
    at withEnv (file:///Users/antonabyzov/Projects/github/specweave-umb/repositories/anton-abyzov/0874-bulk-request-memory/node_modules/vitest/dist/chunks/runBaseTests.9Ij9_de-.js:84:3) {
  digest: 'abc123'
}

stderr | src/app/skills/[owner]/[repo]/[skill]/__tests__/error.test.tsx > SkillError boundary > links back to skills list when on skill detail page
Skill page error boundary caught: Error: DB circuit open
    at /Users/antonabyzov/Projects/github/specweave-umb/repositories/anton-abyzov/0874-intake-identity/src/app/skills/[owner]/[repo]/[skill]/__tests__/error.test.tsx:26:35
    at file:///Users/antonabyzov/Projects/github/specweave-umb/repositories/anton-abyzov/0874-bulk-request-memory/node_modules/@vitest/runner/dist/chunk-hooks.js:734:40
    at runWithSuite (file:///Users/antonabyzov/Projects/github/specweave-umb/repositories/anton-abyzov/0874-bulk-request-memory/node_modules/@vitest/runner/dist/chunk-hooks.js:1849:8)
    at Object.collect (file:///Users/antonabyzov/Projects/github/specweave-umb/repositories/anton-abyzov/0874-bulk-request-memory/node_modules/@vitest/runner/dist/chunk-hooks.js:734:10)
    at Object.collect (file:///Users/antonabyzov/Projects/github/specweave-umb/repositories/anton-abyzov/0874-bulk-request-memory/node_modules/@vitest/runner/dist/chunk-hooks.js:738:54)
    at processTicksAndRejections (node:internal/process/task_queues:105:5)
    at collectTests (file:///Users/antonabyzov/Projects/github/specweave-umb/repositories/anton-abyzov/0874-bulk-request-memory/node_modules/@vitest/runner/dist/chunk-hooks.js:1179:25)
    at startTests (file:///Users/antonabyzov/Projects/github/specweave-umb/repositories/anton-abyzov/0874-bulk-request-memory/node_modules/@vitest/runner/dist/chunk-hooks.js:1817:17)
    at file:///Users/antonabyzov/Projects/github/specweave-umb/repositories/anton-abyzov/0874-bulk-request-memory/node_modules/vitest/dist/chunks/runBaseTests.9Ij9_de-.js:117:26
    at withEnv (file:///Users/antonabyzov/Projects/github/specweave-umb/repositories/anton-abyzov/0874-bulk-request-memory/node_modules/vitest/dist/chunks/runBaseTests.9Ij9_de-.js:84:3) {
  digest: 'abc123'
}

stderr | src/app/skills/[owner]/[repo]/[skill]/__tests__/error.test.tsx > SkillError boundary > links back to skill when on a sub-page (evals)
Skill page error boundary caught: Error: DB circuit open
    at /Users/antonabyzov/Projects/github/specweave-umb/repositories/anton-abyzov/0874-intake-identity/src/app/skills/[owner]/[repo]/[skill]/__tests__/error.test.tsx:26:35
    at file:///Users/antonabyzov/Projects/github/specweave-umb/repositories/anton-abyzov/0874-bulk-request-memory/node_modules/@vitest/runner/dist/chunk-hooks.js:734:40
    at runWithSuite (file:///Users/antonabyzov/Projects/github/specweave-umb/repositories/anton-abyzov/0874-bulk-request-memory/node_modules/@vitest/runner/dist/chunk-hooks.js:1849:8)
    at Object.collect (file:///Users/antonabyzov/Projects/github/specweave-umb/repositories/anton-abyzov/0874-bulk-request-memory/node_modules/@vitest/runner/dist/chunk-hooks.js:734:10)
    at Object.collect (file:///Users/antonabyzov/Projects/github/specweave-umb/repositories/anton-abyzov/0874-bulk-request-memory/node_modules/@vitest/runner/dist/chunk-hooks.js:738:54)
    at processTicksAndRejections (node:internal/process/task_queues:105:5)
    at collectTests (file:///Users/antonabyzov/Projects/github/specweave-umb/repositories/anton-abyzov/0874-bulk-request-memory/node_modules/@vitest/runner/dist/chunk-hooks.js:1179:25)
    at startTests (file:///Users/antonabyzov/Projects/github/specweave-umb/repositories/anton-abyzov/0874-bulk-request-memory/node_modules/@vitest/runner/dist/chunk-hooks.js:1817:17)
    at file:///Users/antonabyzov/Projects/github/specweave-umb/repositories/anton-abyzov/0874-bulk-request-memory/node_modules/vitest/dist/chunks/runBaseTests.9Ij9_de-.js:117:26
    at withEnv (file:///Users/antonabyzov/Projects/github/specweave-umb/repositories/anton-abyzov/0874-bulk-request-memory/node_modules/vitest/dist/chunks/runBaseTests.9Ij9_de-.js:84:3) {
  digest: 'abc123'
}

 ✓ src/components/billing/__tests__/ManageSubscriptionButton.test.tsx (5 tests) 112ms
stderr | src/app/skills/[owner]/[repo]/[skill]/__tests__/error.test.tsx > SkillError boundary > links back to skill when on a sub-page (security)
Skill page error boundary caught: Error: DB circuit open
    at /Users/antonabyzov/Projects/github/specweave-umb/repositories/anton-abyzov/0874-intake-identity/src/app/skills/[owner]/[repo]/[skill]/__tests__/error.test.tsx:26:35
    at file:///Users/antonabyzov/Projects/github/specweave-umb/repositories/anton-abyzov/0874-bulk-request-memory/node_modules/@vitest/runner/dist/chunk-hooks.js:734:40
    at runWithSuite (file:///Users/antonabyzov/Projects/github/specweave-umb/repositories/anton-abyzov/0874-bulk-request-memory/node_modules/@vitest/runner/dist/chunk-hooks.js:1849:8)
    at Object.collect (file:///Users/antonabyzov/Projects/github/specweave-umb/repositories/anton-abyzov/0874-bulk-request-memory/node_modules/@vitest/runner/dist/chunk-hooks.js:734:10)
    at Object.collect (file:///Users/antonabyzov/Projects/github/specweave-umb/repositories/anton-abyzov/0874-bulk-request-memory/node_modules/@vitest/runner/dist/chunk-hooks.js:738:54)
    at processTicksAndRejections (node:internal/process/task_queues:105:5)
    at collectTests (file:///Users/antonabyzov/Projects/github/specweave-umb/repositories/anton-abyzov/0874-bulk-request-memory/node_modules/@vitest/runner/dist/chunk-hooks.js:1179:25)
    at startTests (file:///Users/antonabyzov/Projects/github/specweave-umb/repositories/anton-abyzov/0874-bulk-request-memory/node_modules/@vitest/runner/dist/chunk-hooks.js:1817:17)
    at file:///Users/antonabyzov/Projects/github/specweave-umb/repositories/anton-abyzov/0874-bulk-request-memory/node_modules/vitest/dist/chunks/runBaseTests.9Ij9_de-.js:117:26
    at withEnv (file:///Users/antonabyzov/Projects/github/specweave-umb/repositories/anton-abyzov/0874-bulk-request-memory/node_modules/vitest/dist/chunks/runBaseTests.9Ij9_de-.js:84:3) {
  digest: 'abc123'
}

stderr | src/app/skills/[owner]/[repo]/[skill]/__tests__/error.test.tsx > SkillError boundary > links back to skill when on a nested sub-page (security/provider)
Skill page error boundary caught: Error: DB circuit open
    at /Users/antonabyzov/Projects/github/specweave-umb/repositories/anton-abyzov/0874-intake-identity/src/app/skills/[owner]/[repo]/[skill]/__tests__/error.test.tsx:26:35
    at file:///Users/antonabyzov/Projects/github/specweave-umb/repositories/anton-abyzov/0874-bulk-request-memory/node_modules/@vitest/runner/dist/chunk-hooks.js:734:40
    at runWithSuite (file:///Users/antonabyzov/Projects/github/specweave-umb/repositories/anton-abyzov/0874-bulk-request-memory/node_modules/@vitest/runner/dist/chunk-hooks.js:1849:8)
    at Object.collect (file:///Users/antonabyzov/Projects/github/specweave-umb/repositories/anton-abyzov/0874-bulk-request-memory/node_modules/@vitest/runner/dist/chunk-hooks.js:734:10)
    at Object.collect (file:///Users/antonabyzov/Projects/github/specweave-umb/repositories/anton-abyzov/0874-bulk-request-memory/node_modules/@vitest/runner/dist/chunk-hooks.js:738:54)
    at processTicksAndRejections (node:internal/process/task_queues:105:5)
    at collectTests (file:///Users/antonabyzov/Projects/github/specweave-umb/repositories/anton-abyzov/0874-bulk-request-memory/node_modules/@vitest/runner/dist/chunk-hooks.js:1179:25)
    at startTests (file:///Users/antonabyzov/Projects/github/specweave-umb/repositories/anton-abyzov/0874-bulk-request-memory/node_modules/@vitest/runner/dist/chunk-hooks.js:1817:17)
    at file:///Users/antonabyzov/Projects/github/specweave-umb/repositories/anton-abyzov/0874-bulk-request-memory/node_modules/vitest/dist/chunks/runBaseTests.9Ij9_de-.js:117:26
    at withEnv (file:///Users/antonabyzov/Projects/github/specweave-umb/repositories/anton-abyzov/0874-bulk-request-memory/node_modules/vitest/dist/chunks/runBaseTests.9Ij9_de-.js:84:3) {
  digest: 'abc123'
}

stderr | src/app/skills/[owner]/[repo]/[skill]/__tests__/error.test.tsx > SkillError boundary > renders without digest when not provided
Skill page error boundary caught: Error: fail
    at /Users/antonabyzov/Projects/github/specweave-umb/repositories/anton-abyzov/0874-intake-identity/src/app/skills/[owner]/[repo]/[skill]/__tests__/error.test.tsx:72:38
    at file:///Users/antonabyzov/Projects/github/specweave-umb/repositories/anton-abyzov/0874-bulk-request-memory/node_modules/@vitest/runner/dist/chunk-hooks.js:155:11
    at file:///Users/antonabyzov/Projects/github/specweave-umb/repositories/anton-abyzov/0874-bulk-request-memory/node_modules/@vitest/runner/dist/chunk-hooks.js:752:26
    at file:///Users/antonabyzov/Projects/github/specweave-umb/repositories/anton-abyzov/0874-bulk-request-memory/node_modules/@vitest/runner/dist/chunk-hooks.js:1897:20
    at new Promise (<anonymous>)
    at runWithTimeout (file:///Users/antonabyzov/Projects/github/specweave-umb/repositories/anton-abyzov/0874-bulk-request-memory/node_modules/@vitest/runner/dist/chunk-hooks.js:1863:10)
    at runTest (file:///Users/antonabyzov/Projects/github/specweave-umb/repositories/anton-abyzov/0874-bulk-request-memory/node_modules/@vitest/runner/dist/chunk-hooks.js:1574:12)
    at processTicksAndRejections (node:internal/process/task_queues:105:5)
    at runSuite (file:///Users/antonabyzov/Projects/github/specweave-umb/repositories/anton-abyzov/0874-bulk-request-memory/node_modules/@vitest/runner/dist/chunk-hooks.js:1729:8)
    at runSuite (file:///Users/antonabyzov/Projects/github/specweave-umb/repositories/anton-abyzov/0874-bulk-request-memory/node_modules/@vitest/runner/dist/chunk-hooks.js:1729:8) {
  digest: undefined
}

 ✓ src/app/skills/[owner]/[repo]/[skill]/__tests__/error.test.tsx (7 tests) 139ms
 ✓ src/app/studio/find/hooks/useStudioSearch.drift.test.tsx (2 tests) 106ms
 ✓ src/app/components/learn/__tests__/keyboard-nav.test.tsx (7 tests) 183ms
stderr | src/app/api/v1/admin/rescan-published/__tests__/in-flight-dedup.test.ts > rescan-published — in-flight dedup × orphan disambiguation (0685) > mixed batch: in-flight skipped, orphan counted, one eligible skill rescans
[rescan-published] 1 skill(s) have no linked submission; skipping rescan for them: [ 'skill-1' ]

 ✓ src/app/api/v1/admin/rescan-published/__tests__/in-flight-dedup.test.ts (11 tests) 192ms
 ✓ src/app/api/v1/submissions/bulk/__tests__/registry-alias.test.ts (4 tests) 243ms
 ✓ src/app/components/home/__tests__/TrendingSkills.test.tsx (3 tests) 132ms
 ✓ src/app/api/v1/admin/scan-external/__tests__/route.test.ts (8 tests) 101ms
 ✓ src/app/api/v1/skills/installs/__tests__/route.test.ts (7 tests) 100ms
 ✓ src/app/studio/find/components/ThreatBanner.test.tsx (2 tests) 205ms
 ✓ src/__tests__/mdx-components.test.tsx (10 tests) 69ms
stderr | src/app/api/v1/admin/rescan-published/__tests__/route.integration.test.ts > rescan-published — real-shape integration (mocked DB) > 5 Skills with linked terminal Submissions + 2 orphan Skills → rescanned:5, orphanedSkipped:2
[rescan-published] 2 skill(s) have no linked submission; skipping rescan for them: [ 'skill-5', 'skill-6' ]

 ✓ src/app/api/v1/admin/rescan-published/__tests__/route.integration.test.ts (5 tests | 1 skipped) 111ms
 ✓ src/app/submit/[id]/__tests__/RejectionReasonCard.test.tsx (6 tests) 83ms
stderr | src/app/api/v1/admin/rescan-published/__tests__/route.contract.test.ts > POST /api/v1/admin/rescan-published — response contract (0685) > all-orphan batch returns rescanned:0, orphanedSkipped:N, no queue messages
[rescan-published] 3 skill(s) have no linked submission; skipping rescan for them: [ 'skill-0', 'skill-1', 'skill-2' ]

 ✓ src/app/api/v1/admin/rescan-published/__tests__/route.contract.test.ts (15 tests) 171ms
 ✓ src/app/api/v1/auth/sign-out-all/__tests__/route.test.ts (6 tests) 120ms
stderr | src/app/api/v1/tenants/[tenantId]/members/invite/__tests__/route.test.ts > POST /api/v1/tenants/[tenantId]/members/invite — idempotency + edge cases > rethrows P2002 on an unrelated constraint instead of misreporting 409
[members/invite] unexpected P2002 unique violation {
  tenantId: 'tenant_1',
  target: 'email',
  attemptedUserId: 'user_alice'
}

 ✓ src/app/api/v1/tenants/[tenantId]/members/invite/__tests__/route.test.ts (17 tests) 144ms
stderr | src/app/api/v1/admin/rescan-published/__tests__/route.test.ts > POST /api/v1/admin/rescan-published > skips skills with no linked submission (orphans) and counts them
[rescan-published] 1 skill(s) have no linked submission; skipping rescan for them: [ 'skill-1' ]

 ✓ src/app/api/v1/admin/rescan-published/__tests__/route.test.ts (14 tests) 158ms
stdout | src/app/api/v1/admin/skills/[owner]/[repo]/[skill]/reset-version/__tests__/route.test.ts > POST reset-version — happy path > deletes the listed ghost SkillVersion rows, deletes paired UpdateEvents, resets currentVersion + lastSeenSha
[admin] Skill "anton-abyzov/hi-anton/hi-anton" reset by system:internal-key: {"targetVersion":"1.0.0","lastSeenSha":"490c9128011c979c80daed244db87e94e1f70643","deleteVersions":["1.0.1"],"counts":{"skillVersions":1,"updateEvents":2}}

 ✓ src/app/api/v1/admin/skills/[owner]/[repo]/[skill]/reset-version/__tests__/route.test.ts (5 tests) 11ms
stderr | src/app/api/v1/admin/submissions/[id]/__tests__/route.blocklist.test.ts > PATCH /api/v1/admin/submissions/:id/reject — blocklist opt-in > reject with addToBlocklist creates blocklist entry
[synthetic-scan-result] write failed for sub-1: Error: SUBMISSIONS_KV unavailable: not in worker or Next.js request context
    at getKV (/Users/antonabyzov/Projects/github/specweave-umb/repositories/anton-abyzov/0874-intake-identity/src/lib/submission/kv-store.ts:42:11)
    at processTicksAndRejections (node:internal/process/task_queues:105:5)
    at storeScanResult (/Users/antonabyzov/Projects/github/specweave-umb/repositories/anton-abyzov/0874-intake-identity/src/lib/submission/kv-store.ts:286:14)
    at writeSyntheticScanResult (/Users/antonabyzov/Projects/github/specweave-umb/repositories/anton-abyzov/0874-intake-identity/src/lib/submission/synthetic-scan-result.ts:130:5)
    at Module.PATCH (/Users/antonabyzov/Projects/github/specweave-umb/repositories/anton-abyzov/0874-intake-identity/src/app/api/v1/admin/submissions/[id]/reject/route.ts:87:7)
    at /Users/antonabyzov/Projects/github/specweave-umb/repositories/anton-abyzov/0874-intake-identity/src/app/api/v1/admin/submissions/[id]/__tests__/route.blocklist.test.ts:72:17
    at file:///Users/antonabyzov/Projects/github/specweave-umb/repositories/anton-abyzov/0874-bulk-request-memory/node_modules/@vitest/runner/dist/chunk-hooks.js:752:20

stderr | src/app/api/v1/admin/submissions/[id]/__tests__/route.blocklist.test.ts > PATCH /api/v1/admin/submissions/:id/reject — blocklist opt-in > reject without addToBlocklist does NOT create blocklist entry
[synthetic-scan-result] write failed for sub-1: Error: SUBMISSIONS_KV unavailable: not in worker or Next.js request context
    at getKV (/Users/antonabyzov/Projects/github/specweave-umb/repositories/anton-abyzov/0874-intake-identity/src/lib/submission/kv-store.ts:42:11)
    at processTicksAndRejections (node:internal/process/task_queues:105:5)
    at storeScanResult (/Users/antonabyzov/Projects/github/specweave-umb/repositories/anton-abyzov/0874-intake-identity/src/lib/submission/kv-store.ts:286:14)
    at writeSyntheticScanResult (/Users/antonabyzov/Projects/github/specweave-umb/repositories/anton-abyzov/0874-intake-identity/src/lib/submission/synthetic-scan-result.ts:130:5)
    at Module.PATCH (/Users/antonabyzov/Projects/github/specweave-umb/repositories/anton-abyzov/0874-intake-identity/src/app/api/v1/admin/submissions/[id]/reject/route.ts:87:7)
    at /Users/antonabyzov/Projects/github/specweave-umb/repositories/anton-abyzov/0874-intake-identity/src/app/api/v1/admin/submissions/[id]/__tests__/route.blocklist.test.ts:93:17
    at file:///Users/antonabyzov/Projects/github/specweave-umb/repositories/anton-abyzov/0874-bulk-request-memory/node_modules/@vitest/runner/dist/chunk-hooks.js:752:20

stderr | src/app/api/v1/admin/submissions/[id]/__tests__/route.blocklist.test.ts > PATCH /api/v1/admin/submissions/:id/reject — blocklist opt-in > reject succeeds even if blocklist upsert throws
[synthetic-scan-result] write failed for sub-1: Error: SUBMISSIONS_KV unavailable: not in worker or Next.js request context
    at getKV (/Users/antonabyzov/Projects/github/specweave-umb/repositories/anton-abyzov/0874-intake-identity/src/lib/submission/kv-store.ts:42:11)
    at processTicksAndRejections (node:internal/process/task_queues:105:5)
    at storeScanResult (/Users/antonabyzov/Projects/github/specweave-umb/repositories/anton-abyzov/0874-intake-identity/src/lib/submission/kv-store.ts:286:14)
    at writeSyntheticScanResult (/Users/antonabyzov/Projects/github/specweave-umb/repositories/anton-abyzov/0874-intake-identity/src/lib/submission/synthetic-scan-result.ts:130:5)
    at Module.PATCH (/Users/antonabyzov/Projects/github/specweave-umb/repositories/anton-abyzov/0874-intake-identity/src/app/api/v1/admin/submissions/[id]/reject/route.ts:87:7)
    at /Users/antonabyzov/Projects/github/specweave-umb/repositories/anton-abyzov/0874-intake-identity/src/app/api/v1/admin/submissions/[id]/__tests__/route.blocklist.test.ts:111:17
    at file:///Users/antonabyzov/Projects/github/specweave-umb/repositories/anton-abyzov/0874-bulk-request-memory/node_modules/@vitest/runner/dist/chunk-hooks.js:752:20

stderr | src/app/api/v1/admin/submissions/[id]/__tests__/route.blocklist.test.ts > PATCH /api/v1/admin/submissions/:id/reject — blocklist opt-in > reject succeeds even if blocklist upsert throws
Blocklist upsert failed during admin reject: Error: DB error
    at /Users/antonabyzov/Projects/github/specweave-umb/repositories/anton-abyzov/0874-intake-identity/src/app/api/v1/admin/submissions/[id]/__tests__/route.blocklist.test.ts:102:48
    at file:///Users/antonabyzov/Projects/github/specweave-umb/repositories/anton-abyzov/0874-bulk-request-memory/node_modules/@vitest/runner/dist/chunk-hooks.js:155:11
    at file:///Users/antonabyzov/Projects/github/specweave-umb/repositories/anton-abyzov/0874-bulk-request-memory/node_modules/@vitest/runner/dist/chunk-hooks.js:752:26
    at file:///Users/antonabyzov/Projects/github/specweave-umb/repositories/anton-abyzov/0874-bulk-request-memory/node_modules/@vitest/runner/dist/chunk-hooks.js:1897:20
    at new Promise (<anonymous>)
    at runWithTimeout (file:///Users/antonabyzov/Projects/github/specweave-umb/repositories/anton-abyzov/0874-bulk-request-memory/node_modules/@vitest/runner/dist/chunk-hooks.js:1863:10)
    at runTest (file:///Users/antonabyzov/Projects/github/specweave-umb/repositories/anton-abyzov/0874-bulk-request-memory/node_modules/@vitest/runner/dist/chunk-hooks.js:1574:12)
    at processTicksAndRejections (node:internal/process/task_queues:105:5)
    at runSuite (file:///Users/antonabyzov/Projects/github/specweave-umb/repositories/anton-abyzov/0874-bulk-request-memory/node_modules/@vitest/runner/dist/chunk-hooks.js:1729:8)
    at runSuite (file:///Users/antonabyzov/Projects/github/specweave-umb/repositories/anton-abyzov/0874-bulk-request-memory/node_modules/@vitest/runner/dist/chunk-hooks.js:1729:8)

stderr | src/app/api/v1/admin/submissions/[id]/__tests__/route.blocklist.test.ts > PATCH /api/v1/admin/submissions/:id/reject — blocklist opt-in > reject with addToBlocklist uses rejection reason as blocklist reason
[synthetic-scan-result] write failed for sub-1: Error: SUBMISSIONS_KV unavailable: not in worker or Next.js request context
    at getKV (/Users/antonabyzov/Projects/github/specweave-umb/repositories/anton-abyzov/0874-intake-identity/src/lib/submission/kv-store.ts:42:11)
    at processTicksAndRejections (node:internal/process/task_queues:105:5)
    at storeScanResult (/Users/antonabyzov/Projects/github/specweave-umb/repositories/anton-abyzov/0874-intake-identity/src/lib/submission/kv-store.ts:286:14)
    at writeSyntheticScanResult (/Users/antonabyzov/Projects/github/specweave-umb/repositories/anton-abyzov/0874-intake-identity/src/lib/submission/synthetic-scan-result.ts:130:5)
    at Module.PATCH (/Users/antonabyzov/Projects/github/specweave-umb/repositories/anton-abyzov/0874-intake-identity/src/app/api/v1/admin/submissions/[id]/reject/route.ts:87:7)
    at /Users/antonabyzov/Projects/github/specweave-umb/repositories/anton-abyzov/0874-intake-identity/src/app/api/v1/admin/submissions/[id]/__tests__/route.blocklist.test.ts:139:5
    at file:///Users/antonabyzov/Projects/github/specweave-umb/repositories/anton-abyzov/0874-bulk-request-memory/node_modules/@vitest/runner/dist/chunk-hooks.js:752:20

 ✓ src/app/api/v1/admin/submissions/[id]/__tests__/route.blocklist.test.ts (5 tests) 275ms
 ✓ src/app/api/v1/admin/blocklist/[id]/unblock/__tests__/route.test.ts (4 tests) 363ms
   ✓ POST /api/v1/admin/blocklist/[id]/unblock > soft-deletes an active blocklist entry  350ms
 ✓ src/app/api/v1/skills/search/__tests__/route-publisher-degrade.test.ts (3 tests) 70ms
 ✓ src/app/api/v1/studio/workspace-info/route.test.ts (10 tests) 204ms
 ✓ src/app/components/home/__tests__/HeroSearchInput.test.tsx (6 tests) 250ms
 ✓ src/app/api/v1/admin/blocklist/[id]/unblock/__tests__/cert-tier-derivation.test.ts (6 tests) 45ms
 ✓ src/app/api/v1/skills/[owner]/[repo]/[skill]/eval/history/__tests__/route.tenant-isolation.test.ts (3 tests) 136ms
 ✓ src/app/api/v1/skills/lookup-by-name/__tests__/route.test.ts (9 tests) 131ms
 ✓ src/app/api/v1/auth/refresh/__tests__/route.test.ts (5 tests) 39ms
 ✓ src/app/api/v1/admin/discovery/stats/__tests__/route.test.ts (6 tests) 102ms
 ✓ src/app/api/v1/submissions/__tests__/route.repo-check.test.ts (5 tests) 136ms
stderr | src/app/api/v1/admin/submissions/[id]/approve/__tests__/route.test.ts > PATCH /api/v1/admin/submissions/:id/approve (T-024) > rolls back and returns 500 when publishSkill throws
[admin/approve] publishSkill failed, rolling back state: Error: publish failed
    at /Users/antonabyzov/Projects/github/specweave-umb/repositories/anton-abyzov/0874-intake-identity/src/app/api/v1/admin/submissions/[id]/approve/__tests__/route.test.ts:210:40
    at file:///Users/antonabyzov/Projects/github/specweave-umb/repositories/anton-abyzov/0874-bulk-request-memory/node_modules/@vitest/runner/dist/chunk-hooks.js:155:11
    at file:///Users/antonabyzov/Projects/github/specweave-umb/repositories/anton-abyzov/0874-bulk-request-memory/node_modules/@vitest/runner/dist/chunk-hooks.js:752:26
    at file:///Users/antonabyzov/Projects/github/specweave-umb/repositories/anton-abyzov/0874-bulk-request-memory/node_modules/@vitest/runner/dist/chunk-hooks.js:1897:20
    at new Promise (<anonymous>)
    at runWithTimeout (file:///Users/antonabyzov/Projects/github/specweave-umb/repositories/anton-abyzov/0874-bulk-request-memory/node_modules/@vitest/runner/dist/chunk-hooks.js:1863:10)
    at runTest (file:///Users/antonabyzov/Projects/github/specweave-umb/repositories/anton-abyzov/0874-bulk-request-memory/node_modules/@vitest/runner/dist/chunk-hooks.js:1574:12)
    at processTicksAndRejections (node:internal/process/task_queues:105:5)
    at runSuite (file:///Users/antonabyzov/Projects/github/specweave-umb/repositories/anton-abyzov/0874-bulk-request-memory/node_modules/@vitest/runner/dist/chunk-hooks.js:1729:8)
    at runSuite (file:///Users/antonabyzov/Projects/github/specweave-umb/repositories/anton-abyzov/0874-bulk-request-memory/node_modules/@vitest/runner/dist/chunk-hooks.js:1729:8)

 ✓ src/app/api/v1/admin/submissions/[id]/approve/__tests__/route.test.ts (8 tests) 273ms
 ✓ src/app/studio/components/__tests__/FindNavButton.test.tsx (8 tests) 238ms
 ✓ src/app/api/v1/blocklist/__tests__/blocklist-e2e.test.ts (15 tests) 277ms
stderr | src/app/api/v1/auth/github/callback/__tests__/route.test.ts > GET /api/v1/auth/github/callback (T-025) > step variable in error HTML is never user-controlled (XSS safety)
OAuth callback failed at step=exchange_token: token exchange failed Error: token exchange failed
    at /Users/antonabyzov/Projects/github/specweave-umb/repositories/anton-abyzov/0874-intake-identity/src/app/api/v1/auth/github/callback/__tests__/route.test.ts:192:48
    at file:///Users/antonabyzov/Projects/github/specweave-umb/repositories/anton-abyzov/0874-bulk-request-memory/node_modules/@vitest/runner/dist/chunk-hooks.js:155:11
    at file:///Users/antonabyzov/Projects/github/specweave-umb/repositories/anton-abyzov/0874-bulk-request-memory/node_modules/@vitest/runner/dist/chunk-hooks.js:752:26
    at file:///Users/antonabyzov/Projects/github/specweave-umb/repositories/anton-abyzov/0874-bulk-request-memory/node_modules/@vitest/runner/dist/chunk-hooks.js:1897:20
    at new Promise (<anonymous>)
    at runWithTimeout (file:///Users/antonabyzov/Projects/github/specweave-umb/repositories/anton-abyzov/0874-bulk-request-memory/node_modules/@vitest/runner/dist/chunk-hooks.js:1863:10)
    at runTest (file:///Users/antonabyzov/Projects/github/specweave-umb/repositories/anton-abyzov/0874-bulk-request-memory/node_modules/@vitest/runner/dist/chunk-hooks.js:1574:12)
    at processTicksAndRejections (node:internal/process/task_queues:105:5)
    at runSuite (file:///Users/antonabyzov/Projects/github/specweave-umb/repositories/anton-abyzov/0874-bulk-request-memory/node_modules/@vitest/runner/dist/chunk-hooks.js:1729:8)
    at runSuite (file:///Users/antonabyzov/Projects/github/specweave-umb/repositories/anton-abyzov/0874-bulk-request-memory/node_modules/@vitest/runner/dist/chunk-hooks.js:1729:8)

 ✓ src/app/api/v1/auth/github/callback/__tests__/route.test.ts (9 tests) 177ms
 ✓ src/app/api/v1/admin/submissions/[id]/__tests__/route.test.ts (5 tests) 43ms
 ✓ src/app/api/v1/problem-reports/mine/__tests__/route.test.ts (6 tests) 321ms
 ✓ src/app/api/v1/admin/submissions/__tests__/route.test.ts (9 tests) 345ms
 ✓ src/app/skills/[owner]/[repo]/[skill]/__tests__/evals-resilience.test.tsx (4 tests) 66ms
 ✓ src/app/api/v1/skills/check-updates/__tests__/route.tenant-isolation.test.ts (2 tests) 131ms
 ✓ src/app/api/v1/skills/[owner]/[repo]/[skill]/versions/compare/__tests__/route.test.ts (11 tests) 438ms
   ✓ GET /versions/compare — GitHub path (T-008) > AC-US3-01 + AC-US3-04: returns source='github' with files + githubCompareUrl when both gitSha valid  332ms
stderr | src/app/api/v1/skills/search/__tests__/route.test.ts > GET /api/v1/skills/search > falls back to Postgres when edge throws
search_edge_failed: { err: 'KV down' }

stderr | src/app/api/v1/skills/search/__tests__/route.test.ts > GET /api/v1/skills/search > returns edge results even if Postgres backfill fails
search_pg_failed_edge_fallback: { err: 'DB down', edgeRows: 1 }

stderr | src/app/api/v1/skills/search/__tests__/route.test.ts > GET /api/v1/skills/search > does not retry Postgres on transient failure (single attempt)
GET /api/v1/skills/search error: Error: transient
    at /Users/antonabyzov/Projects/github/specweave-umb/repositories/anton-abyzov/0874-intake-identity/src/app/api/v1/skills/search/__tests__/route.test.ts:396:40
    at file:///Users/antonabyzov/Projects/github/specweave-umb/repositories/anton-abyzov/0874-bulk-request-memory/node_modules/@vitest/runner/dist/chunk-hooks.js:155:11
    at file:///Users/antonabyzov/Projects/github/specweave-umb/repositories/anton-abyzov/0874-bulk-request-memory/node_modules/@vitest/runner/dist/chunk-hooks.js:752:26
    at file:///Users/antonabyzov/Projects/github/specweave-umb/repositories/anton-abyzov/0874-bulk-request-memory/node_modules/@vitest/runner/dist/chunk-hooks.js:1897:20
    at new Promise (<anonymous>)
    at runWithTimeout (file:///Users/antonabyzov/Projects/github/specweave-umb/repositories/anton-abyzov/0874-bulk-request-memory/node_modules/@vitest/runner/dist/chunk-hooks.js:1863:10)
    at runTest (file:///Users/antonabyzov/Projects/github/specweave-umb/repositories/anton-abyzov/0874-bulk-request-memory/node_modules/@vitest/runner/dist/chunk-hooks.js:1574:12)
    at runSuite (file:///Users/antonabyzov/Projects/github/specweave-umb/repositories/anton-abyzov/0874-bulk-request-memory/node_modules/@vitest/runner/dist/chunk-hooks.js:1729:8)
    at runSuite (file:///Users/antonabyzov/Projects/github/specweave-umb/repositories/anton-abyzov/0874-bulk-request-memory/node_modules/@vitest/runner/dist/chunk-hooks.js:1729:8)
    at runFiles (file:///Users/antonabyzov/Projects/github/specweave-umb/repositories/anton-abyzov/0874-bulk-request-memory/node_modules/@vitest/runner/dist/chunk-hooks.js:1787:3)

stderr | src/app/api/v1/skills/search/__tests__/route.test.ts > GET /api/v1/skills/search > returns 500 on internal error
search_edge_failed: { err: 'KV down' }

stderr | src/app/api/v1/skills/search/__tests__/route.test.ts > GET /api/v1/skills/search > returns 500 on internal error
GET /api/v1/skills/search error: Error: DB down
    at /Users/antonabyzov/Projects/github/specweave-umb/repositories/anton-abyzov/0874-intake-identity/src/app/api/v1/skills/search/__tests__/route.test.ts:742:40
    at file:///Users/antonabyzov/Projects/github/specweave-umb/repositories/anton-abyzov/0874-bulk-request-memory/node_modules/@vitest/runner/dist/chunk-hooks.js:155:11
    at file:///Users/antonabyzov/Projects/github/specweave-umb/repositories/anton-abyzov/0874-bulk-request-memory/node_modules/@vitest/runner/dist/chunk-hooks.js:752:26
    at file:///Users/antonabyzov/Projects/github/specweave-umb/repositories/anton-abyzov/0874-bulk-request-memory/node_modules/@vitest/runner/dist/chunk-hooks.js:1897:20
    at new Promise (<anonymous>)
    at runWithTimeout (file:///Users/antonabyzov/Projects/github/specweave-umb/repositories/anton-abyzov/0874-bulk-request-memory/node_modules/@vitest/runner/dist/chunk-hooks.js:1863:10)
    at runTest (file:///Users/antonabyzov/Projects/github/specweave-umb/repositories/anton-abyzov/0874-bulk-request-memory/node_modules/@vitest/runner/dist/chunk-hooks.js:1574:12)
    at runSuite (file:///Users/antonabyzov/Projects/github/specweave-umb/repositories/anton-abyzov/0874-bulk-request-memory/node_modules/@vitest/runner/dist/chunk-hooks.js:1729:8)
    at runSuite (file:///Users/antonabyzov/Projects/github/specweave-umb/repositories/anton-abyzov/0874-bulk-request-memory/node_modules/@vitest/runner/dist/chunk-hooks.js:1729:8)
    at runFiles (file:///Users/antonabyzov/Projects/github/specweave-umb/repositories/anton-abyzov/0874-bulk-request-memory/node_modules/@vitest/runner/dist/chunk-hooks.js:1787:3)

 ✓ src/app/api/v1/skills/search/__tests__/route.test.ts (47 tests) 263ms
stderr | src/app/api/v1/admin/stats/__tests__/route.test.ts > GET /api/v1/admin/stats > degrades tierDistribution to {} when Skill.groupBy fails (does not 500)
[admin/stats] tier distribution load failed; degrading to {}: Skill groupBy timeout

stderr | src/app/api/v1/admin/stats/__tests__/route.test.ts > GET /api/v1/admin/stats > returns 500 when an unexpected error is thrown
GET /api/v1/admin/stats error: Error: KV exploded
    at /Users/antonabyzov/Projects/github/specweave-umb/repositories/anton-abyzov/0874-intake-identity/src/app/api/v1/admin/stats/__tests__/route.test.ts:406:50
    at file:///Users/antonabyzov/Projects/github/specweave-umb/repositories/anton-abyzov/0874-bulk-request-memory/node_modules/@vitest/runner/dist/chunk-hooks.js:155:11
    at file:///Users/antonabyzov/Projects/github/specweave-umb/repositories/anton-abyzov/0874-bulk-request-memory/node_modules/@vitest/runner/dist/chunk-hooks.js:752:26
    at file:///Users/antonabyzov/Projects/github/specweave-umb/repositories/anton-abyzov/0874-bulk-request-memory/node_modules/@vitest/runner/dist/chunk-hooks.js:1897:20
    at new Promise (<anonymous>)
    at runWithTimeout (file:///Users/antonabyzov/Projects/github/specweave-umb/repositories/anton-abyzov/0874-bulk-request-memory/node_modules/@vitest/runner/dist/chunk-hooks.js:1863:10)
    at runTest (file:///Users/antonabyzov/Projects/github/specweave-umb/repositories/anton-abyzov/0874-bulk-request-memory/node_modules/@vitest/runner/dist/chunk-hooks.js:1574:12)
    at processTicksAndRejections (node:internal/process/task_queues:105:5)
    at runSuite (file:///Users/antonabyzov/Projects/github/specweave-umb/repositories/anton-abyzov/0874-bulk-request-memory/node_modules/@vitest/runner/dist/chunk-hooks.js:1729:8)
    at runSuite (file:///Users/antonabyzov/Projects/github/specweave-umb/repositories/anton-abyzov/0874-bulk-request-memory/node_modules/@vitest/runner/dist/chunk-hooks.js:1729:8)

 ✓ src/app/api/v1/skills/__tests__/check-updates/source-origin.test.ts (7 tests) 171ms
 ✓ src/app/api/v1/admin/stats/__tests__/route.test.ts (12 tests) 240ms
 ✓ src/app/components/__tests__/Callout.test.tsx (5 tests) 188ms
stderr | src/app/api/v1/studio/telemetry/sse/__tests__/route.test.ts > POST /api/v1/studio/telemetry/sse (T-011) > AC-US5-04: silently swallows when writeDataPoint throws — still 204
studio_sse_telemetry_write_failed: AE write failed

 ✓ src/app/api/v1/studio/telemetry/sse/__tests__/route.test.ts (12 tests) 204ms
 ✓ src/app/api/v1/admin/submissions/[id]/reprioritize/__tests__/route.test.ts (4 tests) 43ms
 ✓ src/app/api/learn/__tests__/notify.test.ts (5 tests) 56ms
 ✓ src/app/api/v1/admin/discovery/bulk/__tests__/route.test.ts (8 tests) 96ms
 ✓ src/app/api/v1/problem-reports/__tests__/route.test.ts (9 tests) 172ms
stderr | src/app/api/v1/blocklist/__tests__/route.test.ts > GET /api/v1/blocklist > returns 503 on database error (both DB and KV fail)
GET /api/v1/blocklist DB failed, trying KV fallback: DB connection failed

stderr | src/app/api/v1/blocklist/__tests__/route.test.ts > GET /api/v1/blocklist > returns 503 on database error (both DB and KV fail)
GET /api/v1/blocklist KV fallback also failed: 

ERROR: `getCloudflareContext` has been called without having called `initOpenNextCloudflareForDev` from the Next.js config file.
You should update your Next.js config file as shown below:

   ```
   // next.config.mjs

   import { initOpenNextCloudflareForDev } from "@opennextjs/cloudflare";

   initOpenNextCloudflareForDev();

   const nextConfig = { ... };
   export default nextConfig;
   ```



 ✓ src/app/api/v1/blocklist/__tests__/route.test.ts (6 tests) 142ms
stderr | src/app/api/v1/internal/vm-heartbeat/__tests__/route.test.ts > POST /api/v1/internal/vm-heartbeat > degrades to 200 ok:false when SUBMISSIONS_KV missing (no 5xx)
[vm-heartbeat] SUBMISSIONS_KV binding missing

 ✓ src/app/api/v1/internal/vm-heartbeat/__tests__/route.test.ts (50 tests) 32ms
 ✓ src/app/api/v1/skills/[owner]/[repo]/[skill]/versions/diff/__tests__/route.test.ts (8 tests) 284ms
 ✓ src/app/components/learn/__tests__/BreadcrumbNav.test.tsx (5 tests) 332ms
   ✓ BreadcrumbNav (AC-US10-03) > renders a 'Back to Learn' link when showBackToLearn is true  317ms
 ✓ src/app/components/__tests__/RepoLink.test.tsx (12 tests) 116ms
 ✓ src/app/api/v1/admin/submissions/state-counts/__tests__/route.test.ts (4 tests) 92ms
stderr | src/app/api/v1/blocklist/check/__tests__/route.test.ts > GET /api/v1/blocklist/check > returns 500 on database error
GET /api/v1/blocklist/check error: Error: DB error
    at /Users/antonabyzov/Projects/github/specweave-umb/repositories/anton-abyzov/0874-intake-identity/src/app/api/v1/blocklist/check/__tests__/route.test.ts:124:46
    at file:///Users/antonabyzov/Projects/github/specweave-umb/repositories/anton-abyzov/0874-bulk-request-memory/node_modules/@vitest/runner/dist/chunk-hooks.js:155:11
    at file:///Users/antonabyzov/Projects/github/specweave-umb/repositories/anton-abyzov/0874-bulk-request-memory/node_modules/@vitest/runner/dist/chunk-hooks.js:752:26
    at file:///Users/antonabyzov/Projects/github/specweave-umb/repositories/anton-abyzov/0874-bulk-request-memory/node_modules/@vitest/runner/dist/chunk-hooks.js:1897:20
    at new Promise (<anonymous>)
    at runWithTimeout (file:///Users/antonabyzov/Projects/github/specweave-umb/repositories/anton-abyzov/0874-bulk-request-memory/node_modules/@vitest/runner/dist/chunk-hooks.js:1863:10)
    at runTest (file:///Users/antonabyzov/Projects/github/specweave-umb/repositories/anton-abyzov/0874-bulk-request-memory/node_modules/@vitest/runner/dist/chunk-hooks.js:1574:12)
    at processTicksAndRejections (node:internal/process/task_queues:105:5)
    at runSuite (file:///Users/antonabyzov/Projects/github/specweave-umb/repositories/anton-abyzov/0874-bulk-request-memory/node_modules/@vitest/runner/dist/chunk-hooks.js:1729:8)
    at runSuite (file:///Users/antonabyzov/Projects/github/specweave-umb/repositories/anton-abyzov/0874-bulk-request-memory/node_modules/@vitest/runner/dist/chunk-hooks.js:1729:8)

 ✓ src/app/api/v1/blocklist/check/__tests__/route.test.ts (14 tests) 62ms
 ✓ src/app/api/v1/skills/[owner]/[repo]/[skill]/versions/[version]/__tests__/route.tenant-isolation.test.ts (3 tests) 103ms
 ✓ src/app/components/homepage/__tests__/ScrollFadeIn.test.tsx (6 tests) 60ms
 ✓ src/app/components/__tests__/DocCard.test.tsx (6 tests) 187ms
 ✓ src/app/api/v1/auth/github/exchange-for-vsk-token/__tests__/route.test.ts (13 tests) 107ms
 ✓ src/app/components/learn/__tests__/DepthLayerLinks.test.tsx (8 tests) 62ms
stderr | src/app/api/v1/internal/vm-healthcheck/__tests__/route.test.ts > POST /api/v1/internal/vm-healthcheck > returns 200 + skipped:true when HETZNER_VM_IPS unset (AC-US2-02)
[vm-healthcheck] HETZNER_VM_IPS unset — nothing to check

stderr | src/app/api/v1/internal/vm-healthcheck/__tests__/route.test.ts > POST /api/v1/internal/vm-healthcheck > returns 200 + skipped:true when SUBMISSIONS_KV missing (AC-US2-09)
[vm-healthcheck] SUBMISSIONS_KV binding missing

stderr | src/app/api/v1/internal/vm-healthcheck/__tests__/route.test.ts > POST /api/v1/internal/vm-healthcheck > alert email failure does not 5xx the route
[vm-healthcheck] alert send failed for 1.1.1.1: Error: sendgrid down
    at /Users/antonabyzov/Projects/github/specweave-umb/repositories/anton-abyzov/0874-intake-identity/src/app/api/v1/internal/vm-healthcheck/__tests__/route.test.ts:285:52
    at file:///Users/antonabyzov/Projects/github/specweave-umb/repositories/anton-abyzov/0874-bulk-request-memory/node_modules/@vitest/runner/dist/chunk-hooks.js:155:11
    at file:///Users/antonabyzov/Projects/github/specweave-umb/repositories/anton-abyzov/0874-bulk-request-memory/node_modules/@vitest/runner/dist/chunk-hooks.js:752:26
    at file:///Users/antonabyzov/Projects/github/specweave-umb/repositories/anton-abyzov/0874-bulk-request-memory/node_modules/@vitest/runner/dist/chunk-hooks.js:1897:20
    at new Promise (<anonymous>)
    at runWithTimeout (file:///Users/antonabyzov/Projects/github/specweave-umb/repositories/anton-abyzov/0874-bulk-request-memory/node_modules/@vitest/runner/dist/chunk-hooks.js:1863:10)
    at runTest (file:///Users/antonabyzov/Projects/github/specweave-umb/repositories/anton-abyzov/0874-bulk-request-memory/node_modules/@vitest/runner/dist/chunk-hooks.js:1574:12)
    at processTicksAndRejections (node:internal/process/task_queues:105:5)
    at runSuite (file:///Users/antonabyzov/Projects/github/specweave-umb/repositories/anton-abyzov/0874-bulk-request-memory/node_modules/@vitest/runner/dist/chunk-hooks.js:1729:8)
    at runSuite (file:///Users/antonabyzov/Projects/github/specweave-umb/repositories/anton-abyzov/0874-bulk-request-memory/node_modules/@vitest/runner/dist/chunk-hooks.js:1729:8)

 ✓ src/app/api/v1/internal/vm-healthcheck/__tests__/route.test.ts (18 tests) 24ms
 ✓ src/app/api/v1/admin/reports/__tests__/route.test.ts (4 tests) 88ms
 ✓ src/app/api/v1/admin/submissions/[id]/dequeue/__tests__/route.test.ts (3 tests) 55ms
 ✓ src/app/api/v1/skills/lookup-by-name/__tests__/route.delimiter-collision.test.ts (1 test) 60ms
 ✓ src/app/api/v1/billing/portal/__tests__/route.test.ts (7 tests) 149ms
 ✓ src/app/api/v1/skills/lookup-by-name/__tests__/route.tenant-isolation.test.ts (2 tests) 37ms
 ✓ src/app/api/v1/billing/seats/sync/__tests__/route.test.ts (9 tests) 88ms
 ✓ src/app/api/v1/admin/skills/[owner]/[repo]/[skill]/backfill-content-hashes/__tests__/route.test.ts (6 tests) 24ms
stderr | src/app/api/v1/webhooks/github/__tests__/route-0826.test.ts > 0826 — HMAC dual-secret rollover + outcome logging (AC-US9-01, NFR2-01) > accepts a payload signed with the legacy secret
[webhook] hmac_attempt outcome=pass event=push deliveryId=legacy-secret-pass

stderr | src/app/api/v1/webhooks/github/__tests__/route-0826.test.ts > 0826 — HMAC dual-secret rollover + outcome logging (AC-US9-01, NFR2-01) > accepts a payload signed with the new App secret (rollover)
[webhook] hmac_attempt outcome=pass event=push deliveryId=app-secret-pass

stderr | src/app/api/v1/reports/__tests__/route.test.ts > GET /api/v1/reports > returns 500 on database error
GET /api/v1/reports error: Error: DB error
    at /Users/antonabyzov/Projects/github/specweave-umb/repositories/anton-abyzov/0874-intake-identity/src/app/api/v1/reports/__tests__/route.test.ts:274:36
    at file:///Users/antonabyzov/Projects/github/specweave-umb/repositories/anton-abyzov/0874-bulk-request-memory/node_modules/@vitest/runner/dist/chunk-hooks.js:155:11
    at file:///Users/antonabyzov/Projects/github/specweave-umb/repositories/anton-abyzov/0874-bulk-request-memory/node_modules/@vitest/runner/dist/chunk-hooks.js:752:26
    at file:///Users/antonabyzov/Projects/github/specweave-umb/repositories/anton-abyzov/0874-bulk-request-memory/node_modules/@vitest/runner/dist/chunk-hooks.js:1897:20
    at new Promise (<anonymous>)
    at runWithTimeout (file:///Users/antonabyzov/Projects/github/specweave-umb/repositories/anton-abyzov/0874-bulk-request-memory/node_modules/@vitest/runner/dist/chunk-hooks.js:1863:10)
    at runTest (file:///Users/antonabyzov/Projects/github/specweave-umb/repositories/anton-abyzov/0874-bulk-request-memory/node_modules/@vitest/runner/dist/chunk-hooks.js:1574:12)
    at runSuite (file:///Users/antonabyzov/Projects/github/specweave-umb/repositories/anton-abyzov/0874-bulk-request-memory/node_modules/@vitest/runner/dist/chunk-hooks.js:1729:8)
    at runSuite (file:///Users/antonabyzov/Projects/github/specweave-umb/repositories/anton-abyzov/0874-bulk-request-memory/node_modules/@vitest/runner/dist/chunk-hooks.js:1729:8)
    at runFiles (file:///Users/antonabyzov/Projects/github/specweave-umb/repositories/anton-abyzov/0874-bulk-request-memory/node_modules/@vitest/runner/dist/chunk-hooks.js:1787:3)

 ✓ src/app/api/v1/reports/__tests__/route.test.ts (11 tests) 39ms
stderr | src/app/api/v1/webhooks/github/__tests__/route-0826.test.ts > 0826 — HMAC dual-secret rollover + outcome logging (AC-US9-01, NFR2-01) > rejects with 401 + audit when neither secret matches
[webhook] hmac_attempt outcome=fail event=push deliveryId=fail-sig

stderr | src/app/api/v1/webhooks/github/__tests__/route-0826.test.ts > 0826 — Replay rejection by payload timestamp (NFR2-01 add-on) > rejects a push with head_commit.timestamp older than 5 min when target-type header is present
[webhook] hmac_attempt outcome=pass event=push deliveryId=stale-1

 ✓ src/app/api/v1/admin/discovery/__tests__/route.test.ts (4 tests) 37ms
stderr | src/app/api/v1/webhooks/github/__tests__/route-0826.test.ts > 0826 — Replay rejection by payload timestamp (NFR2-01 add-on) > accepts a push with a fresh timestamp (target-type present, ts <5min)
[webhook] hmac_attempt outcome=pass event=push deliveryId=fresh-1

stderr | src/app/api/v1/webhooks/github/__tests__/route-0826.test.ts > 0826 — Replay rejection by payload timestamp (NFR2-01 add-on) > rejects stale payload timestamps even when target-type header is absent
[webhook] hmac_attempt outcome=pass event=push deliveryId=no-targettype-1

stderr | src/app/api/v1/webhooks/github/__tests__/route-0826.test.ts > 0826 — Event-type dispatch (AC-US9-05) > dispatches installation to the handler module and returns 200 with handler outcome
[webhook] hmac_attempt outcome=pass event=installation deliveryId=dispatch-installation

stderr | src/app/api/v1/webhooks/github/__tests__/route-0826.test.ts > 0826 — Event-type dispatch (AC-US9-05) > dispatches installation_repositories to the handler module and returns 200 with handler outcome
[webhook] hmac_attempt outcome=pass event=installation_repositories deliveryId=dispatch-installation_repositories

stderr | src/app/api/v1/webhooks/github/__tests__/route-0826.test.ts > 0826 — Event-type dispatch (AC-US9-05) > dispatches repository to the handler module and returns 200 with handler outcome
[webhook] hmac_attempt outcome=pass event=repository deliveryId=dispatch-repository

stderr | src/app/api/v1/webhooks/github/__tests__/route-0826.test.ts > 0826 — Event-type dispatch (AC-US9-05) > does NOT dispatch when the event is unknown (returns 200 ignored, preserves legacy contract)
[webhook] hmac_attempt outcome=pass event=ping deliveryId=ping-1

stderr | src/app/api/v1/webhooks/github/__tests__/route-0826.test.ts > 0826 — Event-type dispatch (AC-US9-05) > returns 200 even when dispatcher throws — never lets handler errors trigger GitHub retry storms
[webhook] hmac_attempt outcome=pass event=installation deliveryId=throw-1

 ✓ src/app/api/v1/webhooks/github/__tests__/route-0826.test.ts (13 tests) 128ms
 ✓ src/app/api/v1/admin/tenants/[tenantId]/promote-enterprise/__tests__/route.test.ts (11 tests) 81ms
 ✓ src/app/api/v1/admin/queue/pause/__tests__/route.test.ts (8 tests) 136ms
 ✓ src/app/components/eval/__tests__/UsefulnessIndicator.test.tsx (7 tests) 130ms
 ✓ src/app/api/v1/admin/rescan-published/__tests__/route.parallel.test.ts (4 tests | 1 skipped) 90ms
 ✓ src/app/api/v1/billing/webhooks/stripe/__tests__/route.test.ts (12 tests) 77ms
 ✓ src/app/api/v1/auth/github/installation/__tests__/no-auto-pro.test.ts (3 tests) 52ms
 ✓ src/app/components/home/__tests__/HeroStats.test.tsx (3 tests) 72ms
 ✓ src/app/api/v1/admin/blocklist/[id]/__tests__/route.test.ts (4 tests) 45ms
 ✓ src/app/api/v1/admin/reports/[id]/__tests__/route.test.ts (8 tests) 148ms
stderr | src/app/api/v1/audits/__tests__/route.test.ts > GET /api/v1/audits > returns 500 on database error
GET /api/v1/audits error: Error: DB error
    at /Users/antonabyzov/Projects/github/specweave-umb/repositories/anton-abyzov/0874-intake-identity/src/app/api/v1/audits/__tests__/route.test.ts:203:40
    at file:///Users/antonabyzov/Projects/github/specweave-umb/repositories/anton-abyzov/0874-bulk-request-memory/node_modules/@vitest/runner/dist/chunk-hooks.js:155:11
    at file:///Users/antonabyzov/Projects/github/specweave-umb/repositories/anton-abyzov/0874-bulk-request-memory/node_modules/@vitest/runner/dist/chunk-hooks.js:752:26
    at file:///Users/antonabyzov/Projects/github/specweave-umb/repositories/anton-abyzov/0874-bulk-request-memory/node_modules/@vitest/runner/dist/chunk-hooks.js:1897:20
    at new Promise (<anonymous>)
    at runWithTimeout (file:///Users/antonabyzov/Projects/github/specweave-umb/repositories/anton-abyzov/0874-bulk-request-memory/node_modules/@vitest/runner/dist/chunk-hooks.js:1863:10)
    at runTest (file:///Users/antonabyzov/Projects/github/specweave-umb/repositories/anton-abyzov/0874-bulk-request-memory/node_modules/@vitest/runner/dist/chunk-hooks.js:1574:12)
    at processTicksAndRejections (node:internal/process/task_queues:105:5)
    at runSuite (file:///Users/antonabyzov/Projects/github/specweave-umb/repositories/anton-abyzov/0874-bulk-request-memory/node_modules/@vitest/runner/dist/chunk-hooks.js:1729:8)
    at runSuite (file:///Users/antonabyzov/Projects/github/specweave-umb/repositories/anton-abyzov/0874-bulk-request-memory/node_modules/@vitest/runner/dist/chunk-hooks.js:1729:8)

 ✓ src/app/api/v1/audits/__tests__/route.test.ts (7 tests) 51ms
 ✓ src/app/components/homepage/__tests__/FeatureSection.test.tsx (6 tests) 60ms
 ✓ src/app/api/v1/account/tenants/__tests__/route.test.ts (6 tests) 103ms
 ✓ src/app/components/homepage/__tests__/ImagePlaceholder.test.tsx (5 tests) 37ms
 ✓ src/app/hooks/__tests__/useAnimatedNumber.test.tsx (8 tests) 27ms
 ✓ src/app/components/__tests__/TierBadge.test.tsx (8 tests) 43ms
 ✓ src/app/components/eval/__tests__/EvalVerdictBadge.test.tsx (13 tests) 180ms
stdout | src/app/api/v1/skills/__tests__/check-source.waitUntil.test.ts > GET /api/v1/skills/check-source — waitUntil deprecation pipeline > threads deprecateStaleSkill through ctx.waitUntil and writes isDeprecated:true to DB on 404
[check-source] Auto-deprecated owner/repo/skill

stdout | src/app/api/v1/skills/__tests__/check-source.waitUntil.test.ts > GET /api/v1/skills/check-source — waitUntil deprecation pipeline > falls through to inline await when no Cloudflare context is available (local dev)
[check-source] Auto-deprecated owner/repo/skill

 ✓ src/app/api/v1/skills/__tests__/check-source.waitUntil.test.ts (3 tests) 72ms
 ✓ src/app/studio/components/__tests__/StudioSearchPalette.test.tsx (13 tests) 126ms
 ✓ src/app/api/v1/internal/claim-sast-scan/__tests__/route.test.ts (7 tests) 15ms
 ✓ src/app/api/v1/submissions/search/__tests__/route.test.ts (16 tests) 59ms
 ✓ src/app/docs/__tests__/link-checker.test.ts (4 tests) 4ms
 ✓ src/app/components/__tests__/RelatedResources.test.tsx (5 tests) 58ms
 ✓ src/app/api/v1/admin/blocklist/__tests__/route.test.ts (5 tests) 64ms
 ✓ src/app/api/v1/internal/stats/platform/__tests__/route.test.ts (4 tests) 12ms
stderr | src/app/api/v1/submissions/__tests__/route.pagination.test.ts > GET /api/v1/submissions - pagination & filtering > returns first 50 submissions by default
Queue position calculation failed: db.$queryRaw is not a function

stderr | src/app/api/v1/submissions/__tests__/route.pagination.test.ts > GET /api/v1/submissions - pagination & filtering > supports offset parameter
Queue position calculation failed: db.$queryRaw is not a function

stderr | src/app/api/v1/submissions/__tests__/route.pagination.test.ts > GET /api/v1/submissions - pagination & filtering > defaults unchanged when no offset provided
Queue position calculation failed: db.$queryRaw is not a function

stderr | src/app/api/v1/submissions/__tests__/route.pagination.test.ts > GET /api/v1/submissions - pagination & filtering > TC-006: filters by state category 'active' (RECEIVED, TIER1_SCANNING, TIER2_SCANNING)
Queue position calculation failed: db.$queryRaw is not a function

stderr | src/app/api/v1/submissions/__tests__/route.pagination.test.ts > GET /api/v1/submissions - pagination & filtering > TC-008: pagination with offset returns correct slice and total
Queue position calculation failed: db.$queryRaw is not a function

 ✓ src/app/__tests__/layout.collision.test.tsx (6 tests) 47ms
stdout | src/app/api/v1/submissions/__tests__/route.pagination.test.ts > GET /api/v1/submissions - pagination & filtering > TC-055: fresh re-hydration overrides stale RECEIVED state with in-progress state
[queue/submissions] source=db state=all reason=none sort=processingOrder:asc limit=10 offset=0 rows=1 total=1 pendingDbUpdates=1 durationMs=1

stderr | src/app/api/v1/submissions/__tests__/route.pagination.test.ts > GET /api/v1/submissions - pagination & filtering > TC-055: fresh re-hydration overrides stale RECEIVED state with in-progress state
Queue position calculation failed: db.$queryRaw is not a function

stderr | src/app/api/v1/submissions/__tests__/route.pagination.test.ts > GET /api/v1/submissions - pagination & filtering > bypasses legacy active list cache without _cachedAt and refreshes from DB
Queue position calculation failed: Cannot use 'in' operator to search for 'fresh-active' in undefined

 ✓ src/app/api/v1/internal/queue-health-check/__tests__/route.test.ts (8 tests) 31ms
 ✓ src/app/api/v1/internal/unclaim-submission/__tests__/route.test.ts (7 tests) 44ms
 ✓ src/app/api/v1/submissions/__tests__/route.pagination.test.ts (17 tests) 62ms
 ✓ src/app/studio/__tests__/layout.test.tsx (5 tests) 49ms
 ✓ src/app/api/v1/admin/queue/dlq/__tests__/route.test.ts (6 tests) 82ms
stderr | src/app/api/v1/admin/rebuild-index/__tests__/route.test.ts > POST /api/v1/admin/rebuild-index > search index failure does not break the whole endpoint
[rebuild-index] Search index rebuild failed: Error: KV write failed
    at /Users/antonabyzov/Projects/github/specweave-umb/repositories/anton-abyzov/0874-intake-identity/src/app/api/v1/admin/rebuild-index/__tests__/route.test.ts:316:44
    at file:///Users/antonabyzov/Projects/github/specweave-umb/repositories/anton-abyzov/0874-bulk-request-memory/node_modules/@vitest/runner/dist/chunk-hooks.js:155:11
    at file:///Users/antonabyzov/Projects/github/specweave-umb/repositories/anton-abyzov/0874-bulk-request-memory/node_modules/@vitest/runner/dist/chunk-hooks.js:752:26
    at file:///Users/antonabyzov/Projects/github/specweave-umb/repositories/anton-abyzov/0874-bulk-request-memory/node_modules/@vitest/runner/dist/chunk-hooks.js:1897:20
    at new Promise (<anonymous>)
    at runWithTimeout (file:///Users/antonabyzov/Projects/github/specweave-umb/repositories/anton-abyzov/0874-bulk-request-memory/node_modules/@vitest/runner/dist/chunk-hooks.js:1863:10)
    at runTest (file:///Users/antonabyzov/Projects/github/specweave-umb/repositories/anton-abyzov/0874-bulk-request-memory/node_modules/@vitest/runner/dist/chunk-hooks.js:1574:12)
    at processTicksAndRejections (node:internal/process/task_queues:105:5)
    at runSuite (file:///Users/antonabyzov/Projects/github/specweave-umb/repositories/anton-abyzov/0874-bulk-request-memory/node_modules/@vitest/runner/dist/chunk-hooks.js:1729:8)
    at runSuite (file:///Users/antonabyzov/Projects/github/specweave-umb/repositories/anton-abyzov/0874-bulk-request-memory/node_modules/@vitest/runner/dist/chunk-hooks.js:1729:8)

stderr | src/app/api/v1/admin/rebuild-index/__tests__/route.test.ts > POST /api/v1/admin/rebuild-index > persists sourceRepoUrl/sourceBranch in upsert create branch (AC-US1-05)
[rebuild-index] Search index rebuild failed: Error: KV write failed
    at /Users/antonabyzov/Projects/github/specweave-umb/repositories/anton-abyzov/0874-intake-identity/src/app/api/v1/admin/rebuild-index/__tests__/route.test.ts:316:44
    at file:///Users/antonabyzov/Projects/github/specweave-umb/repositories/anton-abyzov/0874-bulk-request-memory/node_modules/@vitest/runner/dist/chunk-hooks.js:155:11
    at file:///Users/antonabyzov/Projects/github/specweave-umb/repositories/anton-abyzov/0874-bulk-request-memory/node_modules/@vitest/runner/dist/chunk-hooks.js:752:26
    at file:///Users/antonabyzov/Projects/github/specweave-umb/repositories/anton-abyzov/0874-bulk-request-memory/node_modules/@vitest/runner/dist/chunk-hooks.js:1897:20
    at new Promise (<anonymous>)
    at runWithTimeout (file:///Users/antonabyzov/Projects/github/specweave-umb/repositories/anton-abyzov/0874-bulk-request-memory/node_modules/@vitest/runner/dist/chunk-hooks.js:1863:10)
    at runTest (file:///Users/antonabyzov/Projects/github/specweave-umb/repositories/anton-abyzov/0874-bulk-request-memory/node_modules/@vitest/runner/dist/chunk-hooks.js:1574:12)
    at processTicksAndRejections (node:internal/process/task_queues:105:5)
    at runSuite (file:///Users/antonabyzov/Projects/github/specweave-umb/repositories/anton-abyzov/0874-bulk-request-memory/node_modules/@vitest/runner/dist/chunk-hooks.js:1729:8)
    at runSuite (file:///Users/antonabyzov/Projects/github/specweave-umb/repositories/anton-abyzov/0874-bulk-request-memory/node_modules/@vitest/runner/dist/chunk-hooks.js:1729:8)

stderr | src/app/api/v1/admin/rebuild-index/__tests__/route.test.ts > POST /api/v1/admin/rebuild-index > 0751 AC-US2-05: certTier derivation by vendor status > vendor-org skill (anton-abyzov) re-mints with CERTIFIED + VENDOR_AUTO
[rebuild-index] Search index rebuild failed: Error: KV write failed
    at /Users/antonabyzov/Projects/github/specweave-umb/repositories/anton-abyzov/0874-intake-identity/src/app/api/v1/admin/rebuild-index/__tests__/route.test.ts:316:44
    at file:///Users/antonabyzov/Projects/github/specweave-umb/repositories/anton-abyzov/0874-bulk-request-memory/node_modules/@vitest/runner/dist/chunk-hooks.js:155:11
    at file:///Users/antonabyzov/Projects/github/specweave-umb/repositories/anton-abyzov/0874-bulk-request-memory/node_modules/@vitest/runner/dist/chunk-hooks.js:752:26
    at file:///Users/antonabyzov/Projects/github/specweave-umb/repositories/anton-abyzov/0874-bulk-request-memory/node_modules/@vitest/runner/dist/chunk-hooks.js:1897:20
    at new Promise (<anonymous>)
    at runWithTimeout (file:///Users/antonabyzov/Projects/github/specweave-umb/repositories/anton-abyzov/0874-bulk-request-memory/node_modules/@vitest/runner/dist/chunk-hooks.js:1863:10)
    at runTest (file:///Users/antonabyzov/Projects/github/specweave-umb/repositories/anton-abyzov/0874-bulk-request-memory/node_modules/@vitest/runner/dist/chunk-hooks.js:1574:12)
    at processTicksAndRejections (node:internal/process/task_queues:105:5)
    at runSuite (file:///Users/antonabyzov/Projects/github/specweave-umb/repositories/anton-abyzov/0874-bulk-request-memory/node_modules/@vitest/runner/dist/chunk-hooks.js:1729:8)
    at runSuite (file:///Users/antonabyzov/Projects/github/specweave-umb/repositories/anton-abyzov/0874-bulk-request-memory/node_modules/@vitest/runner/dist/chunk-hooks.js:1729:8)

stderr | src/app/api/v1/admin/rebuild-index/__tests__/route.test.ts > POST /api/v1/admin/rebuild-index > 0751 AC-US2-05: certTier derivation by vendor status > non-vendor skill re-mints with VERIFIED + AUTOMATED_SCAN (preserves prior behavior)
[rebuild-index] Search index rebuild failed: Error: KV write failed
    at /Users/antonabyzov/Projects/github/specweave-umb/repositories/anton-abyzov/0874-intake-identity/src/app/api/v1/admin/rebuild-index/__tests__/route.test.ts:316:44
    at file:///Users/antonabyzov/Projects/github/specweave-umb/repositories/anton-abyzov/0874-bulk-request-memory/node_modules/@vitest/runner/dist/chunk-hooks.js:155:11
    at file:///Users/antonabyzov/Projects/github/specweave-umb/repositories/anton-abyzov/0874-bulk-request-memory/node_modules/@vitest/runner/dist/chunk-hooks.js:752:26
    at file:///Users/antonabyzov/Projects/github/specweave-umb/repositories/anton-abyzov/0874-bulk-request-memory/node_modules/@vitest/runner/dist/chunk-hooks.js:1897:20
    at new Promise (<anonymous>)
    at runWithTimeout (file:///Users/antonabyzov/Projects/github/specweave-umb/repositories/anton-abyzov/0874-bulk-request-memory/node_modules/@vitest/runner/dist/chunk-hooks.js:1863:10)
    at runTest (file:///Users/antonabyzov/Projects/github/specweave-umb/repositories/anton-abyzov/0874-bulk-request-memory/node_modules/@vitest/runner/dist/chunk-hooks.js:1574:12)
    at processTicksAndRejections (node:internal/process/task_queues:105:5)
    at runSuite (file:///Users/antonabyzov/Projects/github/specweave-umb/repositories/anton-abyzov/0874-bulk-request-memory/node_modules/@vitest/runner/dist/chunk-hooks.js:1729:8)
    at runSuite (file:///Users/antonabyzov/Projects/github/specweave-umb/repositories/anton-abyzov/0874-bulk-request-memory/node_modules/@vitest/runner/dist/chunk-hooks.js:1729:8)

stderr | src/app/api/v1/admin/rebuild-index/__tests__/route.test.ts > POST /api/v1/admin/rebuild-index > 0751 AC-US2-05: certTier derivation by vendor status > non-vendor github author re-mints with VERIFIED + AUTOMATED_SCAN (covers the broad community-author case)
[rebuild-index] Search index rebuild failed: Error: KV write failed
    at /Users/antonabyzov/Projects/github/specweave-umb/repositories/anton-abyzov/0874-intake-identity/src/app/api/v1/admin/rebuild-index/__tests__/route.test.ts:316:44
    at file:///Users/antonabyzov/Projects/github/specweave-umb/repositories/anton-abyzov/0874-bulk-request-memory/node_modules/@vitest/runner/dist/chunk-hooks.js:155:11
    at file:///Users/antonabyzov/Projects/github/specweave-umb/repositories/anton-abyzov/0874-bulk-request-memory/node_modules/@vitest/runner/dist/chunk-hooks.js:752:26
    at file:///Users/antonabyzov/Projects/github/specweave-umb/repositories/anton-abyzov/0874-bulk-request-memory/node_modules/@vitest/runner/dist/chunk-hooks.js:1897:20
    at new Promise (<anonymous>)
    at runWithTimeout (file:///Users/antonabyzov/Projects/github/specweave-umb/repositories/anton-abyzov/0874-bulk-request-memory/node_modules/@vitest/runner/dist/chunk-hooks.js:1863:10)
    at runTest (file:///Users/antonabyzov/Projects/github/specweave-umb/repositories/anton-abyzov/0874-bulk-request-memory/node_modules/@vitest/runner/dist/chunk-hooks.js:1574:12)
    at processTicksAndRejections (node:internal/process/task_queues:105:5)
    at runSuite (file:///Users/antonabyzov/Projects/github/specweave-umb/repositories/anton-abyzov/0874-bulk-request-memory/node_modules/@vitest/runner/dist/chunk-hooks.js:1729:8)
    at runSuite (file:///Users/antonabyzov/Projects/github/specweave-umb/repositories/anton-abyzov/0874-bulk-request-memory/node_modules/@vitest/runner/dist/chunk-hooks.js:1729:8)

stderr | src/app/api/v1/admin/rebuild-index/__tests__/route.test.ts > POST /api/v1/admin/rebuild-index > 0819 T-004: paired Skill + first SkillVersion write > AC-US2-04: calls createSkillWithVersion exactly once per new Skill (count=1 SkillVersion)
[rebuild-index] Search index rebuild failed: Error: KV write failed
    at /Users/antonabyzov/Projects/github/specweave-umb/repositories/anton-abyzov/0874-intake-identity/src/app/api/v1/admin/rebuild-index/__tests__/route.test.ts:316:44
    at file:///Users/antonabyzov/Projects/github/specweave-umb/repositories/anton-abyzov/0874-bulk-request-memory/node_modules/@vitest/runner/dist/chunk-hooks.js:155:11
    at file:///Users/antonabyzov/Projects/github/specweave-umb/repositories/anton-abyzov/0874-bulk-request-memory/node_modules/@vitest/runner/dist/chunk-hooks.js:752:26
    at file:///Users/antonabyzov/Projects/github/specweave-umb/repositories/anton-abyzov/0874-bulk-request-memory/node_modules/@vitest/runner/dist/chunk-hooks.js:1897:20
    at new Promise (<anonymous>)
    at runWithTimeout (file:///Users/antonabyzov/Projects/github/specweave-umb/repositories/anton-abyzov/0874-bulk-request-memory/node_modules/@vitest/runner/dist/chunk-hooks.js:1863:10)
    at runTest (file:///Users/antonabyzov/Projects/github/specweave-umb/repositories/anton-abyzov/0874-bulk-request-memory/node_modules/@vitest/runner/dist/chunk-hooks.js:1574:12)
    at processTicksAndRejections (node:internal/process/task_queues:105:5)
    at runSuite (file:///Users/antonabyzov/Projects/github/specweave-umb/repositories/anton-abyzov/0874-bulk-request-memory/node_modules/@vitest/runner/dist/chunk-hooks.js:1729:8)
    at runSuite (file:///Users/antonabyzov/Projects/github/specweave-umb/repositories/anton-abyzov/0874-bulk-request-memory/node_modules/@vitest/runner/dist/chunk-hooks.js:1729:8)

stderr | src/app/api/v1/admin/rebuild-index/__tests__/route.test.ts > POST /api/v1/admin/rebuild-index > 0819 T-004: paired Skill + first SkillVersion write > AC-US2-05: idempotent — running rebuild twice never duplicates SkillVersion rows for an existing skill
[rebuild-index] Search index rebuild failed: Error: KV write failed
    at /Users/antonabyzov/Projects/github/specweave-umb/repositories/anton-abyzov/0874-intake-identity/src/app/api/v1/admin/rebuild-index/__tests__/route.test.ts:316:44
    at file:///Users/antonabyzov/Projects/github/specweave-umb/repositories/anton-abyzov/0874-bulk-request-memory/node_modules/@vitest/runner/dist/chunk-hooks.js:155:11
    at file:///Users/antonabyzov/Projects/github/specweave-umb/repositories/anton-abyzov/0874-bulk-request-memory/node_modules/@vitest/runner/dist/chunk-hooks.js:752:26
    at file:///Users/antonabyzov/Projects/github/specweave-umb/repositories/anton-abyzov/0874-bulk-request-memory/node_modules/@vitest/runner/dist/chunk-hooks.js:1897:20
    at new Promise (<anonymous>)
    at runWithTimeout (file:///Users/antonabyzov/Projects/github/specweave-umb/repositories/anton-abyzov/0874-bulk-request-memory/node_modules/@vitest/runner/dist/chunk-hooks.js:1863:10)
    at runTest (file:///Users/antonabyzov/Projects/github/specweave-umb/repositories/anton-abyzov/0874-bulk-request-memory/node_modules/@vitest/runner/dist/chunk-hooks.js:1574:12)
    at processTicksAndRejections (node:internal/process/task_queues:105:5)
    at runSuite (file:///Users/antonabyzov/Projects/github/specweave-umb/repositories/anton-abyzov/0874-bulk-request-memory/node_modules/@vitest/runner/dist/chunk-hooks.js:1729:8)
    at runSuite (file:///Users/antonabyzov/Projects/github/specweave-umb/repositories/anton-abyzov/0874-bulk-request-memory/node_modules/@vitest/runner/dist/chunk-hooks.js:1729:8)

stderr | src/app/api/v1/admin/rebuild-index/__tests__/route.test.ts > POST /api/v1/admin/rebuild-index > 0819 T-004: paired Skill + first SkillVersion write > AC-US2-05: idempotent — running rebuild twice never duplicates SkillVersion rows for an existing skill
[rebuild-index] Search index rebuild failed: Error: KV write failed
    at /Users/antonabyzov/Projects/github/specweave-umb/repositories/anton-abyzov/0874-intake-identity/src/app/api/v1/admin/rebuild-index/__tests__/route.test.ts:316:44
    at file:///Users/antonabyzov/Projects/github/specweave-umb/repositories/anton-abyzov/0874-bulk-request-memory/node_modules/@vitest/runner/dist/chunk-hooks.js:155:11
    at file:///Users/antonabyzov/Projects/github/specweave-umb/repositories/anton-abyzov/0874-bulk-request-memory/node_modules/@vitest/runner/dist/chunk-hooks.js:752:26
    at file:///Users/antonabyzov/Projects/github/specweave-umb/repositories/anton-abyzov/0874-bulk-request-memory/node_modules/@vitest/runner/dist/chunk-hooks.js:1897:20
    at new Promise (<anonymous>)
    at runWithTimeout (file:///Users/antonabyzov/Projects/github/specweave-umb/repositories/anton-abyzov/0874-bulk-request-memory/node_modules/@vitest/runner/dist/chunk-hooks.js:1863:10)
    at runTest (file:///Users/antonabyzov/Projects/github/specweave-umb/repositories/anton-abyzov/0874-bulk-request-memory/node_modules/@vitest/runner/dist/chunk-hooks.js:1574:12)
    at processTicksAndRejections (node:internal/process/task_queues:105:5)
    at runSuite (file:///Users/antonabyzov/Projects/github/specweave-umb/repositories/anton-abyzov/0874-bulk-request-memory/node_modules/@vitest/runner/dist/chunk-hooks.js:1729:8)
    at runSuite (file:///Users/antonabyzov/Projects/github/specweave-umb/repositories/anton-abyzov/0874-bulk-request-memory/node_modules/@vitest/runner/dist/chunk-hooks.js:1729:8)

stderr | src/app/api/v1/admin/rebuild-index/__tests__/route.test.ts > POST /api/v1/admin/rebuild-index > 0819 T-004: paired Skill + first SkillVersion write > AC-US2-03: existing-row branch uses db.skill.update (not the helper)
[rebuild-index] Search index rebuild failed: Error: KV write failed
    at /Users/antonabyzov/Projects/github/specweave-umb/repositories/anton-abyzov/0874-intake-identity/src/app/api/v1/admin/rebuild-index/__tests__/route.test.ts:316:44
    at file:///Users/antonabyzov/Projects/github/specweave-umb/repositories/anton-abyzov/0874-bulk-request-memory/node_modules/@vitest/runner/dist/chunk-hooks.js:155:11
    at file:///Users/antonabyzov/Projects/github/specweave-umb/repositories/anton-abyzov/0874-bulk-request-memory/node_modules/@vitest/runner/dist/chunk-hooks.js:752:26
    at file:///Users/antonabyzov/Projects/github/specweave-umb/repositories/anton-abyzov/0874-bulk-request-memory/node_modules/@vitest/runner/dist/chunk-hooks.js:1897:20
    at new Promise (<anonymous>)
    at runWithTimeout (file:///Users/antonabyzov/Projects/github/specweave-umb/repositories/anton-abyzov/0874-bulk-request-memory/node_modules/@vitest/runner/dist/chunk-hooks.js:1863:10)
    at runTest (file:///Users/antonabyzov/Projects/github/specweave-umb/repositories/anton-abyzov/0874-bulk-request-memory/node_modules/@vitest/runner/dist/chunk-hooks.js:1574:12)
    at processTicksAndRejections (node:internal/process/task_queues:105:5)
    at runSuite (file:///Users/antonabyzov/Projects/github/specweave-umb/repositories/anton-abyzov/0874-bulk-request-memory/node_modules/@vitest/runner/dist/chunk-hooks.js:1729:8)
    at runSuite (file:///Users/antonabyzov/Projects/github/specweave-umb/repositories/anton-abyzov/0874-bulk-request-memory/node_modules/@vitest/runner/dist/chunk-hooks.js:1729:8)

stderr | src/app/api/v1/admin/rebuild-index/__tests__/route.test.ts > POST /api/v1/admin/rebuild-index > 0819 T-004: paired Skill + first SkillVersion write > F-FU-001 regression guard: post-commit publish is invoked with REAL worker env (not {})
[rebuild-index] Search index rebuild failed: Error: KV write failed
    at /Users/antonabyzov/Projects/github/specweave-umb/repositories/anton-abyzov/0874-intake-identity/src/app/api/v1/admin/rebuild-index/__tests__/route.test.ts:316:44
    at file:///Users/antonabyzov/Projects/github/specweave-umb/repositories/anton-abyzov/0874-bulk-request-memory/node_modules/@vitest/runner/dist/chunk-hooks.js:155:11
    at file:///Users/antonabyzov/Projects/github/specweave-umb/repositories/anton-abyzov/0874-bulk-request-memory/node_modules/@vitest/runner/dist/chunk-hooks.js:752:26
    at file:///Users/antonabyzov/Projects/github/specweave-umb/repositories/anton-abyzov/0874-bulk-request-memory/node_modules/@vitest/runner/dist/chunk-hooks.js:1897:20
    at new Promise (<anonymous>)
    at runWithTimeout (file:///Users/antonabyzov/Projects/github/specweave-umb/repositories/anton-abyzov/0874-bulk-request-memory/node_modules/@vitest/runner/dist/chunk-hooks.js:1863:10)
    at runTest (file:///Users/antonabyzov/Projects/github/specweave-umb/repositories/anton-abyzov/0874-bulk-request-memory/node_modules/@vitest/runner/dist/chunk-hooks.js:1574:12)
    at processTicksAndRejections (node:internal/process/task_queues:105:5)
    at runSuite (file:///Users/antonabyzov/Projects/github/specweave-umb/repositories/anton-abyzov/0874-bulk-request-memory/node_modules/@vitest/runner/dist/chunk-hooks.js:1729:8)
    at runSuite (file:///Users/antonabyzov/Projects/github/specweave-umb/repositories/anton-abyzov/0874-bulk-request-memory/node_modules/@vitest/runner/dist/chunk-hooks.js:1729:8)

 ✓ src/app/api/v1/admin/rebuild-index/__tests__/route.test.ts (18 tests) 138ms
 ✓ src/app/api/v1/skills/[owner]/[repo]/[skill]/versions/__tests__/route.tenant-isolation.test.ts (3 tests) 78ms
 ✓ src/app/api/v1/billing/subscription/__tests__/route.test.ts (8 tests) 49ms
stderr | src/app/api/v1/submissions/bulk/__tests__/route.intake.test.ts > storage failure cannot become a terminal policy receipt
[bulk] Failed to create submission: https://github.com/acme/skills alpha fixture storage unavailable

 ✓ src/app/api/v1/submissions/bulk/__tests__/route.intake.test.ts (11 tests) 36ms
stderr | src/app/api/v1/admin/queue-health/__tests__/route.test.ts > GET /api/v1/admin/queue-health > SendGrid throws → route still 200 (alert failure is non-fatal)
[admin/queue-health] alert send failed: Error: sendgrid down
    at /Users/antonabyzov/Projects/github/specweave-umb/repositories/anton-abyzov/0874-intake-identity/src/app/api/v1/admin/queue-health/__tests__/route.test.ts:223:52
    at file:///Users/antonabyzov/Projects/github/specweave-umb/repositories/anton-abyzov/0874-bulk-request-memory/node_modules/@vitest/runner/dist/chunk-hooks.js:155:11
    at file:///Users/antonabyzov/Projects/github/specweave-umb/repositories/anton-abyzov/0874-bulk-request-memory/node_modules/@vitest/runner/dist/chunk-hooks.js:752:26
    at file:///Users/antonabyzov/Projects/github/specweave-umb/repositories/anton-abyzov/0874-bulk-request-memory/node_modules/@vitest/runner/dist/chunk-hooks.js:1897:20
    at new Promise (<anonymous>)
    at runWithTimeout (file:///Users/antonabyzov/Projects/github/specweave-umb/repositories/anton-abyzov/0874-bulk-request-memory/node_modules/@vitest/runner/dist/chunk-hooks.js:1863:10)
    at runTest (file:///Users/antonabyzov/Projects/github/specweave-umb/repositories/anton-abyzov/0874-bulk-request-memory/node_modules/@vitest/runner/dist/chunk-hooks.js:1574:12)
    at processTicksAndRejections (node:internal/process/task_queues:105:5)
    at runSuite (file:///Users/antonabyzov/Projects/github/specweave-umb/repositories/anton-abyzov/0874-bulk-request-memory/node_modules/@vitest/runner/dist/chunk-hooks.js:1729:8)
    at runSuite (file:///Users/antonabyzov/Projects/github/specweave-umb/repositories/anton-abyzov/0874-bulk-request-memory/node_modules/@vitest/runner/dist/chunk-hooks.js:1729:8)

 ✓ src/app/api/v1/admin/queue-health/__tests__/route.test.ts (13 tests) 29ms
 ✓ src/__tests__/billing/pricing-page.test.tsx (7 tests) 24ms
 ✓ src/app/api/v1/submissions/__tests__/route.mine-feed.test.ts (12 tests) 29ms
 ✓ src/app/studio/find/components/StatsRow.test.tsx (3 tests) 39ms
stderr | src/app/api/v1/admin/eval/reverify/__tests__/route.test.ts > POST /api/v1/admin/eval/reverify > returns 500 on unexpected errors
POST /api/v1/admin/eval/reverify error: Error: DB down
    at /Users/antonabyzov/Projects/github/specweave-umb/repositories/anton-abyzov/0874-intake-identity/src/app/api/v1/admin/eval/reverify/__tests__/route.test.ts:226:36
    at file:///Users/antonabyzov/Projects/github/specweave-umb/repositories/anton-abyzov/0874-bulk-request-memory/node_modules/@vitest/runner/dist/chunk-hooks.js:155:11
    at file:///Users/antonabyzov/Projects/github/specweave-umb/repositories/anton-abyzov/0874-bulk-request-memory/node_modules/@vitest/runner/dist/chunk-hooks.js:752:26
    at file:///Users/antonabyzov/Projects/github/specweave-umb/repositories/anton-abyzov/0874-bulk-request-memory/node_modules/@vitest/runner/dist/chunk-hooks.js:1897:20
    at new Promise (<anonymous>)
    at runWithTimeout (file:///Users/antonabyzov/Projects/github/specweave-umb/repositories/anton-abyzov/0874-bulk-request-memory/node_modules/@vitest/runner/dist/chunk-hooks.js:1863:10)
    at runTest (file:///Users/antonabyzov/Projects/github/specweave-umb/repositories/anton-abyzov/0874-bulk-request-memory/node_modules/@vitest/runner/dist/chunk-hooks.js:1574:12)
    at processTicksAndRejections (node:internal/process/task_queues:105:5)
    at runSuite (file:///Users/antonabyzov/Projects/github/specweave-umb/repositories/anton-abyzov/0874-bulk-request-memory/node_modules/@vitest/runner/dist/chunk-hooks.js:1729:8)
    at runSuite (file:///Users/antonabyzov/Projects/github/specweave-umb/repositories/anton-abyzov/0874-bulk-request-memory/node_modules/@vitest/runner/dist/chunk-hooks.js:1729:8)

 ✓ src/app/api/v1/admin/eval/reverify/__tests__/route.test.ts (10 tests) 39ms
 ✓ src/app/studio/find/components/ResultCount.test.tsx (2 tests) 76ms
 ✓ src/app/api/v1/skills/by-id/[id]/rescan/__tests__/route.test.ts (4 tests) 73ms
 ✓ src/app/api/v1/skills/stream/__tests__/route.test.ts (12 tests) 45ms
stderr | src/app/api/v1/skills/__tests__/route.test.ts > GET /api/v1/skills > returns 500 when getSkills throws
GET /api/v1/skills error: Error: DB down
    at /Users/antonabyzov/Projects/github/specweave-umb/repositories/anton-abyzov/0874-intake-identity/src/app/api/v1/skills/__tests__/route.test.ts:138:41
    at file:///Users/antonabyzov/Projects/github/specweave-umb/repositories/anton-abyzov/0874-bulk-request-memory/node_modules/@vitest/runner/dist/chunk-hooks.js:155:11
    at file:///Users/antonabyzov/Projects/github/specweave-umb/repositories/anton-abyzov/0874-bulk-request-memory/node_modules/@vitest/runner/dist/chunk-hooks.js:752:26
    at file:///Users/antonabyzov/Projects/github/specweave-umb/repositories/anton-abyzov/0874-bulk-request-memory/node_modules/@vitest/runner/dist/chunk-hooks.js:1897:20
    at new Promise (<anonymous>)
    at runWithTimeout (file:///Users/antonabyzov/Projects/github/specweave-umb/repositories/anton-abyzov/0874-bulk-request-memory/node_modules/@vitest/runner/dist/chunk-hooks.js:1863:10)
    at runTest (file:///Users/antonabyzov/Projects/github/specweave-umb/repositories/anton-abyzov/0874-bulk-request-memory/node_modules/@vitest/runner/dist/chunk-hooks.js:1574:12)
    at processTicksAndRejections (node:internal/process/task_queues:105:5)
    at runSuite (file:///Users/antonabyzov/Projects/github/specweave-umb/repositories/anton-abyzov/0874-bulk-request-memory/node_modules/@vitest/runner/dist/chunk-hooks.js:1729:8)
    at runSuite (file:///Users/antonabyzov/Projects/github/specweave-umb/repositories/anton-abyzov/0874-bulk-request-memory/node_modules/@vitest/runner/dist/chunk-hooks.js:1729:8)

 ✓ src/app/api/v1/auth/github/installation/init/__tests__/route.test.ts (3 tests) 10ms
 ✓ src/app/api/v1/skills/__tests__/route.test.ts (16 tests) 90ms
 ✓ src/app/api/v1/admin/backfill-versionless-skills/__tests__/route.test.ts (17 tests) 85ms
 ✓ src/app/api/v1/tenants/[tenantId]/audit-log/__tests__/route.test.ts (5 tests) 28ms
stderr | src/app/api/v1/submissions/discover/__tests__/route.test.ts > POST /api/v1/submissions/discover > proceeds without token when getCloudflareContext fails
GITHUB_TOKEN not configured — using unauthenticated GitHub API calls

 ✓ src/app/api/v1/submissions/discover/__tests__/route.test.ts (15 tests) 23ms
 ✓ src/app/api/v1/submissions/__tests__/route.private-paywall.test.ts (3 tests) 20ms
stderr | src/app/api/v1/submissions/__tests__/route.privacy-gate.test.ts > POST /api/v1/submissions — free-tier cap enforcement (T-021) > does NOT block when private cap counting fails (best-effort guard)
[POST /submissions] private-cap count failed: DB down

 ✓ src/app/api/v1/submissions/__tests__/route.privacy-gate.test.ts (15 tests) 78ms
 ✓ src/app/api/v1/admin/recompute-slugs/__tests__/route.test.ts (7 tests) 32ms
stderr | src/app/api/v1/internal/skills/publish/__tests__/route.test.ts > POST /api/v1/internal/skills/publish — DO forwarding (AC-US3-04) > returns 502 if DO fetch throws
[publish] DO forward failed Error: DO down
    at /Users/antonabyzov/Projects/github/specweave-umb/repositories/anton-abyzov/0874-intake-identity/src/app/api/v1/internal/skills/publish/__tests__/route.test.ts:146:35
    at file:///Users/antonabyzov/Projects/github/specweave-umb/repositories/anton-abyzov/0874-bulk-request-memory/node_modules/@vitest/runner/dist/chunk-hooks.js:155:11
    at file:///Users/antonabyzov/Projects/github/specweave-umb/repositories/anton-abyzov/0874-bulk-request-memory/node_modules/@vitest/runner/dist/chunk-hooks.js:752:26
    at file:///Users/antonabyzov/Projects/github/specweave-umb/repositories/anton-abyzov/0874-bulk-request-memory/node_modules/@vitest/runner/dist/chunk-hooks.js:1897:20
    at new Promise (<anonymous>)
    at runWithTimeout (file:///Users/antonabyzov/Projects/github/specweave-umb/repositories/anton-abyzov/0874-bulk-request-memory/node_modules/@vitest/runner/dist/chunk-hooks.js:1863:10)
    at runTest (file:///Users/antonabyzov/Projects/github/specweave-umb/repositories/anton-abyzov/0874-bulk-request-memory/node_modules/@vitest/runner/dist/chunk-hooks.js:1574:12)
    at processTicksAndRejections (node:internal/process/task_queues:105:5)
    at runSuite (file:///Users/antonabyzov/Projects/github/specweave-umb/repositories/anton-abyzov/0874-bulk-request-memory/node_modules/@vitest/runner/dist/chunk-hooks.js:1729:8)
    at runSuite (file:///Users/antonabyzov/Projects/github/specweave-umb/repositories/anton-abyzov/0874-bulk-request-memory/node_modules/@vitest/runner/dist/chunk-hooks.js:1729:8)

 ✓ src/app/api/v1/internal/skills/publish/__tests__/route.test.ts (8 tests) 17ms
stderr | src/app/api/v1/submissions/__tests__/http-contract.test.ts > POST /api/v1/submissions — HTTP contract (T-013) > never leaks Prisma error code/meta into the response body (AC-US3-04)
POST /api/v1/submissions error: {
  message: 'P2002 leaked',
  stack: 'Error: P2002 leaked\n' +
    '    at /Users/antonabyzov/Projects/github/specweave-umb/repositories/anton-abyzov/0874-intake-identity/src/app/api/v1/submissions/__tests__/http-contract.test.ts:237:38\n' +
    '    at file:///Users/antonabyzov/Projects/github/specweave-umb/repositories/anton-abyzov/0874-bulk-request-memory/node_modules/@vitest/runner/dist/chunk-hooks.js:155:11\n' +
    '    at file:///Users/antonabyzov/Projects/github/specweave-umb/repositories/anton-abyzov/0874-bulk-request-memory/node_modules/@vitest/runner/dist/chunk-hooks.js:752:26\n' +
    '    at file:///Users/antonabyzov/Projects/github/specweave-umb/repositories/anton-abyzov/0874-bulk-request-memory/node_modules/@vitest/runner/dist/chunk-hooks.js:1897:20\n' +
    '    at new Promise (<anonymous>)\n' +
    '    at runWithTimeout (file:///Users/antonabyzov/Projects/github/specweave-umb/repositories/anton-abyzov/0874-bulk-request-memory/node_modules/@vitest/runner/dist/chunk-hooks.js:1863:10)\n' +
    '    at runTest (file:///Users/antonabyzov/Projects/github/specweave-umb/repositories/anton-abyzov/0874-bulk-request-memory/node_modules/@vitest/runner/dist/chunk-hooks.js:1574:12)\n' +
    '    at processTicksAndRejections (node:internal/process/task_queues:105:5)\n' +
    '    at runSuite (file:///Users/antonabyzov/Projects/github/specweave-umb/repositories/anton-abyzov/0874-bulk-request-memory/node_modules/@vitest/runner/dist/chunk-hooks.js:1729:8)\n' +
    '    at runSuite (file:///Users/antonabyzov/Projects/github/specweave-umb/repositories/anton-abyzov/0874-bulk-request-memory/node_modules/@vitest/runner/dist/chunk-hooks.js:1729:8)'
}

 ✓ src/app/api/v1/submissions/__tests__/http-contract.test.ts (6 tests) 24ms
stderr | src/app/api/v1/submissions/__tests__/route.filters.test.ts > GET /api/v1/submissions admin filters (0789) > TC-FILT-010: admin filter + DB error → 503 (KV fallback NOT consulted)
GET /api/v1/submissions error: circuit open

 ✓ src/app/pricing/__tests__/page.test.tsx (5 tests) 37ms
 ✓ src/app/api/v1/submissions/__tests__/route.filters.test.ts (13 tests) 25ms
stdout | src/app/api/v1/admin/recompute-version-cert-tiers/__tests__/route.test.ts > auth gating > accepts SUPER_ADMIN session auth (no internal key needed)
{"event":"recompute-version-cert-tier","skillId":"sk1","name":"anton-abyzov/obsidian-brain","version":"1.0.6","before":{"certTier":"VERIFIED","certMethod":"AUTOMATED_SCAN"},"after":{"certTier":"CERTIFIED","certMethod":"VENDOR_AUTO"},"ts":"2026-09-28T22:54:58.338Z"}
{"event":"recompute-version-cert-tier-summary","updated":1,"failed":0,"ts":"2026-09-28T22:54:58.338Z"}

stdout | src/app/api/v1/admin/recompute-version-cert-tiers/__tests__/route.test.ts > vendor + VERIFIED → CERTIFIED + VENDOR_AUTO > updates the stale row and returns the before/after diff
{"event":"recompute-version-cert-tier","skillId":"sk1","name":"anton-abyzov/obsidian-brain","version":"1.0.6","before":{"certTier":"VERIFIED","certMethod":"AUTOMATED_SCAN"},"after":{"certTier":"CERTIFIED","certMethod":"VENDOR_AUTO"},"ts":"2026-09-28T22:54:58.340Z"}
{"event":"recompute-version-cert-tier-summary","updated":1,"failed":0,"ts":"2026-09-28T22:54:58.340Z"}

stdout | src/app/api/v1/admin/recompute-version-cert-tiers/__tests__/route.test.ts > vendor + VERIFIED → CERTIFIED + VENDOR_AUTO > vendor-org check is case-insensitive (Anthropics → CERTIFIED)
{"event":"recompute-version-cert-tier","skillId":"sk2","name":"Anthropics/skills","version":"2.0.0","before":{"certTier":"VERIFIED","certMethod":"AUTOMATED_SCAN"},"after":{"certTier":"CERTIFIED","certMethod":"VENDOR_AUTO"},"ts":"2026-09-28T22:54:58.342Z"}
{"event":"recompute-version-cert-tier-summary","updated":1,"failed":0,"ts":"2026-09-28T22:54:58.342Z"}

stdout | src/app/api/v1/admin/recompute-version-cert-tiers/__tests__/route.test.ts > non-vendor authors are untouched > leaves a non-vendor + VERIFIED row alone
{"event":"recompute-version-cert-tier-summary","updated":0,"failed":0,"ts":"2026-09-28T22:54:58.358Z"}

stdout | src/app/api/v1/admin/recompute-version-cert-tiers/__tests__/route.test.ts > idempotency > vendor + already CERTIFIED → updated=0, no writes
{"event":"recompute-version-cert-tier-summary","updated":0,"failed":0,"ts":"2026-09-28T22:54:58.362Z"}

stdout | src/app/api/v1/admin/recompute-version-cert-tiers/__tests__/route.test.ts > idempotency > running twice in succession yields zero updates on the second call
{"event":"recompute-version-cert-tier","skillId":"sk1","name":"anton-abyzov/obsidian-brain","version":"1.0.6","before":{"certTier":"VERIFIED","certMethod":"AUTOMATED_SCAN"},"after":{"certTier":"CERTIFIED","certMethod":"VENDOR_AUTO"},"ts":"2026-09-28T22:54:58.363Z"}
{"event":"recompute-version-cert-tier-summary","updated":1,"failed":0,"ts":"2026-09-28T22:54:58.363Z"}

stdout | src/app/api/v1/admin/recompute-version-cert-tiers/__tests__/route.test.ts > idempotency > running twice in succession yields zero updates on the second call
{"event":"recompute-version-cert-tier-summary","updated":0,"failed":0,"ts":"2026-09-28T22:54:58.364Z"}

stdout | src/app/api/v1/admin/recompute-version-cert-tiers/__tests__/route.test.ts > partial failures > reports failures alongside successes when one row's update throws
{"event":"recompute-version-cert-tier","skillId":"sk1","name":"anton-abyzov/obsidian-brain","version":"1.0.6","before":{"certTier":"VERIFIED","certMethod":"AUTOMATED_SCAN"},"after":{"certTier":"CERTIFIED","certMethod":"VENDOR_AUTO"},"ts":"2026-09-28T22:54:58.365Z"}

stdout | src/app/api/v1/admin/recompute-version-cert-tiers/__tests__/route.test.ts > partial failures > reports failures alongside successes when one row's update throws
{"event":"recompute-version-cert-tier-summary","updated":1,"failed":1,"ts":"2026-09-28T22:54:58.365Z"}

 ✓ src/app/api/v1/admin/recompute-version-cert-tiers/__tests__/route.test.ts (12 tests) 40ms
 ✓ src/app/api/v1/internal/alerts-digest/__tests__/route.test.ts (4 tests) 11ms
 ✓ src/app/api/v1/submissions/bulk/__tests__/route.skillpath-validation.test.ts (16 tests) 68ms
 ✓ src/app/api/v1/admin/backfill-versions/__tests__/route.test.ts (11 tests) 21ms
 ✓ src/app/api/v1/admin/queue/bulk-requeue/__tests__/route.test.ts (4 tests) 96ms
stderr | src/app/api/v1/submissions/bulk/__tests__/route.identity-collision.test.ts > bulk route with actual canonical upsert > never settles an exhausted deleted-row race under HTTP200 (["sourceType","sourceId","artifactPath"])
[bulk] Failed to create submission: https://github.com/new-owner/new-repo new-name Submission identity changed during intake; retry

stderr | src/app/api/v1/submissions/bulk/__tests__/route.identity-collision.test.ts > bulk route with actual canonical upsert > never settles an exhausted deleted-row race under HTTP200 (["repoUrl","skillName"])
[bulk] Failed to create submission: https://github.com/new-owner/new-repo new-name Submission identity changed during intake; retry

stderr | src/app/api/v1/submissions/bulk/__tests__/route.identity-collision.test.ts > bulk route with actual canonical upsert > does not settle, disclose or requeue a scoped canonical match ({"privacy":"PRIVATE","tenantId":null})
[bulk] Failed to create submission: https://github.com/new-owner/new-repo new-name Submission identity cannot be safely reused

stderr | src/app/api/v1/submissions/bulk/__tests__/route.identity-collision.test.ts > bulk route with actual canonical upsert > does not settle, disclose or requeue a scoped canonical match ({"privacy":"PUBLIC","tenantId":"other-tenant"})
[bulk] Failed to create submission: https://github.com/new-owner/new-repo new-name Submission identity cannot be safely reused

 ✓ src/app/api/v1/submissions/bulk/__tests__/route.identity-collision.test.ts (5 tests) 19ms
 ✓ src/app/api/v1/admin/dedup-skills/__tests__/route.test.ts (4 tests) 13ms
 ✓ src/app/api/v1/submissions/__tests__/route.skillmd-check.test.ts (7 tests) 25ms
stdout | src/app/api/v1/admin/skills/[owner]/[repo]/[skill]/delete/__tests__/route.test.ts > DELETE /api/v1/admin/skills/[owner]/[repo]/[skill]/delete - KV cleanup > calls updateSearchShard with 'remove' action
[admin] Skill "steipete/clawdis/skill-creator" hard-deleted by system:internal-key: {"metricsSnapshots":0,"problemReports":0,"agentCompats":0,"skillVersions":0,"submissionsUnlinked":0}

stdout | src/app/api/v1/admin/skills/[owner]/[repo]/[skill]/delete/__tests__/route.test.ts > DELETE /api/v1/admin/skills/[owner]/[repo]/[skill]/delete - KV cleanup > calls updateSearchShard before db.$transaction
[admin] Skill "steipete/clawdis/skill-creator" hard-deleted by system:internal-key: {}

stdout | src/app/api/v1/admin/skills/[owner]/[repo]/[skill]/delete/__tests__/route.test.ts > DELETE /api/v1/admin/skills/[owner]/[repo]/[skill]/delete - KV cleanup > calls invalidateSearchIndex after shard removal
[admin] Skill "steipete/clawdis/skill-creator" hard-deleted by system:internal-key: {"metricsSnapshots":0,"problemReports":0,"agentCompats":0,"skillVersions":0,"submissionsUnlinked":0}

stdout | src/app/api/v1/admin/skills/[owner]/[repo]/[skill]/delete/__tests__/route.test.ts > DELETE /api/v1/admin/skills/[owner]/[repo]/[skill]/delete - KV cleanup > fetches skill with SEARCH_ENTRY_SELECT fields
[admin] Skill "steipete/clawdis/skill-creator" hard-deleted by system:internal-key: {"metricsSnapshots":0,"problemReports":0,"agentCompats":0,"skillVersions":0,"submissionsUnlinked":0}

stdout | src/app/api/v1/admin/skills/[owner]/[repo]/[skill]/delete/__tests__/route.test.ts > DELETE /api/v1/admin/skills/[owner]/[repo]/[skill]/delete - KV cleanup > includes kvCleanup: true in response on success
[admin] Skill "steipete/clawdis/skill-creator" hard-deleted by system:internal-key: {"metricsSnapshots":0,"problemReports":0,"agentCompats":0,"skillVersions":0,"submissionsUnlinked":0}

stderr | src/app/api/v1/admin/skills/[owner]/[repo]/[skill]/delete/__tests__/route.test.ts > DELETE /api/v1/admin/skills/[owner]/[repo]/[skill]/delete - KV cleanup > does not block DB deletion when KV fails
[admin] KV shard cleanup failed for delete of steipete/clawdis/skill-creator Error: KV network error
    at /Users/antonabyzov/Projects/github/specweave-umb/repositories/anton-abyzov/0874-intake-identity/src/app/api/v1/admin/skills/[owner]/[repo]/[skill]/delete/__tests__/route.test.ts:196:45
    at file:///Users/antonabyzov/Projects/github/specweave-umb/repositories/anton-abyzov/0874-bulk-request-memory/node_modules/@vitest/runner/dist/chunk-hooks.js:155:11
    at file:///Users/antonabyzov/Projects/github/specweave-umb/repositories/anton-abyzov/0874-bulk-request-memory/node_modules/@vitest/runner/dist/chunk-hooks.js:752:26
    at file:///Users/antonabyzov/Projects/github/specweave-umb/repositories/anton-abyzov/0874-bulk-request-memory/node_modules/@vitest/runner/dist/chunk-hooks.js:1897:20
    at new Promise (<anonymous>)
    at runWithTimeout (file:///Users/antonabyzov/Projects/github/specweave-umb/repositories/anton-abyzov/0874-bulk-request-memory/node_modules/@vitest/runner/dist/chunk-hooks.js:1863:10)
    at runTest (file:///Users/antonabyzov/Projects/github/specweave-umb/repositories/anton-abyzov/0874-bulk-request-memory/node_modules/@vitest/runner/dist/chunk-hooks.js:1574:12)
    at processTicksAndRejections (node:internal/process/task_queues:105:5)
    at runSuite (file:///Users/antonabyzov/Projects/github/specweave-umb/repositories/anton-abyzov/0874-bulk-request-memory/node_modules/@vitest/runner/dist/chunk-hooks.js:1729:8)
    at runSuite (file:///Users/antonabyzov/Projects/github/specweave-umb/repositories/anton-abyzov/0874-bulk-request-memory/node_modules/@vitest/runner/dist/chunk-hooks.js:1729:8)

stdout | src/app/api/v1/admin/skills/[owner]/[repo]/[skill]/delete/__tests__/route.test.ts > DELETE /api/v1/admin/skills/[owner]/[repo]/[skill]/delete - KV cleanup > does not block DB deletion when KV fails
[admin] Skill "steipete/clawdis/skill-creator" hard-deleted by system:internal-key: {"metricsSnapshots":0,"problemReports":0,"agentCompats":0,"skillVersions":0,"submissionsUnlinked":0}

stderr | src/app/api/v1/admin/skills/[owner]/[repo]/[skill]/delete/__tests__/route.test.ts > DELETE /api/v1/admin/skills/[owner]/[repo]/[skill]/delete - KV cleanup > includes kvCleanup: false in response on KV failure
[admin] KV shard cleanup failed for delete of steipete/clawdis/skill-creator Error: KV down
    at /Users/antonabyzov/Projects/github/specweave-umb/repositories/anton-abyzov/0874-intake-identity/src/app/api/v1/admin/skills/[owner]/[repo]/[skill]/delete/__tests__/route.test.ts:207:45
    at file:///Users/antonabyzov/Projects/github/specweave-umb/repositories/anton-abyzov/0874-bulk-request-memory/node_modules/@vitest/runner/dist/chunk-hooks.js:155:11
    at file:///Users/antonabyzov/Projects/github/specweave-umb/repositories/anton-abyzov/0874-bulk-request-memory/node_modules/@vitest/runner/dist/chunk-hooks.js:752:26
    at file:///Users/antonabyzov/Projects/github/specweave-umb/repositories/anton-abyzov/0874-bulk-request-memory/node_modules/@vitest/runner/dist/chunk-hooks.js:1897:20
    at new Promise (<anonymous>)
    at runWithTimeout (file:///Users/antonabyzov/Projects/github/specweave-umb/repositories/anton-abyzov/0874-bulk-request-memory/node_modules/@vitest/runner/dist/chunk-hooks.js:1863:10)
    at runTest (file:///Users/antonabyzov/Projects/github/specweave-umb/repositories/anton-abyzov/0874-bulk-request-memory/node_modules/@vitest/runner/dist/chunk-hooks.js:1574:12)
    at processTicksAndRejections (node:internal/process/task_queues:105:5)
    at runSuite (file:///Users/antonabyzov/Projects/github/specweave-umb/repositories/anton-abyzov/0874-bulk-request-memory/node_modules/@vitest/runner/dist/chunk-hooks.js:1729:8)
    at runSuite (file:///Users/antonabyzov/Projects/github/specweave-umb/repositories/anton-abyzov/0874-bulk-request-memory/node_modules/@vitest/runner/dist/chunk-hooks.js:1729:8)

stdout | src/app/api/v1/admin/skills/[owner]/[repo]/[skill]/delete/__tests__/route.test.ts > DELETE /api/v1/admin/skills/[owner]/[repo]/[skill]/delete - KV cleanup > includes kvCleanup: false in response on KV failure
[admin] Skill "steipete/clawdis/skill-creator" hard-deleted by system:internal-key: {"metricsSnapshots":0,"problemReports":0,"agentCompats":0,"skillVersions":0,"submissionsUnlinked":0}

stdout | src/app/api/v1/admin/skills/[owner]/[repo]/[skill]/delete/__tests__/route.test.ts > DELETE /api/v1/admin/skills/[owner]/[repo]/[skill]/delete - KV cleanup > logs KV failure for audit trail
[admin] Skill "steipete/clawdis/skill-creator" hard-deleted by system:internal-key: {"metricsSnapshots":0,"problemReports":0,"agentCompats":0,"skillVersions":0,"submissionsUnlinked":0}

 ✓ src/app/api/v1/admin/skills/[owner]/[repo]/[skill]/delete/__tests__/route.test.ts (8 tests) 22ms
stderr | src/app/api/v1/internal/stats/queue/__tests__/route.test.ts > POST /api/v1/internal/stats/queue > returns 500 when KV put throws
[internal/stats/queue] KV put failed: KV unavailable

 ✓ src/app/api/v1/internal/stats/queue/__tests__/route.test.ts (11 tests) 45ms
stderr | src/app/api/v1/internal/pending-sast-scans/__tests__/route.test.ts > GET /api/v1/internal/pending-sast-scans > returns empty array on DB error
[pending-sast-scans] DB error: connection failed

 ✓ src/app/api/v1/internal/pending-sast-scans/__tests__/route.test.ts (10 tests) 32ms
stderr | src/app/api/v1/queue/health/__tests__/route.test.ts > GET /api/v1/queue/health (0762) > reports statsAge from KV submissions:stats-cache
[stats-refresh] DB fallback read failed: Cannot read properties of undefined (reading 'findUnique')
[stats-refresh] All caches empty — returning LAST_KNOWN_GOOD fallback

stderr | src/app/api/v1/queue/health/__tests__/route.test.ts > GET /api/v1/queue/health (0762) > reports vmHeartbeat from KV stats-cache generatedAt
[stats-refresh] DB fallback read failed: Cannot read properties of undefined (reading 'findUnique')
[stats-refresh] All caches empty — returning LAST_KNOWN_GOOD fallback

stderr | src/app/api/v1/queue/health/__tests__/route.test.ts > GET /api/v1/queue/health (0762) > writes to KV cache with 30s TTL on a cache miss
[stats-refresh] DB fallback read failed: Cannot read properties of undefined (reading 'findUnique')
[stats-refresh] All caches empty — returning LAST_KNOWN_GOOD fallback

 ✓ src/app/api/v1/queue/health/__tests__/route.test.ts (14 tests) 20ms
stderr | src/app/api/v1/submissions/__tests__/route.failure-surface.test.ts > GET /api/v1/submissions — failure surface (0713 US-002) > AC-US2-02: surfaces DB failures as 503 instead of empty array > returns 503 with Retry-After:30 and database_unavailable hint when findMany times out
GET /api/v1/submissions error: Query timed out after 8000ms

stderr | src/app/api/v1/submissions/__tests__/route.failure-surface.test.ts > GET /api/v1/submissions — failure surface (0713 US-002) > AC-US2-03: list/stats mismatch warning > emits list_empty_total_mismatch warning when DB returns 0 but stats say >0 for filter
[queue/submissions] list_empty_total_mismatch: stateFilter=active dbRows=0 statsExpected=50

stderr | src/app/api/v1/submissions/__tests__/route.failure-surface.test.ts > GET /api/v1/submissions — failure surface (0713 US-002) > AC-US2-04: non-category branch surfaces errors > propagates fetchSubmissionList errors to the 503 fallback (state=all)
GET /api/v1/submissions error: circuit open

 ✓ src/app/api/v1/submissions/__tests__/route.failure-surface.test.ts (6 tests) 23ms
 ✓ src/app/api/v1/skills/search/__tests__/route-publisher.test.ts (7 tests) 16ms
stderr | src/app/api/v1/billing/seats/usage/__tests__/route.test.ts > GET /api/v1/billing/seats/usage > surfaces 503 seat_usage_unavailable when post-withTenant DB awaits fail
[billing/seats/usage] failed to load seat data transient db error

 ✓ src/app/api/v1/billing/seats/usage/__tests__/route.test.ts (9 tests) 22ms
stderr | src/app/api/v1/auth/github/grant/__tests__/route.test.ts > DELETE /api/v1/auth/github/grant (0836 US-005) > returns 502 when GitHub responds 404 (OAuth app not found)
grant-revoke: GitHub 404 — OAuth app Iv1.test-client-id not found

stderr | src/app/api/v1/auth/github/grant/__tests__/route.test.ts > DELETE /api/v1/auth/github/grant (0836 US-005) > returns 502 when GitHub responds 5xx
grant-revoke: GitHub responded 503

stderr | src/app/api/v1/auth/github/grant/__tests__/route.test.ts > DELETE /api/v1/auth/github/grant (0836 US-005) > returns 502 on network error
grant-revoke: upstream network

stderr | src/app/api/v1/auth/github/grant/__tests__/route.test.ts > DELETE /api/v1/auth/github/grant (0836 US-005) > returns 502 on AbortError (timeout)
grant-revoke: upstream timeout

stderr | src/app/api/v1/auth/github/grant/__tests__/route.test.ts > DELETE /api/v1/auth/github/grant (0836 US-005) > returns 503 when GITHUB_CLIENT_SECRET is unset
grant-revoke: GITHUB_CLIENT_ID or GITHUB_CLIENT_SECRET not configured

stderr | src/app/api/v1/auth/github/grant/__tests__/route.test.ts > DELETE /api/v1/auth/github/grant (0836 US-005) > does not echo the user token in error responses
grant-revoke: GitHub responded 503

 ✓ src/app/api/v1/auth/github/grant/__tests__/route.test.ts (13 tests) 26ms
stderr | src/app/api/v1/internal/reconciler/ensure/__tests__/route.test.ts > POST /api/v1/internal/reconciler/ensure — DO routing (AC-US2-04) > DO unreachable -> 502 with typed error
[reconciler-ensure] DO forward failed Error: network down
    at /Users/antonabyzov/Projects/github/specweave-umb/repositories/anton-abyzov/0874-intake-identity/src/app/api/v1/internal/reconciler/ensure/__tests__/route.test.ts:114:35
    at file:///Users/antonabyzov/Projects/github/specweave-umb/repositories/anton-abyzov/0874-bulk-request-memory/node_modules/@vitest/runner/dist/chunk-hooks.js:155:11
    at file:///Users/antonabyzov/Projects/github/specweave-umb/repositories/anton-abyzov/0874-bulk-request-memory/node_modules/@vitest/runner/dist/chunk-hooks.js:752:26
    at file:///Users/antonabyzov/Projects/github/specweave-umb/repositories/anton-abyzov/0874-bulk-request-memory/node_modules/@vitest/runner/dist/chunk-hooks.js:1897:20
    at new Promise (<anonymous>)
    at runWithTimeout (file:///Users/antonabyzov/Projects/github/specweave-umb/repositories/anton-abyzov/0874-bulk-request-memory/node_modules/@vitest/runner/dist/chunk-hooks.js:1863:10)
    at runTest (file:///Users/antonabyzov/Projects/github/specweave-umb/repositories/anton-abyzov/0874-bulk-request-memory/node_modules/@vitest/runner/dist/chunk-hooks.js:1574:12)
    at processTicksAndRejections (node:internal/process/task_queues:105:5)
    at runSuite (file:///Users/antonabyzov/Projects/github/specweave-umb/repositories/anton-abyzov/0874-bulk-request-memory/node_modules/@vitest/runner/dist/chunk-hooks.js:1729:8)
    at runSuite (file:///Users/antonabyzov/Projects/github/specweave-umb/repositories/anton-abyzov/0874-bulk-request-memory/node_modules/@vitest/runner/dist/chunk-hooks.js:1729:8)

 ✓ src/app/api/v1/internal/reconciler/ensure/__tests__/route.test.ts (6 tests) 14ms
stderr | src/app/api/v1/submissions/stats/__tests__/route.test.ts > GET /api/v1/submissions/stats > Tier 3: DB fallback > returns degraded empty stats when DB row not found
[queue-stats-api] Returning missing stats from empty; cron refresh owns recomputation

stderr | src/app/api/v1/submissions/stats/__tests__/route.test.ts > GET /api/v1/submissions/stats > Tier 4: Compute on demand > does not compute stats when all caches are empty
[queue-stats-api] Returning missing stats from empty; cron refresh owns recomputation

stderr | src/app/api/v1/submissions/stats/__tests__/route.test.ts > GET /api/v1/submissions/stats > Tier 4: Compute on demand > stays fast when circuit breaker is open
[queue-stats-cache] DB circuit open; skipping DB stats fallback

stderr | src/app/api/v1/submissions/stats/__tests__/route.test.ts > GET /api/v1/submissions/stats > Tier 4: Compute on demand > stays fast when circuit breaker is open
[queue-stats-api] Returning missing stats from empty; cron refresh owns recomputation

stderr | src/app/api/v1/submissions/stats/__tests__/route.test.ts > GET /api/v1/submissions/stats > Tier 5: Empty stats (last resort) > returns degraded empty stats with no-cache when all tiers fail
[queue-stats-api] Returning missing stats from empty; cron refresh owns recomputation

stderr | src/app/api/v1/submissions/stats/__tests__/route.test.ts > GET /api/v1/submissions/stats > 0757: 503 on cold-worker empty tier > returns 503 with Retry-After: 5 when all tiers miss (source=empty)
[queue-stats-api] Returning missing stats from empty; cron refresh owns recomputation

stderr | src/app/api/v1/submissions/stats/__tests__/route.test.ts > GET /api/v1/submissions/stats > Error resilience > survives KV error and falls through to memory
[queue-stats-cache] KV read failed: KV unavailable

stderr | src/app/api/v1/submissions/stats/__tests__/route.test.ts > GET /api/v1/submissions/stats > Error resilience > survives DB error and returns degraded empty stats
[queue-stats-cache] DB fallback read failed: DB down

stderr | src/app/api/v1/submissions/stats/__tests__/route.test.ts > GET /api/v1/submissions/stats > Error resilience > survives DB error and returns degraded empty stats
[queue-stats-api] Returning missing stats from empty; cron refresh owns recomputation

stderr | src/app/api/v1/submissions/stats/__tests__/route.test.ts > GET /api/v1/submissions/stats > Error resilience > returns stale non-zero DB fallback rows without recomputing
[queue-stats-api] Returning stale stats from db; cron refresh owns recomputation

 ✓ src/app/api/v1/skills/by-id/[id]/register-tracking/__tests__/route.test.ts (8 tests) 17ms
 ✓ src/app/api/v1/submissions/stats/__tests__/route.test.ts (15 tests) 17ms
stdout | src/app/api/v1/admin/recompute-skill-cert-tiers/__tests__/route.test.ts > vendor-org bulk update (AC-US1-01) > flips vendor + VERIFIED rows to CERTIFIED+VENDOR_AUTO+T4+100 in one updateMany call
{"event":"recompute-skill-cert-tier-summary","updated":2,"ts":"2026-09-28T22:55:01.007Z"}

stdout | src/app/api/v1/admin/recompute-skill-cert-tiers/__tests__/route.test.ts > vendor-org bulk update (AC-US1-01) > clears taint on vendor skills even when certTier was already CERTIFIED
{"event":"recompute-skill-cert-tier-summary","updated":1,"ts":"2026-09-28T22:55:01.010Z"}

 ✓ src/app/api/v1/admin/health/skills/__tests__/route.test.ts (6 tests) 15ms
stdout | src/app/api/v1/admin/recompute-skill-cert-tiers/__tests__/route.test.ts > non-vendor rows are not touched (AC-US1-01 negative) > leaves a non-vendor + VERIFIED row alone
{"event":"recompute-skill-cert-tier-summary","updated":0,"ts":"2026-09-28T22:55:01.011Z"}

stdout | src/app/api/v1/admin/recompute-skill-cert-tiers/__tests__/route.test.ts > idempotency (AC-US1-03) > vendor + already-CERTIFIED+T4+100+!isTainted → updated=0
{"event":"recompute-skill-cert-tier-summary","updated":0,"ts":"2026-09-28T22:55:01.012Z"}

stdout | src/app/api/v1/admin/recompute-skill-cert-tiers/__tests__/route.test.ts > idempotency (AC-US1-03) > running twice in succession → second call updates 0
{"event":"recompute-skill-cert-tier-summary","updated":1,"ts":"2026-09-28T22:55:01.013Z"}

stdout | src/app/api/v1/admin/recompute-skill-cert-tiers/__tests__/route.test.ts > idempotency (AC-US1-03) > running twice in succession → second call updates 0
{"event":"recompute-skill-cert-tier-summary","updated":0,"ts":"2026-09-28T22:55:01.013Z"}

stdout | src/app/api/v1/admin/recompute-skill-cert-tiers/__tests__/route.test.ts > response shape (AC-US1-02) > sample[] caps at 20 rows even if more exist
{"event":"recompute-skill-cert-tier-summary","updated":25,"ts":"2026-09-28T22:55:01.014Z"}

 ✓ src/app/api/v1/admin/recompute-skill-cert-tiers/__tests__/route.test.ts (8 tests) 30ms
 ✓ src/app/api/v1/submissions/__tests__/route.auth-degrade.test.ts (6 tests) 31ms
 ✓ src/app/api/v1/admin/alerts/_test-seed/__tests__/route.test.ts (7 tests) 18ms
 ✓ src/app/api/v1/internal/broadcast/__tests__/route.test.ts (4 tests) 11ms
 ✓ src/app/desktop/latest.json/__tests__/route.test.ts (16 tests) 61ms
 ✓ src/app/api/v1/admin/queue/metrics/__tests__/route.test.ts (2 tests) 52ms
 ✓ src/__tests__/account-connect-preflight.test.tsx (3 tests) 17ms
 ✓ src/app/api/v1/internal/cache/skills/__tests__/route.test.ts (3 tests) 11ms
 ✓ src/app/api/v1/internal/stats/queue-list-warmup/__tests__/route.test.ts (5 tests) 31ms
stderr | src/app/queue/__tests__/data.initial-data.test.ts > getQueueInitialDataSSR > falls back to published when active queue is empty but published data exists
[stats-refresh] getCloudflareContext failed: 

ERROR: `getCloudflareContext` has been called without having called `initOpenNextCloudflareForDev` from the Next.js config file.
You should update your Next.js config file as shown below:

   ```
   // next.config.mjs

   import { initOpenNextCloudflareForDev } from "@opennextjs/cloudflare";

   initOpenNextCloudflareForDev();

   const nextConfig = { ... };
   export default nextConfig;
   ```



stderr | src/app/queue/__tests__/data.initial-data.test.ts > getQueueInitialDataSSR > falls back to published when active queue is empty but published data exists
[stats-refresh] All caches empty — returning LAST_KNOWN_GOOD fallback

stderr | src/app/queue/__tests__/data.initial-data.test.ts > getQueueInitialDataSSR > returns a degraded boot state when stats exist but list cache is unavailable
[stats-refresh] getCloudflareContext failed: 

ERROR: `getCloudflareContext` has been called without having called `initOpenNextCloudflareForDev` from the Next.js config file.
You should update your Next.js config file as shown below:

   ```
   // next.config.mjs

   import { initOpenNextCloudflareForDev } from "@opennextjs/cloudflare";

   initOpenNextCloudflareForDev();

   const nextConfig = { ... };
   export default nextConfig;
   ```



stderr | src/app/queue/__tests__/data.initial-data.test.ts > getQueueInitialDataSSR > returns a degraded boot state when stats exist but list cache is unavailable
[stats-refresh] All caches empty — returning LAST_KNOWN_GOOD fallback

stderr | src/app/queue/__tests__/data.initial-data.test.ts > getQueueInitialDataSSR > ignores empty list cache snapshots during SSR boot
[stats-refresh] getCloudflareContext failed: 

ERROR: `getCloudflareContext` has been called without having called `initOpenNextCloudflareForDev` from the Next.js config file.
You should update your Next.js config file as shown below:

   ```
   // next.config.mjs

   import { initOpenNextCloudflareForDev } from "@opennextjs/cloudflare";

   initOpenNextCloudflareForDev();

   const nextConfig = { ... };
   export default nextConfig;
   ```



stderr | src/app/queue/__tests__/data.initial-data.test.ts > getQueueInitialDataSSR > ignores empty list cache snapshots during SSR boot
[stats-refresh] All caches empty — returning LAST_KNOWN_GOOD fallback

stderr | src/app/queue/__tests__/data.initial-data.test.ts > getQueueInitialDataSSR > ignores legacy active SSR list cache without _cachedAt
[stats-refresh] getCloudflareContext failed: 

ERROR: `getCloudflareContext` has been called without having called `initOpenNextCloudflareForDev` from the Next.js config file.
You should update your Next.js config file as shown below:

   ```
   // next.config.mjs

   import { initOpenNextCloudflareForDev } from "@opennextjs/cloudflare";

   initOpenNextCloudflareForDev();

   const nextConfig = { ... };
   export default nextConfig;
   ```



stderr | src/app/queue/__tests__/data.initial-data.test.ts > getQueueInitialDataSSR > ignores legacy active SSR list cache without _cachedAt
[stats-refresh] All caches empty — returning LAST_KNOWN_GOOD fallback

stderr | src/app/queue/__tests__/data.initial-data.test.ts > getQueueInitialDataSSR > 0757: stats nullability when degraded+zero (cold-worker empty) > preserves the real stats object when the snapshot is healthy
[stats-refresh] getCloudflareContext failed: 

ERROR: `getCloudflareContext` has been called without having called `initOpenNextCloudflareForDev` from the Next.js config file.
You should update your Next.js config file as shown below:

   ```
   // next.config.mjs

   import { initOpenNextCloudflareForDev } from "@opennextjs/cloudflare";

   initOpenNextCloudflareForDev();

   const nextConfig = { ... };
   export default nextConfig;
   ```



stderr | src/app/queue/__tests__/data.initial-data.test.ts > getQueueInitialDataSSR > 0757: stats nullability when degraded+zero (cold-worker empty) > preserves the real stats object when the snapshot is healthy
[stats-refresh] All caches empty — returning LAST_KNOWN_GOOD fallback

stderr | src/app/queue/__tests__/data.initial-data.test.ts > getQueueInitialDataSSR > 0757: stats nullability when degraded+zero (cold-worker empty) > preserves degraded-but-real stats (degraded:true with total > 0)
[stats-refresh] getCloudflareContext failed: 

ERROR: `getCloudflareContext` has been called without having called `initOpenNextCloudflareForDev` from the Next.js config file.
You should update your Next.js config file as shown below:

   ```
   // next.config.mjs

   import { initOpenNextCloudflareForDev } from "@opennextjs/cloudflare";

   initOpenNextCloudflareForDev();

   const nextConfig = { ... };
   export default nextConfig;
   ```



stderr | src/app/queue/__tests__/data.initial-data.test.ts > getQueueInitialDataSSR > 0757: stats nullability when degraded+zero (cold-worker empty) > preserves degraded-but-real stats (degraded:true with total > 0)
[stats-refresh] All caches empty — returning LAST_KNOWN_GOOD fallback

stderr | src/app/queue/__tests__/data.initial-data.test.ts > getQueueInitialDataSSR > skips the list fetch when ?q= is present in params
[stats-refresh] getCloudflareContext failed: 

ERROR: `getCloudflareContext` has been called without having called `initOpenNextCloudflareForDev` from the Next.js config file.
You should update your Next.js config file as shown below:

   ```
   // next.config.mjs

   import { initOpenNextCloudflareForDev } from "@opennextjs/cloudflare";

   initOpenNextCloudflareForDev();

   const nextConfig = { ... };
   export default nextConfig;
   ```



stderr | src/app/queue/__tests__/data.initial-data.test.ts > getQueueInitialDataSSR > skips the list fetch when ?q= is present in params
[stats-refresh] All caches empty — returning LAST_KNOWN_GOOD fallback

stderr | src/app/queue/__tests__/data.initial-data.test.ts > getQueueInitialDataSSR > does NOT skip the list fetch when q is too short to be a real query
[stats-refresh] getCloudflareContext failed: 

ERROR: `getCloudflareContext` has been called without having called `initOpenNextCloudflareForDev` from the Next.js config file.
You should update your Next.js config file as shown below:

   ```
   // next.config.mjs

   import { initOpenNextCloudflareForDev } from "@opennextjs/cloudflare";

   initOpenNextCloudflareForDev();

   const nextConfig = { ... };
   export default nextConfig;
   ```



stderr | src/app/queue/__tests__/data.initial-data.test.ts > getQueueInitialDataSSR > does NOT skip the list fetch when q is too short to be a real query
[stats-refresh] All caches empty — returning LAST_KNOWN_GOOD fallback

stderr | src/app/queue/__tests__/data.initial-data.test.ts > getQueueInitialDataSSR > accepts a last-page SSR list cache snapshot when rows < limit is expected at that offset
[stats-refresh] getCloudflareContext failed: 

ERROR: `getCloudflareContext` has been called without having called `initOpenNextCloudflareForDev` from the Next.js config file.
You should update your Next.js config file as shown below:

   ```
   // next.config.mjs

   import { initOpenNextCloudflareForDev } from "@opennextjs/cloudflare";

   initOpenNextCloudflareForDev();

   const nextConfig = { ... };
   export default nextConfig;
   ```



stderr | src/app/queue/__tests__/data.initial-data.test.ts > getQueueInitialDataSSR > accepts a last-page SSR list cache snapshot when rows < limit is expected at that offset
[stats-refresh] All caches empty — returning LAST_KNOWN_GOOD fallback

 ✓ src/app/queue/__tests__/data.initial-data.test.ts (12 tests) 22ms
 ✓ src/app/api/v1/internal/cache/publishers/__tests__/route.test.ts (3 tests) 17ms
 ✓ src/app/api/v1/admin/refresh-skills/__tests__/route.test.ts (6 tests) 37ms
 ✓ src/app/api/v1/skills/search/__tests__/route-bwc-vskill-find.test.ts (3 tests) 32ms
 ✓ src/app/api/v1/auth/github/device-flow/code/__tests__/route.test.ts (3 tests) 12ms
 ✓ src/app/api/v1/internal/skills/publish/__tests__/route.submission-decision.test.ts (8 tests) 17ms
 ✓ src/app/api/v1/tenants/[tenantId]/audit-log/export/__tests__/route.test.ts (4 tests) 14ms
 ✓ src/app/api/v1/submissions/__tests__/route.cache-poison.test.ts (2 tests) 15ms
stderr | src/app/api/v1/stats/__tests__/route.test.ts > GET /api/v1/stats > returns 500 when getHomeStats throws
GET /api/v1/stats error: Error: KV unavailable
    at /Users/antonabyzov/Projects/github/specweave-umb/repositories/anton-abyzov/0874-intake-identity/src/app/api/v1/stats/__tests__/route.test.ts:50:44
    at file:///Users/antonabyzov/Projects/github/specweave-umb/repositories/anton-abyzov/0874-bulk-request-memory/node_modules/@vitest/runner/dist/chunk-hooks.js:155:11
    at file:///Users/antonabyzov/Projects/github/specweave-umb/repositories/anton-abyzov/0874-bulk-request-memory/node_modules/@vitest/runner/dist/chunk-hooks.js:752:26
    at file:///Users/antonabyzov/Projects/github/specweave-umb/repositories/anton-abyzov/0874-bulk-request-memory/node_modules/@vitest/runner/dist/chunk-hooks.js:1897:20
    at new Promise (<anonymous>)
    at runWithTimeout (file:///Users/antonabyzov/Projects/github/specweave-umb/repositories/anton-abyzov/0874-bulk-request-memory/node_modules/@vitest/runner/dist/chunk-hooks.js:1863:10)
    at runTest (file:///Users/antonabyzov/Projects/github/specweave-umb/repositories/anton-abyzov/0874-bulk-request-memory/node_modules/@vitest/runner/dist/chunk-hooks.js:1574:12)
    at processTicksAndRejections (node:internal/process/task_queues:105:5)
    at runSuite (file:///Users/antonabyzov/Projects/github/specweave-umb/repositories/anton-abyzov/0874-bulk-request-memory/node_modules/@vitest/runner/dist/chunk-hooks.js:1729:8)
    at runSuite (file:///Users/antonabyzov/Projects/github/specweave-umb/repositories/anton-abyzov/0874-bulk-request-memory/node_modules/@vitest/runner/dist/chunk-hooks.js:1729:8)

 ✓ src/app/api/v1/tenants/[tenantId]/skills/__tests__/route.private-paywall.test.ts (3 tests) 19ms
 ✓ src/app/api/v1/stats/__tests__/route.test.ts (4 tests) 8ms
 ✓ src/app/account/orgs/[tenantId]/__tests__/page.test.tsx (5 tests) 45ms
 ✓ src/app/api/v1/admin/cron-log/__tests__/route.test.ts (6 tests) 12ms
 ✓ src/app/api/v1/e2e-harness/__tests__/guard.test.ts (6 tests) 30ms
 ✓ src/app/api/v1/auth/github/device-flow/token/__tests__/route.test.ts (3 tests) 50ms
 ✓ src/app/desktop/[...asset]/__tests__/route.test.ts (7 tests) 11ms
 ✓ src/app/api/v1/admin/migrate-slugs/__tests__/route.test.ts (2 tests) 28ms
 ✓ src/app/queue/__tests__/data-warmup.test.ts (4 tests) 4ms
 ✓ src/app/api/v1/skills/stream/__tests__/route.submission-decision.test.ts (2 tests) 9ms
 ✓ src/app/studio/find/lib/mock-fetch-gate.test.ts (6 tests) 11ms
 ✓ src/app/api/v1/submissions/__tests__/republish-no-prisma-leak.test.ts (2 tests) 11ms
 ✓ src/app/api/v1/legacy-redirect/[slug]/__tests__/route.test.ts (4 tests) 17ms
 ✓ src/app/blocklist/__tests__/page.test.tsx (1 test) 128ms
 ✓ src/app/api/v1/admin/alerts/[id]/ack/__tests__/route.test.ts (3 tests) 49ms
 ✓ src/app/api/v1/admin/alerts/recent/__tests__/route.test.ts (3 tests) 18ms
 ✓ src/app/api/v1/submissions/[id]/__tests__/route.publishedSkillName.test.ts (2 tests) 28ms
stderr | src/app/__tests__/sitemap.test.ts > sitemap (0812 AC-US4-05) > includes a /docs/studio entry in the returned MetadataRoute.Sitemap
[sitemap] Publisher query failed: db.skill.groupBy is not a function

stderr | src/app/__tests__/sitemap.test.ts > sitemap (0812 AC-US4-05) > /docs/studio uses a sane changeFrequency and priority
[sitemap] Publisher query failed: db.skill.groupBy is not a function

stderr | src/app/__tests__/sitemap.test.ts > sitemap (0812 AC-US4-05) > emits both /studio (flagship) and /docs/studio (docs) entries
[sitemap] Publisher query failed: db.skill.groupBy is not a function

stderr | src/app/__tests__/sitemap.test.ts > sitemap (0817 AC-US1-05) — /watch IA promotion > includes a /watch entry
[sitemap] Publisher query failed: db.skill.groupBy is not a function

stderr | src/app/__tests__/sitemap.test.ts > sitemap (0817 AC-US1-05) — /watch IA promotion > emits zero /learn entries (legacy URL is 301-redirected via next.config)
[sitemap] Publisher query failed: db.skill.groupBy is not a function

stderr | src/app/__tests__/sitemap.test.ts > sitemap product entry points (0877) > indexes the methodology and canonical Studio page, not its redirected alias
[sitemap] Publisher query failed: db.skill.groupBy is not a function

 ✓ src/app/__tests__/sitemap.test.ts (6 tests) 11ms
 ✓ src/app/studio/lib/repo-url-normalize.test.ts (11 tests) 4ms
 ✓ src/app/api/v1/submissions/__tests__/parse-usable-list-cache.test.ts (8 tests) 7ms
 ✓ src/app/docs/__tests__/docs-nav.test.ts (12 tests) 8ms
 ✓ src/__tests__/account-repos-parity.test.tsx (4 tests) 5ms
 ✓ src/app/audits/__tests__/page.test.tsx (1 test) 88ms
 ✓ src/app/__tests__/layout.nav.test.tsx (3 tests) 3ms
 ✓ src/app/api/v1/skills/search/__tests__/dedup.test.ts (7 tests) 21ms
 ✓ src/__tests__/account-page.test.tsx (14 tests) 8ms
 ✓ src/app/submit/__tests__/repoPrefill.test.ts (9 tests) 13ms
 ✓ src/app/skills/[owner]/[repo]/[skill]/__tests__/rejection-helpers.test.ts (16 tests) 4ms
 ✓ src/app/studio/__tests__/buildChapters.test.ts (8 tests) 4ms
 ✓ src/app/api/v1/internal/_shared/__tests__/validators.test.ts (19 tests) 4ms
 ✓ src/app/__tests__/globals-css-tokens.test.ts (11 tests) 4ms
 ✓ src/app/queue/__tests__/choose-boot-candidates.test.ts (7 tests) 4ms
 ✓ src/app/api/v1/stats/__tests__/trust-stats.test.ts (8 tests) 97ms
stderr | src/lib/scanner/__tests__/tier2.test.ts > runTier2Scan — fallback model > falls back to Llama 3.3 70B when primary fails
[tier2] @cf/meta/llama-4-scout-17b-16e-instruct error: Primary model unavailable

stderr | src/lib/scanner/__tests__/tier2.test.ts > runTier2Scan — fallback model > falls back to Llama 3.3 70B when primary fails
[tier2] Primary model (@cf/meta/llama-4-scout-17b-16e-instruct) failed, trying fallback (@cf/meta/llama-3.3-70b-instruct-fp8-fast)

stderr | src/lib/scanner/__tests__/tier2.test.ts > runTier2Scan — fallback model > falls back when primary returns empty response
[tier2] Empty response from @cf/meta/llama-4-scout-17b-16e-instruct

stderr | src/lib/scanner/__tests__/tier2.test.ts > runTier2Scan — fallback model > falls back when primary returns empty response
[tier2] Primary model (@cf/meta/llama-4-scout-17b-16e-instruct) failed, trying fallback (@cf/meta/llama-3.3-70b-instruct-fp8-fast)

stderr | src/lib/scanner/__tests__/tier2.test.ts > runTier2Scan — fallback model > falls back when primary returns unparseable response
[tier2] Parse failed for @cf/meta/llama-4-scout-17b-16e-instruct: This is not JSON at all

stderr | src/lib/scanner/__tests__/tier2.test.ts > runTier2Scan — fallback model > falls back when primary returns unparseable response
[tier2] Primary model (@cf/meta/llama-4-scout-17b-16e-instruct) failed, trying fallback (@cf/meta/llama-3.3-70b-instruct-fp8-fast)

stderr | src/lib/scanner/__tests__/tier2.test.ts > runTier2Scan — fallback model > throws when both models fail (so process-submission uses T1-only fallback)
[tier2] @cf/meta/llama-4-scout-17b-16e-instruct error: AI service unavailable

stderr | src/lib/scanner/__tests__/tier2.test.ts > runTier2Scan — fallback model > throws when both models fail (so process-submission uses T1-only fallback)
[tier2] Primary model (@cf/meta/llama-4-scout-17b-16e-instruct) failed, trying fallback (@cf/meta/llama-3.3-70b-instruct-fp8-fast)

stderr | src/lib/scanner/__tests__/tier2.test.ts > runTier2Scan — fallback model > throws when both models fail (so process-submission uses T1-only fallback)
[tier2] @cf/meta/llama-3.3-70b-instruct-fp8-fast error: AI service unavailable

stderr | src/lib/scanner/__tests__/tier2.test.ts > runTier2Scan — fallback model > throws when both models fail (so process-submission uses T1-only fallback)
[tier2] Both models failed for scan

stderr | src/lib/scanner/__tests__/tier2.test.ts > runTier2Scan — verdict/score consistency > overrides FAIL verdict when score >= 65
[tier2-parse] Verdict/score mismatch: verdict=FAIL but score=86. Overriding to CONCERNS.

stderr | src/lib/scanner/__tests__/tier2.test.ts > runTier2Scan — verdict/score consistency > overrides PASS verdict when score < 40
[tier2-parse] Verdict/score mismatch: verdict=PASS but score=20. Overriding to FAIL.

stderr | src/lib/scanner/__tests__/tier2.test.ts > runTier2Scan — error handling > throws when both models are unavailable
[tier2] @cf/meta/llama-4-scout-17b-16e-instruct error: AI service unavailable

stderr | src/lib/scanner/__tests__/tier2.test.ts > runTier2Scan — error handling > throws when both models are unavailable
[tier2] Primary model (@cf/meta/llama-4-scout-17b-16e-instruct) failed, trying fallback (@cf/meta/llama-3.3-70b-instruct-fp8-fast)

stderr | src/lib/scanner/__tests__/tier2.test.ts > runTier2Scan — error handling > throws when both models are unavailable
[tier2] @cf/meta/llama-3.3-70b-instruct-fp8-fast error: AI service unavailable

stderr | src/lib/scanner/__tests__/tier2.test.ts > runTier2Scan — error handling > throws when both models are unavailable
[tier2] Both models failed for scan

stderr | src/lib/scanner/__tests__/tier2.test.ts > runTier2Scan — response parsing > clamps negative score to 0
[tier2-parse] Verdict/score mismatch: verdict=PASS but score=0. Overriding to FAIL.

 ✓ src/app/__tests__/globals-token-sync.test.ts (8 tests) 3ms
 ✓ src/app/__tests__/globals-css-prose.test.ts (6 tests) 16ms
stderr | tests/integration/webhook-signature-fuzz.test.ts > T-033 — webhook signature + replay fuzz (AC-US9-06, AC-NFR2-01) > 100% rejects bad inputs and accepts valid ones across 1000 mutations
[webhook] hmac_attempt outcome=pass event=push deliveryId=valid-0

stderr | tests/integration/webhook-signature-fuzz.test.ts > T-033 — webhook signature + replay fuzz (AC-US9-06, AC-NFR2-01) > 100% rejects bad inputs and accepts valid ones across 1000 mutations
[webhook] hmac_attempt outcome=pass event=push deliveryId=valid-1

stderr | tests/integration/webhook-signature-fuzz.test.ts > T-033 — webhook signature + replay fuzz (AC-US9-06, AC-NFR2-01) > 100% rejects bad inputs and accepts valid ones across 1000 mutations
[webhook] hmac_attempt outcome=pass event=push deliveryId=valid-2

stderr | tests/integration/webhook-signature-fuzz.test.ts > T-033 — webhook signature + replay fuzz (AC-US9-06, AC-NFR2-01) > 100% rejects bad inputs and accepts valid ones across 1000 mutations
[webhook] hmac_attempt outcome=pass event=push deliveryId=valid-3

stderr | tests/integration/webhook-signature-fuzz.test.ts > T-033 — webhook signature + replay fuzz (AC-US9-06, AC-NFR2-01) > 100% rejects bad inputs and accepts valid ones across 1000 mutations
[webhook] hmac_attempt outcome=pass event=push deliveryId=valid-4

stderr | tests/integration/webhook-signature-fuzz.test.ts > T-033 — webhook signature + replay fuzz (AC-US9-06, AC-NFR2-01) > 100% rejects bad inputs and accepts valid ones across 1000 mutations
[webhook] hmac_attempt outcome=pass event=push deliveryId=valid-5

stderr | tests/integration/webhook-signature-fuzz.test.ts > T-033 — webhook signature + replay fuzz (AC-US9-06, AC-NFR2-01) > 100% rejects bad inputs and accepts valid ones across 1000 mutations
[webhook] hmac_attempt outcome=pass event=push deliveryId=valid-6

stderr | tests/integration/webhook-signature-fuzz.test.ts > T-033 — webhook signature + replay fuzz (AC-US9-06, AC-NFR2-01) > 100% rejects bad inputs and accepts valid ones across 1000 mutations
[webhook] hmac_attempt outcome=pass event=push deliveryId=valid-7

stderr | tests/integration/webhook-signature-fuzz.test.ts > T-033 — webhook signature + replay fuzz (AC-US9-06, AC-NFR2-01) > 100% rejects bad inputs and accepts valid ones across 1000 mutations
[webhook] hmac_attempt outcome=pass event=push deliveryId=valid-8

stderr | tests/integration/webhook-signature-fuzz.test.ts > T-033 — webhook signature + replay fuzz (AC-US9-06, AC-NFR2-01) > 100% rejects bad inputs and accepts valid ones across 1000 mutations
[webhook] hmac_attempt outcome=pass event=push deliveryId=valid-9

stderr | tests/integration/webhook-signature-fuzz.test.ts > T-033 — webhook signature + replay fuzz (AC-US9-06, AC-NFR2-01) > 100% rejects bad inputs and accepts valid ones across 1000 mutations
[webhook] hmac_attempt outcome=pass event=push deliveryId=valid-10

stderr | tests/integration/webhook-signature-fuzz.test.ts > T-033 — webhook signature + replay fuzz (AC-US9-06, AC-NFR2-01) > 100% rejects bad inputs and accepts valid ones across 1000 mutations
[webhook] hmac_attempt outcome=pass event=push deliveryId=valid-11

stderr | tests/integration/webhook-signature-fuzz.test.ts > T-033 — webhook signature + replay fuzz (AC-US9-06, AC-NFR2-01) > 100% rejects bad inputs and accepts valid ones across 1000 mutations
[webhook] hmac_attempt outcome=pass event=push deliveryId=valid-12

stderr | tests/integration/webhook-signature-fuzz.test.ts > T-033 — webhook signature + replay fuzz (AC-US9-06, AC-NFR2-01) > 100% rejects bad inputs and accepts valid ones across 1000 mutations
[webhook] hmac_attempt outcome=pass event=push deliveryId=valid-13

stderr | tests/integration/webhook-signature-fuzz.test.ts > T-033 — webhook signature + replay fuzz (AC-US9-06, AC-NFR2-01) > 100% rejects bad inputs and accepts valid ones across 1000 mutations
[webhook] hmac_attempt outcome=pass event=push deliveryId=valid-14

stderr | tests/integration/webhook-signature-fuzz.test.ts > T-033 — webhook signature + replay fuzz (AC-US9-06, AC-NFR2-01) > 100% rejects bad inputs and accepts valid ones across 1000 mutations
[webhook] hmac_attempt outcome=pass event=push deliveryId=valid-15

stderr | tests/integration/webhook-signature-fuzz.test.ts > T-033 — webhook signature + replay fuzz (AC-US9-06, AC-NFR2-01) > 100% rejects bad inputs and accepts valid ones across 1000 mutations
[webhook] hmac_attempt outcome=pass event=push deliveryId=valid-16

stderr | tests/integration/webhook-signature-fuzz.test.ts > T-033 — webhook signature + replay fuzz (AC-US9-06, AC-NFR2-01) > 100% rejects bad inputs and accepts valid ones across 1000 mutations
[webhook] hmac_attempt outcome=pass event=push deliveryId=valid-17

stderr | tests/integration/webhook-signature-fuzz.test.ts > T-033 — webhook signature + replay fuzz (AC-US9-06, AC-NFR2-01) > 100% rejects bad inputs and accepts valid ones across 1000 mutations
[webhook] hmac_attempt outcome=pass event=push deliveryId=valid-18

stderr | tests/integration/webhook-signature-fuzz.test.ts > T-033 — webhook signature + replay fuzz (AC-US9-06, AC-NFR2-01) > 100% rejects bad inputs and accepts valid ones across 1000 mutations
[webhook] hmac_attempt outcome=pass event=push deliveryId=valid-19

stderr | tests/integration/webhook-signature-fuzz.test.ts > T-033 — webhook signature + replay fuzz (AC-US9-06, AC-NFR2-01) > 100% rejects bad inputs and accepts valid ones across 1000 mutations
[webhook] hmac_attempt outcome=pass event=push deliveryId=valid-20

stderr | tests/integration/webhook-signature-fuzz.test.ts > T-033 — webhook signature + replay fuzz (AC-US9-06, AC-NFR2-01) > 100% rejects bad inputs and accepts valid ones across 1000 mutations
[webhook] hmac_attempt outcome=pass event=push deliveryId=valid-21

stderr | tests/integration/webhook-signature-fuzz.test.ts > T-033 — webhook signature + replay fuzz (AC-US9-06, AC-NFR2-01) > 100% rejects bad inputs and accepts valid ones across 1000 mutations
[webhook] hmac_attempt outcome=pass event=push deliveryId=valid-22

stderr | tests/integration/webhook-signature-fuzz.test.ts > T-033 — webhook signature + replay fuzz (AC-US9-06, AC-NFR2-01) > 100% rejects bad inputs and accepts valid ones across 1000 mutations
[webhook] hmac_attempt outcome=pass event=push deliveryId=valid-23

stderr | tests/integration/webhook-signature-fuzz.test.ts > T-033 — webhook signature + replay fuzz (AC-US9-06, AC-NFR2-01) > 100% rejects bad inputs and accepts valid ones across 1000 mutations
[webhook] hmac_attempt outcome=pass event=push deliveryId=valid-24

 ✓ src/lib/__tests__/generated-counts.test.ts (4 tests) 13ms
stderr | tests/integration/webhook-signature-fuzz.test.ts > T-033 — webhook signature + replay fuzz (AC-US9-06, AC-NFR2-01) > 100% rejects bad inputs and accepts valid ones across 1000 mutations
[webhook] hmac_attempt outcome=pass event=push deliveryId=valid-25

stderr | tests/integration/webhook-signature-fuzz.test.ts > T-033 — webhook signature + replay fuzz (AC-US9-06, AC-NFR2-01) > 100% rejects bad inputs and accepts valid ones across 1000 mutations
[webhook] hmac_attempt outcome=pass event=push deliveryId=valid-26

stderr | tests/integration/webhook-signature-fuzz.test.ts > T-033 — webhook signature + replay fuzz (AC-US9-06, AC-NFR2-01) > 100% rejects bad inputs and accepts valid ones across 1000 mutations
[webhook] hmac_attempt outcome=pass event=push deliveryId=valid-27

stderr | tests/integration/webhook-signature-fuzz.test.ts > T-033 — webhook signature + replay fuzz (AC-US9-06, AC-NFR2-01) > 100% rejects bad inputs and accepts valid ones across 1000 mutations
[webhook] hmac_attempt outcome=pass event=push deliveryId=valid-28

stderr | tests/integration/webhook-signature-fuzz.test.ts > T-033 — webhook signature + replay fuzz (AC-US9-06, AC-NFR2-01) > 100% rejects bad inputs and accepts valid ones across 1000 mutations
[webhook] hmac_attempt outcome=pass event=push deliveryId=valid-29

stderr | tests/integration/webhook-signature-fuzz.test.ts > T-033 — webhook signature + replay fuzz (AC-US9-06, AC-NFR2-01) > 100% rejects bad inputs and accepts valid ones across 1000 mutations
[webhook] hmac_attempt outcome=pass event=push deliveryId=valid-30

stderr | tests/integration/webhook-signature-fuzz.test.ts > T-033 — webhook signature + replay fuzz (AC-US9-06, AC-NFR2-01) > 100% rejects bad inputs and accepts valid ones across 1000 mutations
[webhook] hmac_attempt outcome=pass event=push deliveryId=valid-31

stderr | tests/integration/webhook-signature-fuzz.test.ts > T-033 — webhook signature + replay fuzz (AC-US9-06, AC-NFR2-01) > 100% rejects bad inputs and accepts valid ones across 1000 mutations
[webhook] hmac_attempt outcome=pass event=push deliveryId=valid-32

stderr | tests/integration/webhook-signature-fuzz.test.ts > T-033 — webhook signature + replay fuzz (AC-US9-06, AC-NFR2-01) > 100% rejects bad inputs and accepts valid ones across 1000 mutations
[webhook] hmac_attempt outcome=pass event=push deliveryId=valid-33

stderr | tests/integration/webhook-signature-fuzz.test.ts > T-033 — webhook signature + replay fuzz (AC-US9-06, AC-NFR2-01) > 100% rejects bad inputs and accepts valid ones across 1000 mutations
[webhook] hmac_attempt outcome=pass event=push deliveryId=valid-34

stderr | tests/integration/webhook-signature-fuzz.test.ts > T-033 — webhook signature + replay fuzz (AC-US9-06, AC-NFR2-01) > 100% rejects bad inputs and accepts valid ones across 1000 mutations
[webhook] hmac_attempt outcome=pass event=push deliveryId=valid-35

stderr | tests/integration/webhook-signature-fuzz.test.ts > T-033 — webhook signature + replay fuzz (AC-US9-06, AC-NFR2-01) > 100% rejects bad inputs and accepts valid ones across 1000 mutations
[webhook] hmac_attempt outcome=pass event=push deliveryId=valid-36

stderr | tests/integration/webhook-signature-fuzz.test.ts > T-033 — webhook signature + replay fuzz (AC-US9-06, AC-NFR2-01) > 100% rejects bad inputs and accepts valid ones across 1000 mutations
[webhook] hmac_attempt outcome=pass event=push deliveryId=valid-37

stderr | tests/integration/webhook-signature-fuzz.test.ts > T-033 — webhook signature + replay fuzz (AC-US9-06, AC-NFR2-01) > 100% rejects bad inputs and accepts valid ones across 1000 mutations
[webhook] hmac_attempt outcome=pass event=push deliveryId=valid-38

stderr | tests/integration/webhook-signature-fuzz.test.ts > T-033 — webhook signature + replay fuzz (AC-US9-06, AC-NFR2-01) > 100% rejects bad inputs and accepts valid ones across 1000 mutations
[webhook] hmac_attempt outcome=pass event=push deliveryId=valid-39

stderr | tests/integration/webhook-signature-fuzz.test.ts > T-033 — webhook signature + replay fuzz (AC-US9-06, AC-NFR2-01) > 100% rejects bad inputs and accepts valid ones across 1000 mutations
[webhook] hmac_attempt outcome=pass event=push deliveryId=valid-40

 ✓ src/app/submit/__tests__/viewQueueLink.test.tsx (5 tests) 4ms
stderr | tests/integration/webhook-signature-fuzz.test.ts > T-033 — webhook signature + replay fuzz (AC-US9-06, AC-NFR2-01) > 100% rejects bad inputs and accepts valid ones across 1000 mutations
[webhook] hmac_attempt outcome=pass event=push deliveryId=valid-41

stderr | tests/integration/webhook-signature-fuzz.test.ts > T-033 — webhook signature + replay fuzz (AC-US9-06, AC-NFR2-01) > 100% rejects bad inputs and accepts valid ones across 1000 mutations
[webhook] hmac_attempt outcome=pass event=push deliveryId=valid-42

stderr | tests/integration/webhook-signature-fuzz.test.ts > T-033 — webhook signature + replay fuzz (AC-US9-06, AC-NFR2-01) > 100% rejects bad inputs and accepts valid ones across 1000 mutations
[webhook] hmac_attempt outcome=pass event=push deliveryId=valid-43

stderr | tests/integration/webhook-signature-fuzz.test.ts > T-033 — webhook signature + replay fuzz (AC-US9-06, AC-NFR2-01) > 100% rejects bad inputs and accepts valid ones across 1000 mutations
[webhook] hmac_attempt outcome=pass event=push deliveryId=valid-44

stderr | tests/integration/webhook-signature-fuzz.test.ts > T-033 — webhook signature + replay fuzz (AC-US9-06, AC-NFR2-01) > 100% rejects bad inputs and accepts valid ones across 1000 mutations
[webhook] hmac_attempt outcome=pass event=push deliveryId=valid-45

stderr | tests/integration/webhook-signature-fuzz.test.ts > T-033 — webhook signature + replay fuzz (AC-US9-06, AC-NFR2-01) > 100% rejects bad inputs and accepts valid ones across 1000 mutations
[webhook] hmac_attempt outcome=pass event=push deliveryId=valid-46

stderr | tests/integration/webhook-signature-fuzz.test.ts > T-033 — webhook signature + replay fuzz (AC-US9-06, AC-NFR2-01) > 100% rejects bad inputs and accepts valid ones across 1000 mutations
[webhook] hmac_attempt outcome=pass event=push deliveryId=valid-47

stderr | tests/integration/webhook-signature-fuzz.test.ts > T-033 — webhook signature + replay fuzz (AC-US9-06, AC-NFR2-01) > 100% rejects bad inputs and accepts valid ones across 1000 mutations
[webhook] hmac_attempt outcome=pass event=push deliveryId=valid-48

stderr | tests/integration/webhook-signature-fuzz.test.ts > T-033 — webhook signature + replay fuzz (AC-US9-06, AC-NFR2-01) > 100% rejects bad inputs and accepts valid ones across 1000 mutations
[webhook] hmac_attempt outcome=pass event=push deliveryId=valid-49

stderr | tests/integration/webhook-signature-fuzz.test.ts > T-033 — webhook signature + replay fuzz (AC-US9-06, AC-NFR2-01) > 100% rejects bad inputs and accepts valid ones across 1000 mutations
[webhook] hmac_attempt outcome=pass event=push deliveryId=valid-50

stderr | tests/integration/webhook-signature-fuzz.test.ts > T-033 — webhook signature + replay fuzz (AC-US9-06, AC-NFR2-01) > 100% rejects bad inputs and accepts valid ones across 1000 mutations
[webhook] hmac_attempt outcome=pass event=push deliveryId=valid-51

stderr | tests/integration/webhook-signature-fuzz.test.ts > T-033 — webhook signature + replay fuzz (AC-US9-06, AC-NFR2-01) > 100% rejects bad inputs and accepts valid ones across 1000 mutations
[webhook] hmac_attempt outcome=pass event=push deliveryId=valid-52

stderr | tests/integration/webhook-signature-fuzz.test.ts > T-033 — webhook signature + replay fuzz (AC-US9-06, AC-NFR2-01) > 100% rejects bad inputs and accepts valid ones across 1000 mutations
[webhook] hmac_attempt outcome=pass event=push deliveryId=valid-53

stderr | tests/integration/webhook-signature-fuzz.test.ts > T-033 — webhook signature + replay fuzz (AC-US9-06, AC-NFR2-01) > 100% rejects bad inputs and accepts valid ones across 1000 mutations
[webhook] hmac_attempt outcome=pass event=push deliveryId=valid-54

stderr | tests/integration/webhook-signature-fuzz.test.ts > T-033 — webhook signature + replay fuzz (AC-US9-06, AC-NFR2-01) > 100% rejects bad inputs and accepts valid ones across 1000 mutations
[webhook] hmac_attempt outcome=pass event=push deliveryId=valid-55

stderr | tests/integration/webhook-signature-fuzz.test.ts > T-033 — webhook signature + replay fuzz (AC-US9-06, AC-NFR2-01) > 100% rejects bad inputs and accepts valid ones across 1000 mutations
[webhook] hmac_attempt outcome=pass event=push deliveryId=valid-56

stderr | tests/integration/webhook-signature-fuzz.test.ts > T-033 — webhook signature + replay fuzz (AC-US9-06, AC-NFR2-01) > 100% rejects bad inputs and accepts valid ones across 1000 mutations
[webhook] hmac_attempt outcome=pass event=push deliveryId=valid-57

stderr | tests/integration/webhook-signature-fuzz.test.ts > T-033 — webhook signature + replay fuzz (AC-US9-06, AC-NFR2-01) > 100% rejects bad inputs and accepts valid ones across 1000 mutations
[webhook] hmac_attempt outcome=pass event=push deliveryId=valid-58

stderr | tests/integration/webhook-signature-fuzz.test.ts > T-033 — webhook signature + replay fuzz (AC-US9-06, AC-NFR2-01) > 100% rejects bad inputs and accepts valid ones across 1000 mutations
[webhook] hmac_attempt outcome=pass event=push deliveryId=valid-59

stderr | src/lib/submission/__tests__/upsert.test.ts > upsertSubmission — happy path (T-009) > returns kind:'created' with id/state/createdAt when db.submission.create succeeds
[upsertSubmission] KV write failed for sub_new-1: SUBMISSIONS_KV unavailable: not in worker or Next.js request context

stderr | src/lib/submission/__tests__/upsert.test.ts > upsertSubmission — happy path (T-009) > forwards optional fields into db.submission.create data
[upsertSubmission] KV write failed for sub_new-2: SUBMISSIONS_KV unavailable: not in worker or Next.js request context

stderr | tests/integration/webhook-signature-fuzz.test.ts > T-033 — webhook signature + replay fuzz (AC-US9-06, AC-NFR2-01) > 100% rejects bad inputs and accepts valid ones across 1000 mutations
[webhook] hmac_attempt outcome=pass event=push deliveryId=valid-60

stderr | tests/integration/webhook-signature-fuzz.test.ts > T-033 — webhook signature + replay fuzz (AC-US9-06, AC-NFR2-01) > 100% rejects bad inputs and accepts valid ones across 1000 mutations
[webhook] hmac_attempt outcome=pass event=push deliveryId=valid-61

stderr | tests/integration/webhook-signature-fuzz.test.ts > T-033 — webhook signature + replay fuzz (AC-US9-06, AC-NFR2-01) > 100% rejects bad inputs and accepts valid ones across 1000 mutations
[webhook] hmac_attempt outcome=pass event=push deliveryId=valid-62

stderr | src/lib/submission/__tests__/upsert.test.ts > upsertSubmission — P2002 branches (T-010) > maps P2002 + existing state=PUBLISHED with skill row to kind:'verified'
[upsertSubmission] SkillVersion lookup failed for sub_existing: Cannot read properties of undefined (reading 'findFirst')

stderr | src/lib/submission/__tests__/upsert.test.ts > upsertSubmission — P2002 branches (T-010) > maps P2002 + existing state=PUBLISHED without skill row to kind:'pending' (orphan guard)
[upsertSubmission] orphan-PUBLISHED skill lookup failed for https://github.com/owner/repo/my-skill: Cannot read properties of undefined (reading 'findUnique')

stderr | tests/integration/webhook-signature-fuzz.test.ts > T-033 — webhook signature + replay fuzz (AC-US9-06, AC-NFR2-01) > 100% rejects bad inputs and accepts valid ones across 1000 mutations
[webhook] hmac_attempt outcome=pass event=push deliveryId=valid-63

stderr | tests/integration/webhook-signature-fuzz.test.ts > T-033 — webhook signature + replay fuzz (AC-US9-06, AC-NFR2-01) > 100% rejects bad inputs and accepts valid ones across 1000 mutations
[webhook] hmac_attempt outcome=pass event=push deliveryId=valid-64

stderr | tests/integration/webhook-signature-fuzz.test.ts > T-033 — webhook signature + replay fuzz (AC-US9-06, AC-NFR2-01) > 100% rejects bad inputs and accepts valid ones across 1000 mutations
[webhook] hmac_attempt outcome=pass event=push deliveryId=valid-65

stderr | tests/integration/webhook-signature-fuzz.test.ts > T-033 — webhook signature + replay fuzz (AC-US9-06, AC-NFR2-01) > 100% rejects bad inputs and accepts valid ones across 1000 mutations
[webhook] hmac_attempt outcome=pass event=push deliveryId=valid-66

stderr | tests/integration/webhook-signature-fuzz.test.ts > T-033 — webhook signature + replay fuzz (AC-US9-06, AC-NFR2-01) > 100% rejects bad inputs and accepts valid ones across 1000 mutations
[webhook] hmac_attempt outcome=pass event=push deliveryId=valid-67

stderr | tests/integration/webhook-signature-fuzz.test.ts > T-033 — webhook signature + replay fuzz (AC-US9-06, AC-NFR2-01) > 100% rejects bad inputs and accepts valid ones across 1000 mutations
[webhook] hmac_attempt outcome=pass event=push deliveryId=valid-68

stderr | tests/integration/webhook-signature-fuzz.test.ts > T-033 — webhook signature + replay fuzz (AC-US9-06, AC-NFR2-01) > 100% rejects bad inputs and accepts valid ones across 1000 mutations
[webhook] hmac_attempt outcome=pass event=push deliveryId=valid-69

stderr | tests/integration/webhook-signature-fuzz.test.ts > T-033 — webhook signature + replay fuzz (AC-US9-06, AC-NFR2-01) > 100% rejects bad inputs and accepts valid ones across 1000 mutations
[webhook] hmac_attempt outcome=pass event=push deliveryId=valid-70

stderr | tests/integration/webhook-signature-fuzz.test.ts > T-033 — webhook signature + replay fuzz (AC-US9-06, AC-NFR2-01) > 100% rejects bad inputs and accepts valid ones across 1000 mutations
[webhook] hmac_attempt outcome=pass event=push deliveryId=valid-71

stderr | tests/integration/webhook-signature-fuzz.test.ts > T-033 — webhook signature + replay fuzz (AC-US9-06, AC-NFR2-01) > 100% rejects bad inputs and accepts valid ones across 1000 mutations
[webhook] hmac_attempt outcome=pass event=push deliveryId=valid-72

stderr | tests/integration/webhook-signature-fuzz.test.ts > T-033 — webhook signature + replay fuzz (AC-US9-06, AC-NFR2-01) > 100% rejects bad inputs and accepts valid ones across 1000 mutations
[webhook] hmac_attempt outcome=pass event=push deliveryId=valid-73

stderr | tests/integration/webhook-signature-fuzz.test.ts > T-033 — webhook signature + replay fuzz (AC-US9-06, AC-NFR2-01) > 100% rejects bad inputs and accepts valid ones across 1000 mutations
[webhook] hmac_attempt outcome=pass event=push deliveryId=valid-74

stderr | tests/integration/webhook-signature-fuzz.test.ts > T-033 — webhook signature + replay fuzz (AC-US9-06, AC-NFR2-01) > 100% rejects bad inputs and accepts valid ones across 1000 mutations
[webhook] hmac_attempt outcome=pass event=push deliveryId=valid-75

stderr | tests/integration/webhook-signature-fuzz.test.ts > T-033 — webhook signature + replay fuzz (AC-US9-06, AC-NFR2-01) > 100% rejects bad inputs and accepts valid ones across 1000 mutations
[webhook] hmac_attempt outcome=pass event=push deliveryId=valid-76

stderr | tests/integration/webhook-signature-fuzz.test.ts > T-033 — webhook signature + replay fuzz (AC-US9-06, AC-NFR2-01) > 100% rejects bad inputs and accepts valid ones across 1000 mutations
[webhook] hmac_attempt outcome=pass event=push deliveryId=valid-77

stderr | tests/integration/webhook-signature-fuzz.test.ts > T-033 — webhook signature + replay fuzz (AC-US9-06, AC-NFR2-01) > 100% rejects bad inputs and accepts valid ones across 1000 mutations
[webhook] hmac_attempt outcome=pass event=push deliveryId=valid-78

stderr | tests/integration/webhook-signature-fuzz.test.ts > T-033 — webhook signature + replay fuzz (AC-US9-06, AC-NFR2-01) > 100% rejects bad inputs and accepts valid ones across 1000 mutations
[webhook] hmac_attempt outcome=pass event=push deliveryId=valid-79

stderr | tests/integration/webhook-signature-fuzz.test.ts > T-033 — webhook signature + replay fuzz (AC-US9-06, AC-NFR2-01) > 100% rejects bad inputs and accepts valid ones across 1000 mutations
[webhook] hmac_attempt outcome=pass event=push deliveryId=valid-80

stderr | tests/integration/webhook-signature-fuzz.test.ts > T-033 — webhook signature + replay fuzz (AC-US9-06, AC-NFR2-01) > 100% rejects bad inputs and accepts valid ones across 1000 mutations
[webhook] hmac_attempt outcome=pass event=push deliveryId=valid-81

stderr | tests/integration/webhook-signature-fuzz.test.ts > T-033 — webhook signature + replay fuzz (AC-US9-06, AC-NFR2-01) > 100% rejects bad inputs and accepts valid ones across 1000 mutations
[webhook] hmac_attempt outcome=pass event=push deliveryId=valid-82

stderr | tests/integration/webhook-signature-fuzz.test.ts > T-033 — webhook signature + replay fuzz (AC-US9-06, AC-NFR2-01) > 100% rejects bad inputs and accepts valid ones across 1000 mutations
[webhook] hmac_attempt outcome=pass event=push deliveryId=valid-83

stderr | tests/integration/webhook-signature-fuzz.test.ts > T-033 — webhook signature + replay fuzz (AC-US9-06, AC-NFR2-01) > 100% rejects bad inputs and accepts valid ones across 1000 mutations
[webhook] hmac_attempt outcome=pass event=push deliveryId=valid-84

stderr | tests/integration/webhook-signature-fuzz.test.ts > T-033 — webhook signature + replay fuzz (AC-US9-06, AC-NFR2-01) > 100% rejects bad inputs and accepts valid ones across 1000 mutations
[webhook] hmac_attempt outcome=pass event=push deliveryId=valid-85

stderr | tests/integration/webhook-signature-fuzz.test.ts > T-033 — webhook signature + replay fuzz (AC-US9-06, AC-NFR2-01) > 100% rejects bad inputs and accepts valid ones across 1000 mutations
[webhook] hmac_attempt outcome=pass event=push deliveryId=valid-86

stderr | tests/integration/webhook-signature-fuzz.test.ts > T-033 — webhook signature + replay fuzz (AC-US9-06, AC-NFR2-01) > 100% rejects bad inputs and accepts valid ones across 1000 mutations
[webhook] hmac_attempt outcome=pass event=push deliveryId=valid-87

stderr | tests/integration/webhook-signature-fuzz.test.ts > T-033 — webhook signature + replay fuzz (AC-US9-06, AC-NFR2-01) > 100% rejects bad inputs and accepts valid ones across 1000 mutations
[webhook] hmac_attempt outcome=pass event=push deliveryId=valid-88

stderr | tests/integration/webhook-signature-fuzz.test.ts > T-033 — webhook signature + replay fuzz (AC-US9-06, AC-NFR2-01) > 100% rejects bad inputs and accepts valid ones across 1000 mutations
[webhook] hmac_attempt outcome=pass event=push deliveryId=valid-89

stderr | tests/integration/webhook-signature-fuzz.test.ts > T-033 — webhook signature + replay fuzz (AC-US9-06, AC-NFR2-01) > 100% rejects bad inputs and accepts valid ones across 1000 mutations
[webhook] hmac_attempt outcome=pass event=push deliveryId=valid-90

stderr | tests/integration/webhook-signature-fuzz.test.ts > T-033 — webhook signature + replay fuzz (AC-US9-06, AC-NFR2-01) > 100% rejects bad inputs and accepts valid ones across 1000 mutations
[webhook] hmac_attempt outcome=pass event=push deliveryId=valid-91

stderr | tests/integration/webhook-signature-fuzz.test.ts > T-033 — webhook signature + replay fuzz (AC-US9-06, AC-NFR2-01) > 100% rejects bad inputs and accepts valid ones across 1000 mutations
[webhook] hmac_attempt outcome=pass event=push deliveryId=valid-92

stderr | tests/integration/webhook-signature-fuzz.test.ts > T-033 — webhook signature + replay fuzz (AC-US9-06, AC-NFR2-01) > 100% rejects bad inputs and accepts valid ones across 1000 mutations
[webhook] hmac_attempt outcome=pass event=push deliveryId=valid-93

stderr | tests/integration/webhook-signature-fuzz.test.ts > T-033 — webhook signature + replay fuzz (AC-US9-06, AC-NFR2-01) > 100% rejects bad inputs and accepts valid ones across 1000 mutations
[webhook] hmac_attempt outcome=pass event=push deliveryId=valid-94

stderr | tests/integration/webhook-signature-fuzz.test.ts > T-033 — webhook signature + replay fuzz (AC-US9-06, AC-NFR2-01) > 100% rejects bad inputs and accepts valid ones across 1000 mutations
[webhook] hmac_attempt outcome=pass event=push deliveryId=valid-95

stderr | tests/integration/webhook-signature-fuzz.test.ts > T-033 — webhook signature + replay fuzz (AC-US9-06, AC-NFR2-01) > 100% rejects bad inputs and accepts valid ones across 1000 mutations
[webhook] hmac_attempt outcome=pass event=push deliveryId=valid-96

stderr | src/lib/__tests__/submission-store.test.ts > createSubmission — ID format (T-001) > TC-001: generates ID matching sub_{uuid} format
[persistSubmissionToDb] sub_c2b479c6-7123-4b94-b180-45e0787d8228: TypeError: db.submission.create is not a function
    at persistSubmissionToDb (/Users/antonabyzov/Projects/github/specweave-umb/repositories/anton-abyzov/0874-intake-identity/src/lib/submission/db-persist.ts:40:25)
    at processTicksAndRejections (node:internal/process/task_queues:105:5)

stderr | src/lib/__tests__/submission-store.test.ts > createSubmission — ID format (T-001) > TC-002: generates unique IDs for different submissions
[persistSubmissionToDb] sub_6873efdc-24c5-4c6b-81a3-b4f30f50bb8b: TypeError: db.submission.create is not a function
    at persistSubmissionToDb (/Users/antonabyzov/Projects/github/specweave-umb/repositories/anton-abyzov/0874-intake-identity/src/lib/submission/db-persist.ts:40:25)
    at processTicksAndRejections (node:internal/process/task_queues:105:5)

stderr | src/lib/__tests__/submission-store.test.ts > createSubmission — ID format (T-001) > TC-002: generates unique IDs for different submissions
[persistSubmissionToDb] sub_dadab939-9789-43e9-a601-c372cf826857: TypeError: db.submission.create is not a function
    at persistSubmissionToDb (/Users/antonabyzov/Projects/github/specweave-umb/repositories/anton-abyzov/0874-intake-identity/src/lib/submission/db-persist.ts:40:25)
    at processTicksAndRejections (node:internal/process/task_queues:105:5)

stderr | src/lib/__tests__/submission-store.test.ts > KV versioning (T-013) > TC-037: new submissions get version 1
[persistSubmissionToDb] sub_1d3e2e68-3f58-444d-9936-39bd83469dda: TypeError: db.submission.create is not a function
    at persistSubmissionToDb (/Users/antonabyzov/Projects/github/specweave-umb/repositories/anton-abyzov/0874-intake-identity/src/lib/submission/db-persist.ts:40:25)
    at processTicksAndRejections (node:internal/process/task_queues:105:5)

stderr | src/lib/__tests__/submission-store.test.ts > KV versioning (T-013) > TC-038: successful update increments version
[persistSubmissionToDb] sub_c865a900-dd31-4421-9d4c-68611eb3a54d: TypeError: db.submission.create is not a function
    at persistSubmissionToDb (/Users/antonabyzov/Projects/github/specweave-umb/repositories/anton-abyzov/0874-intake-identity/src/lib/submission/db-persist.ts:40:25)
    at processTicksAndRejections (node:internal/process/task_queues:105:5)

stderr | src/lib/__tests__/submission-store.test.ts > KV versioning (T-013) > TC-038: successful update increments version
[persistStateChangeToDb] sub_c865a900-dd31-4421-9d4c-68611eb3a54d RECEIVED → TIER1_SCANNING failed, retrying in 1s: Cannot read properties of undefined (reading 'create')

stderr | src/lib/__tests__/submission-store.test.ts > KV versioning (T-013) > TC-039: concurrent conflict triggers retry
[persistStateChangeToDb] sub_test-123 RECEIVED → TIER1_SCANNING failed, retrying in 1s: Cannot read properties of undefined (reading 'create')

stderr | src/lib/__tests__/submission-store.test.ts > KV versioning (T-013) > TC-040: updateState writes both sub and hist KV keys in parallel
[persistSubmissionToDb] sub_1d101f96-de8e-43ff-8738-2a430f8bc4ea: TypeError: db.submission.create is not a function
    at persistSubmissionToDb (/Users/antonabyzov/Projects/github/specweave-umb/repositories/anton-abyzov/0874-intake-identity/src/lib/submission/db-persist.ts:40:25)
    at processTicksAndRejections (node:internal/process/task_queues:105:5)

stderr | tests/integration/webhook-signature-fuzz.test.ts > T-033 — webhook signature + replay fuzz (AC-US9-06, AC-NFR2-01) > 100% rejects bad inputs and accepts valid ones across 1000 mutations
[webhook] hmac_attempt outcome=pass event=push deliveryId=valid-97

stderr | src/lib/__tests__/submission-store.test.ts > KV versioning (T-013) > TC-040: updateState writes both sub and hist KV keys in parallel
[persistStateChangeToDb] sub_1d101f96-de8e-43ff-8738-2a430f8bc4ea RECEIVED → TIER1_SCANNING failed, retrying in 1s: Cannot read properties of undefined (reading 'create')

stderr | tests/integration/webhook-signature-fuzz.test.ts > T-033 — webhook signature + replay fuzz (AC-US9-06, AC-NFR2-01) > 100% rejects bad inputs and accepts valid ones across 1000 mutations
[webhook] hmac_attempt outcome=pass event=push deliveryId=valid-98

stderr | src/lib/__tests__/submission-store.test.ts > publishSkill + resolveSlug hierarchical naming (0292/0444) > TC-004: publishes with hierarchical slug (owner/repo/skillSlug)
[persistSubmissionToDb] sub_154b728a-a65f-45c7-88a6-40ba94dee6f9: TypeError: db.submission.create is not a function
    at persistSubmissionToDb (/Users/antonabyzov/Projects/github/specweave-umb/repositories/anton-abyzov/0874-intake-identity/src/lib/submission/db-persist.ts:40:25)
    at processTicksAndRejections (node:internal/process/task_queues:105:5)

stderr | tests/integration/webhook-signature-fuzz.test.ts > T-033 — webhook signature + replay fuzz (AC-US9-06, AC-NFR2-01) > 100% rejects bad inputs and accepts valid ones across 1000 mutations
[webhook] hmac_attempt outcome=pass event=push deliveryId=valid-99

stderr | tests/integration/webhook-signature-fuzz.test.ts > T-033 — webhook signature + replay fuzz (AC-US9-06, AC-NFR2-01) > 100% rejects bad inputs and accepts valid ones across 1000 mutations
[webhook] hmac_attempt outcome=pass event=push deliveryId=valid-100

stderr | tests/integration/webhook-signature-fuzz.test.ts > T-033 — webhook signature + replay fuzz (AC-US9-06, AC-NFR2-01) > 100% rejects bad inputs and accepts valid ones across 1000 mutations
[webhook] hmac_attempt outcome=pass event=push deliveryId=valid-101

stderr | tests/integration/webhook-signature-fuzz.test.ts > T-033 — webhook signature + replay fuzz (AC-US9-06, AC-NFR2-01) > 100% rejects bad inputs and accepts valid ones across 1000 mutations
[webhook] hmac_attempt outcome=pass event=push deliveryId=valid-102

stderr | tests/integration/webhook-signature-fuzz.test.ts > T-033 — webhook signature + replay fuzz (AC-US9-06, AC-NFR2-01) > 100% rejects bad inputs and accepts valid ones across 1000 mutations
[webhook] hmac_attempt outcome=pass event=push deliveryId=valid-103

stderr | tests/integration/webhook-signature-fuzz.test.ts > T-033 — webhook signature + replay fuzz (AC-US9-06, AC-NFR2-01) > 100% rejects bad inputs and accepts valid ones across 1000 mutations
[webhook] hmac_attempt outcome=pass event=push deliveryId=valid-104

stderr | tests/integration/webhook-signature-fuzz.test.ts > T-033 — webhook signature + replay fuzz (AC-US9-06, AC-NFR2-01) > 100% rejects bad inputs and accepts valid ones across 1000 mutations
[webhook] hmac_attempt outcome=pass event=push deliveryId=valid-105

stderr | tests/integration/webhook-signature-fuzz.test.ts > T-033 — webhook signature + replay fuzz (AC-US9-06, AC-NFR2-01) > 100% rejects bad inputs and accepts valid ones across 1000 mutations
[webhook] hmac_attempt outcome=pass event=push deliveryId=valid-106

stderr | tests/integration/webhook-signature-fuzz.test.ts > T-033 — webhook signature + replay fuzz (AC-US9-06, AC-NFR2-01) > 100% rejects bad inputs and accepts valid ones across 1000 mutations
[webhook] hmac_attempt outcome=pass event=push deliveryId=valid-107

stderr | tests/integration/webhook-signature-fuzz.test.ts > T-033 — webhook signature + replay fuzz (AC-US9-06, AC-NFR2-01) > 100% rejects bad inputs and accepts valid ones across 1000 mutations
[webhook] hmac_attempt outcome=pass event=push deliveryId=valid-108

stderr | tests/integration/webhook-signature-fuzz.test.ts > T-033 — webhook signature + replay fuzz (AC-US9-06, AC-NFR2-01) > 100% rejects bad inputs and accepts valid ones across 1000 mutations
[webhook] hmac_attempt outcome=pass event=push deliveryId=valid-109

stderr | tests/integration/webhook-signature-fuzz.test.ts > T-033 — webhook signature + replay fuzz (AC-US9-06, AC-NFR2-01) > 100% rejects bad inputs and accepts valid ones across 1000 mutations
[webhook] hmac_attempt outcome=pass event=push deliveryId=valid-110

stderr | tests/integration/webhook-signature-fuzz.test.ts > T-033 — webhook signature + replay fuzz (AC-US9-06, AC-NFR2-01) > 100% rejects bad inputs and accepts valid ones across 1000 mutations
[webhook] hmac_attempt outcome=pass event=push deliveryId=valid-111

stderr | tests/integration/webhook-signature-fuzz.test.ts > T-033 — webhook signature + replay fuzz (AC-US9-06, AC-NFR2-01) > 100% rejects bad inputs and accepts valid ones across 1000 mutations
[webhook] hmac_attempt outcome=pass event=push deliveryId=valid-112

stderr | tests/integration/webhook-signature-fuzz.test.ts > T-033 — webhook signature + replay fuzz (AC-US9-06, AC-NFR2-01) > 100% rejects bad inputs and accepts valid ones across 1000 mutations
[webhook] hmac_attempt outcome=pass event=push deliveryId=valid-113

stderr | tests/integration/webhook-signature-fuzz.test.ts > T-033 — webhook signature + replay fuzz (AC-US9-06, AC-NFR2-01) > 100% rejects bad inputs and accepts valid ones across 1000 mutations
[webhook] hmac_attempt outcome=pass event=push deliveryId=valid-114

stderr | tests/integration/webhook-signature-fuzz.test.ts > T-033 — webhook signature + replay fuzz (AC-US9-06, AC-NFR2-01) > 100% rejects bad inputs and accepts valid ones across 1000 mutations
[webhook] hmac_attempt outcome=pass event=push deliveryId=valid-115

stderr | tests/integration/webhook-signature-fuzz.test.ts > T-033 — webhook signature + replay fuzz (AC-US9-06, AC-NFR2-01) > 100% rejects bad inputs and accepts valid ones across 1000 mutations
[webhook] hmac_attempt outcome=pass event=push deliveryId=valid-116

stderr | tests/integration/webhook-signature-fuzz.test.ts > T-033 — webhook signature + replay fuzz (AC-US9-06, AC-NFR2-01) > 100% rejects bad inputs and accepts valid ones across 1000 mutations
[webhook] hmac_attempt outcome=pass event=push deliveryId=valid-117

stderr | tests/integration/webhook-signature-fuzz.test.ts > T-033 — webhook signature + replay fuzz (AC-US9-06, AC-NFR2-01) > 100% rejects bad inputs and accepts valid ones across 1000 mutations
[webhook] hmac_attempt outcome=pass event=push deliveryId=valid-118

stderr | tests/integration/webhook-signature-fuzz.test.ts > T-033 — webhook signature + replay fuzz (AC-US9-06, AC-NFR2-01) > 100% rejects bad inputs and accepts valid ones across 1000 mutations
[webhook] hmac_attempt outcome=pass event=push deliveryId=valid-119

stderr | tests/integration/webhook-signature-fuzz.test.ts > T-033 — webhook signature + replay fuzz (AC-US9-06, AC-NFR2-01) > 100% rejects bad inputs and accepts valid ones across 1000 mutations
[webhook] hmac_attempt outcome=pass event=push deliveryId=valid-120

stderr | tests/integration/webhook-signature-fuzz.test.ts > T-033 — webhook signature + replay fuzz (AC-US9-06, AC-NFR2-01) > 100% rejects bad inputs and accepts valid ones across 1000 mutations
[webhook] hmac_attempt outcome=pass event=push deliveryId=valid-121

stderr | tests/integration/webhook-signature-fuzz.test.ts > T-033 — webhook signature + replay fuzz (AC-US9-06, AC-NFR2-01) > 100% rejects bad inputs and accepts valid ones across 1000 mutations
[webhook] hmac_attempt outcome=pass event=push deliveryId=valid-122

stderr | tests/integration/webhook-signature-fuzz.test.ts > T-033 — webhook signature + replay fuzz (AC-US9-06, AC-NFR2-01) > 100% rejects bad inputs and accepts valid ones across 1000 mutations
[webhook] hmac_attempt outcome=pass event=push deliveryId=valid-123

stderr | tests/integration/webhook-signature-fuzz.test.ts > T-033 — webhook signature + replay fuzz (AC-US9-06, AC-NFR2-01) > 100% rejects bad inputs and accepts valid ones across 1000 mutations
[webhook] hmac_attempt outcome=pass event=push deliveryId=valid-124

stderr | tests/integration/webhook-signature-fuzz.test.ts > T-033 — webhook signature + replay fuzz (AC-US9-06, AC-NFR2-01) > 100% rejects bad inputs and accepts valid ones across 1000 mutations
[webhook] hmac_attempt outcome=pass event=push deliveryId=valid-125

stderr | tests/integration/webhook-signature-fuzz.test.ts > T-033 — webhook signature + replay fuzz (AC-US9-06, AC-NFR2-01) > 100% rejects bad inputs and accepts valid ones across 1000 mutations
[webhook] hmac_attempt outcome=pass event=push deliveryId=valid-126

stderr | tests/integration/webhook-signature-fuzz.test.ts > T-033 — webhook signature + replay fuzz (AC-US9-06, AC-NFR2-01) > 100% rejects bad inputs and accepts valid ones across 1000 mutations
[webhook] hmac_attempt outcome=pass event=push deliveryId=valid-127

stderr | tests/integration/webhook-signature-fuzz.test.ts > T-033 — webhook signature + replay fuzz (AC-US9-06, AC-NFR2-01) > 100% rejects bad inputs and accepts valid ones across 1000 mutations
[webhook] hmac_attempt outcome=pass event=push deliveryId=valid-128

stderr | tests/integration/webhook-signature-fuzz.test.ts > T-033 — webhook signature + replay fuzz (AC-US9-06, AC-NFR2-01) > 100% rejects bad inputs and accepts valid ones across 1000 mutations
[webhook] hmac_attempt outcome=pass event=push deliveryId=valid-129

stderr | tests/integration/webhook-signature-fuzz.test.ts > T-033 — webhook signature + replay fuzz (AC-US9-06, AC-NFR2-01) > 100% rejects bad inputs and accepts valid ones across 1000 mutations
[webhook] hmac_attempt outcome=pass event=push deliveryId=valid-130

stderr | tests/integration/webhook-signature-fuzz.test.ts > T-033 — webhook signature + replay fuzz (AC-US9-06, AC-NFR2-01) > 100% rejects bad inputs and accepts valid ones across 1000 mutations
[webhook] hmac_attempt outcome=pass event=push deliveryId=valid-131

stderr | tests/integration/webhook-signature-fuzz.test.ts > T-033 — webhook signature + replay fuzz (AC-US9-06, AC-NFR2-01) > 100% rejects bad inputs and accepts valid ones across 1000 mutations
[webhook] hmac_attempt outcome=pass event=push deliveryId=valid-132

stderr | tests/integration/webhook-signature-fuzz.test.ts > T-033 — webhook signature + replay fuzz (AC-US9-06, AC-NFR2-01) > 100% rejects bad inputs and accepts valid ones across 1000 mutations
[webhook] hmac_attempt outcome=pass event=push deliveryId=valid-133

stderr | tests/integration/webhook-signature-fuzz.test.ts > T-033 — webhook signature + replay fuzz (AC-US9-06, AC-NFR2-01) > 100% rejects bad inputs and accepts valid ones across 1000 mutations
[webhook] hmac_attempt outcome=pass event=push deliveryId=valid-134

stderr | tests/integration/webhook-signature-fuzz.test.ts > T-033 — webhook signature + replay fuzz (AC-US9-06, AC-NFR2-01) > 100% rejects bad inputs and accepts valid ones across 1000 mutations
[webhook] hmac_attempt outcome=pass event=push deliveryId=valid-135

stderr | tests/integration/webhook-signature-fuzz.test.ts > T-033 — webhook signature + replay fuzz (AC-US9-06, AC-NFR2-01) > 100% rejects bad inputs and accepts valid ones across 1000 mutations
[webhook] hmac_attempt outcome=pass event=push deliveryId=valid-136

stderr | tests/integration/webhook-signature-fuzz.test.ts > T-033 — webhook signature + replay fuzz (AC-US9-06, AC-NFR2-01) > 100% rejects bad inputs and accepts valid ones across 1000 mutations
[webhook] hmac_attempt outcome=pass event=push deliveryId=valid-137

stderr | tests/integration/webhook-signature-fuzz.test.ts > T-033 — webhook signature + replay fuzz (AC-US9-06, AC-NFR2-01) > 100% rejects bad inputs and accepts valid ones across 1000 mutations
[webhook] hmac_attempt outcome=pass event=push deliveryId=valid-138

stderr | tests/integration/webhook-signature-fuzz.test.ts > T-033 — webhook signature + replay fuzz (AC-US9-06, AC-NFR2-01) > 100% rejects bad inputs and accepts valid ones across 1000 mutations
[webhook] hmac_attempt outcome=pass event=push deliveryId=valid-139

stderr | tests/integration/webhook-signature-fuzz.test.ts > T-033 — webhook signature + replay fuzz (AC-US9-06, AC-NFR2-01) > 100% rejects bad inputs and accepts valid ones across 1000 mutations
[webhook] hmac_attempt outcome=pass event=push deliveryId=valid-140

stderr | tests/integration/webhook-signature-fuzz.test.ts > T-033 — webhook signature + replay fuzz (AC-US9-06, AC-NFR2-01) > 100% rejects bad inputs and accepts valid ones across 1000 mutations
[webhook] hmac_attempt outcome=pass event=push deliveryId=valid-141

stderr | tests/integration/webhook-signature-fuzz.test.ts > T-033 — webhook signature + replay fuzz (AC-US9-06, AC-NFR2-01) > 100% rejects bad inputs and accepts valid ones across 1000 mutations
[webhook] hmac_attempt outcome=pass event=push deliveryId=valid-142

stderr | tests/integration/webhook-signature-fuzz.test.ts > T-033 — webhook signature + replay fuzz (AC-US9-06, AC-NFR2-01) > 100% rejects bad inputs and accepts valid ones across 1000 mutations
[webhook] hmac_attempt outcome=pass event=push deliveryId=valid-143

stderr | tests/integration/webhook-signature-fuzz.test.ts > T-033 — webhook signature + replay fuzz (AC-US9-06, AC-NFR2-01) > 100% rejects bad inputs and accepts valid ones across 1000 mutations
[webhook] hmac_attempt outcome=pass event=push deliveryId=valid-144

stderr | tests/integration/webhook-signature-fuzz.test.ts > T-033 — webhook signature + replay fuzz (AC-US9-06, AC-NFR2-01) > 100% rejects bad inputs and accepts valid ones across 1000 mutations
[webhook] hmac_attempt outcome=pass event=push deliveryId=valid-145

stderr | tests/integration/webhook-signature-fuzz.test.ts > T-033 — webhook signature + replay fuzz (AC-US9-06, AC-NFR2-01) > 100% rejects bad inputs and accepts valid ones across 1000 mutations
[webhook] hmac_attempt outcome=pass event=push deliveryId=valid-146

stderr | tests/integration/webhook-signature-fuzz.test.ts > T-033 — webhook signature + replay fuzz (AC-US9-06, AC-NFR2-01) > 100% rejects bad inputs and accepts valid ones across 1000 mutations
[webhook] hmac_attempt outcome=pass event=push deliveryId=valid-147

stderr | tests/integration/webhook-signature-fuzz.test.ts > T-033 — webhook signature + replay fuzz (AC-US9-06, AC-NFR2-01) > 100% rejects bad inputs and accepts valid ones across 1000 mutations
[webhook] hmac_attempt outcome=pass event=push deliveryId=valid-148

stderr | tests/integration/webhook-signature-fuzz.test.ts > T-033 — webhook signature + replay fuzz (AC-US9-06, AC-NFR2-01) > 100% rejects bad inputs and accepts valid ones across 1000 mutations
[webhook] hmac_attempt outcome=pass event=push deliveryId=valid-149

stderr | tests/integration/webhook-signature-fuzz.test.ts > T-033 — webhook signature + replay fuzz (AC-US9-06, AC-NFR2-01) > 100% rejects bad inputs and accepts valid ones across 1000 mutations
[webhook] hmac_attempt outcome=pass event=push deliveryId=valid-150

stderr | tests/integration/webhook-signature-fuzz.test.ts > T-033 — webhook signature + replay fuzz (AC-US9-06, AC-NFR2-01) > 100% rejects bad inputs and accepts valid ones across 1000 mutations
[webhook] hmac_attempt outcome=pass event=push deliveryId=valid-151

stderr | tests/integration/webhook-signature-fuzz.test.ts > T-033 — webhook signature + replay fuzz (AC-US9-06, AC-NFR2-01) > 100% rejects bad inputs and accepts valid ones across 1000 mutations
[webhook] hmac_attempt outcome=pass event=push deliveryId=valid-152

stderr | tests/integration/webhook-signature-fuzz.test.ts > T-033 — webhook signature + replay fuzz (AC-US9-06, AC-NFR2-01) > 100% rejects bad inputs and accepts valid ones across 1000 mutations
[webhook] hmac_attempt outcome=pass event=push deliveryId=valid-153

stderr | tests/integration/webhook-signature-fuzz.test.ts > T-033 — webhook signature + replay fuzz (AC-US9-06, AC-NFR2-01) > 100% rejects bad inputs and accepts valid ones across 1000 mutations
[webhook] hmac_attempt outcome=pass event=push deliveryId=valid-154

stderr | tests/integration/webhook-signature-fuzz.test.ts > T-033 — webhook signature + replay fuzz (AC-US9-06, AC-NFR2-01) > 100% rejects bad inputs and accepts valid ones across 1000 mutations
[webhook] hmac_attempt outcome=pass event=push deliveryId=valid-155

stderr | tests/integration/webhook-signature-fuzz.test.ts > T-033 — webhook signature + replay fuzz (AC-US9-06, AC-NFR2-01) > 100% rejects bad inputs and accepts valid ones across 1000 mutations
[webhook] hmac_attempt outcome=pass event=push deliveryId=valid-156

stderr | tests/integration/webhook-signature-fuzz.test.ts > T-033 — webhook signature + replay fuzz (AC-US9-06, AC-NFR2-01) > 100% rejects bad inputs and accepts valid ones across 1000 mutations
[webhook] hmac_attempt outcome=pass event=push deliveryId=valid-157

stderr | tests/integration/webhook-signature-fuzz.test.ts > T-033 — webhook signature + replay fuzz (AC-US9-06, AC-NFR2-01) > 100% rejects bad inputs and accepts valid ones across 1000 mutations
[webhook] hmac_attempt outcome=pass event=push deliveryId=valid-158

stderr | tests/integration/webhook-signature-fuzz.test.ts > T-033 — webhook signature + replay fuzz (AC-US9-06, AC-NFR2-01) > 100% rejects bad inputs and accepts valid ones across 1000 mutations
[webhook] hmac_attempt outcome=pass event=push deliveryId=valid-159

stderr | tests/integration/webhook-signature-fuzz.test.ts > T-033 — webhook signature + replay fuzz (AC-US9-06, AC-NFR2-01) > 100% rejects bad inputs and accepts valid ones across 1000 mutations
[webhook] hmac_attempt outcome=pass event=push deliveryId=valid-160

stderr | tests/integration/webhook-signature-fuzz.test.ts > T-033 — webhook signature + replay fuzz (AC-US9-06, AC-NFR2-01) > 100% rejects bad inputs and accepts valid ones across 1000 mutations
[webhook] hmac_attempt outcome=pass event=push deliveryId=valid-161

stderr | tests/integration/webhook-signature-fuzz.test.ts > T-033 — webhook signature + replay fuzz (AC-US9-06, AC-NFR2-01) > 100% rejects bad inputs and accepts valid ones across 1000 mutations
[webhook] hmac_attempt outcome=pass event=push deliveryId=valid-162

stderr | tests/integration/webhook-signature-fuzz.test.ts > T-033 — webhook signature + replay fuzz (AC-US9-06, AC-NFR2-01) > 100% rejects bad inputs and accepts valid ones across 1000 mutations
[webhook] hmac_attempt outcome=pass event=push deliveryId=valid-163

stderr | tests/integration/webhook-signature-fuzz.test.ts > T-033 — webhook signature + replay fuzz (AC-US9-06, AC-NFR2-01) > 100% rejects bad inputs and accepts valid ones across 1000 mutations
[webhook] hmac_attempt outcome=pass event=push deliveryId=valid-164

stderr | tests/integration/webhook-signature-fuzz.test.ts > T-033 — webhook signature + replay fuzz (AC-US9-06, AC-NFR2-01) > 100% rejects bad inputs and accepts valid ones across 1000 mutations
[webhook] hmac_attempt outcome=pass event=push deliveryId=valid-165

stderr | tests/integration/webhook-signature-fuzz.test.ts > T-033 — webhook signature + replay fuzz (AC-US9-06, AC-NFR2-01) > 100% rejects bad inputs and accepts valid ones across 1000 mutations
[webhook] hmac_attempt outcome=pass event=push deliveryId=valid-166

stderr | tests/integration/webhook-signature-fuzz.test.ts > T-033 — webhook signature + replay fuzz (AC-US9-06, AC-NFR2-01) > 100% rejects bad inputs and accepts valid ones across 1000 mutations
[webhook] hmac_attempt outcome=pass event=push deliveryId=valid-167

stderr | tests/integration/webhook-signature-fuzz.test.ts > T-033 — webhook signature + replay fuzz (AC-US9-06, AC-NFR2-01) > 100% rejects bad inputs and accepts valid ones across 1000 mutations
[webhook] hmac_attempt outcome=pass event=push deliveryId=valid-168

stderr | tests/integration/webhook-signature-fuzz.test.ts > T-033 — webhook signature + replay fuzz (AC-US9-06, AC-NFR2-01) > 100% rejects bad inputs and accepts valid ones across 1000 mutations
[webhook] hmac_attempt outcome=pass event=push deliveryId=valid-169

stderr | tests/integration/webhook-signature-fuzz.test.ts > T-033 — webhook signature + replay fuzz (AC-US9-06, AC-NFR2-01) > 100% rejects bad inputs and accepts valid ones across 1000 mutations
[webhook] hmac_attempt outcome=pass event=push deliveryId=valid-170

stderr | tests/integration/webhook-signature-fuzz.test.ts > T-033 — webhook signature + replay fuzz (AC-US9-06, AC-NFR2-01) > 100% rejects bad inputs and accepts valid ones across 1000 mutations
[webhook] hmac_attempt outcome=pass event=push deliveryId=valid-171

stderr | tests/integration/webhook-signature-fuzz.test.ts > T-033 — webhook signature + replay fuzz (AC-US9-06, AC-NFR2-01) > 100% rejects bad inputs and accepts valid ones across 1000 mutations
[webhook] hmac_attempt outcome=pass event=push deliveryId=valid-172

stderr | tests/integration/webhook-signature-fuzz.test.ts > T-033 — webhook signature + replay fuzz (AC-US9-06, AC-NFR2-01) > 100% rejects bad inputs and accepts valid ones across 1000 mutations
[webhook] hmac_attempt outcome=pass event=push deliveryId=valid-173

stderr | tests/integration/webhook-signature-fuzz.test.ts > T-033 — webhook signature + replay fuzz (AC-US9-06, AC-NFR2-01) > 100% rejects bad inputs and accepts valid ones across 1000 mutations
[webhook] hmac_attempt outcome=pass event=push deliveryId=valid-174

stderr | tests/integration/webhook-signature-fuzz.test.ts > T-033 — webhook signature + replay fuzz (AC-US9-06, AC-NFR2-01) > 100% rejects bad inputs and accepts valid ones across 1000 mutations
[webhook] hmac_attempt outcome=pass event=push deliveryId=valid-175

stderr | tests/integration/webhook-signature-fuzz.test.ts > T-033 — webhook signature + replay fuzz (AC-US9-06, AC-NFR2-01) > 100% rejects bad inputs and accepts valid ones across 1000 mutations
[webhook] hmac_attempt outcome=pass event=push deliveryId=valid-176

stderr | tests/integration/webhook-signature-fuzz.test.ts > T-033 — webhook signature + replay fuzz (AC-US9-06, AC-NFR2-01) > 100% rejects bad inputs and accepts valid ones across 1000 mutations
[webhook] hmac_attempt outcome=pass event=push deliveryId=valid-177

stderr | tests/integration/webhook-signature-fuzz.test.ts > T-033 — webhook signature + replay fuzz (AC-US9-06, AC-NFR2-01) > 100% rejects bad inputs and accepts valid ones across 1000 mutations
[webhook] hmac_attempt outcome=pass event=push deliveryId=valid-178

stderr | tests/integration/webhook-signature-fuzz.test.ts > T-033 — webhook signature + replay fuzz (AC-US9-06, AC-NFR2-01) > 100% rejects bad inputs and accepts valid ones across 1000 mutations
[webhook] hmac_attempt outcome=pass event=push deliveryId=valid-179

stderr | tests/integration/webhook-signature-fuzz.test.ts > T-033 — webhook signature + replay fuzz (AC-US9-06, AC-NFR2-01) > 100% rejects bad inputs and accepts valid ones across 1000 mutations
[webhook] hmac_attempt outcome=pass event=push deliveryId=valid-180

stderr | tests/integration/webhook-signature-fuzz.test.ts > T-033 — webhook signature + replay fuzz (AC-US9-06, AC-NFR2-01) > 100% rejects bad inputs and accepts valid ones across 1000 mutations
[webhook] hmac_attempt outcome=pass event=push deliveryId=valid-181

stderr | tests/integration/webhook-signature-fuzz.test.ts > T-033 — webhook signature + replay fuzz (AC-US9-06, AC-NFR2-01) > 100% rejects bad inputs and accepts valid ones across 1000 mutations
[webhook] hmac_attempt outcome=pass event=push deliveryId=valid-182

stderr | tests/integration/webhook-signature-fuzz.test.ts > T-033 — webhook signature + replay fuzz (AC-US9-06, AC-NFR2-01) > 100% rejects bad inputs and accepts valid ones across 1000 mutations
[webhook] hmac_attempt outcome=pass event=push deliveryId=valid-183

stderr | tests/integration/webhook-signature-fuzz.test.ts > T-033 — webhook signature + replay fuzz (AC-US9-06, AC-NFR2-01) > 100% rejects bad inputs and accepts valid ones across 1000 mutations
[webhook] hmac_attempt outcome=pass event=push deliveryId=valid-184

stderr | tests/integration/webhook-signature-fuzz.test.ts > T-033 — webhook signature + replay fuzz (AC-US9-06, AC-NFR2-01) > 100% rejects bad inputs and accepts valid ones across 1000 mutations
[webhook] hmac_attempt outcome=pass event=push deliveryId=valid-185

stderr | tests/integration/webhook-signature-fuzz.test.ts > T-033 — webhook signature + replay fuzz (AC-US9-06, AC-NFR2-01) > 100% rejects bad inputs and accepts valid ones across 1000 mutations
[webhook] hmac_attempt outcome=pass event=push deliveryId=valid-186

stderr | tests/integration/webhook-signature-fuzz.test.ts > T-033 — webhook signature + replay fuzz (AC-US9-06, AC-NFR2-01) > 100% rejects bad inputs and accepts valid ones across 1000 mutations
[webhook] hmac_attempt outcome=pass event=push deliveryId=valid-187

stderr | tests/integration/webhook-signature-fuzz.test.ts > T-033 — webhook signature + replay fuzz (AC-US9-06, AC-NFR2-01) > 100% rejects bad inputs and accepts valid ones across 1000 mutations
[webhook] hmac_attempt outcome=pass event=push deliveryId=valid-188

stderr | tests/integration/webhook-signature-fuzz.test.ts > T-033 — webhook signature + replay fuzz (AC-US9-06, AC-NFR2-01) > 100% rejects bad inputs and accepts valid ones across 1000 mutations
[webhook] hmac_attempt outcome=pass event=push deliveryId=valid-189

stderr | tests/integration/webhook-signature-fuzz.test.ts > T-033 — webhook signature + replay fuzz (AC-US9-06, AC-NFR2-01) > 100% rejects bad inputs and accepts valid ones across 1000 mutations
[webhook] hmac_attempt outcome=pass event=push deliveryId=valid-190

stderr | tests/integration/webhook-signature-fuzz.test.ts > T-033 — webhook signature + replay fuzz (AC-US9-06, AC-NFR2-01) > 100% rejects bad inputs and accepts valid ones across 1000 mutations
[webhook] hmac_attempt outcome=pass event=push deliveryId=valid-191

stderr | src/lib/submission/__tests__/upsert.test.ts > upsertSubmission — P2025 race in P2002 catch (F-CR-007) > retries the outer upsert once when findUniqueOrThrow throws P2025 — succeeds on retry
[upsertSubmission] KV write failed for sub_retry-success: SUBMISSIONS_KV unavailable: not in worker or Next.js request context

stderr | tests/integration/webhook-signature-fuzz.test.ts > T-033 — webhook signature + replay fuzz (AC-US9-06, AC-NFR2-01) > 100% rejects bad inputs and accepts valid ones across 1000 mutations
[webhook] hmac_attempt outcome=pass event=push deliveryId=valid-192

stderr | tests/integration/webhook-signature-fuzz.test.ts > T-033 — webhook signature + replay fuzz (AC-US9-06, AC-NFR2-01) > 100% rejects bad inputs and accepts valid ones across 1000 mutations
[webhook] hmac_attempt outcome=pass event=push deliveryId=valid-193

stderr | tests/integration/webhook-signature-fuzz.test.ts > T-033 — webhook signature + replay fuzz (AC-US9-06, AC-NFR2-01) > 100% rejects bad inputs and accepts valid ones across 1000 mutations
[webhook] hmac_attempt outcome=pass event=push deliveryId=valid-194

stderr | tests/integration/webhook-signature-fuzz.test.ts > T-033 — webhook signature + replay fuzz (AC-US9-06, AC-NFR2-01) > 100% rejects bad inputs and accepts valid ones across 1000 mutations
[webhook] hmac_attempt outcome=pass event=push deliveryId=valid-195

 ✓ src/lib/submission/__tests__/upsert.test.ts (21 tests) 548ms
   ✓ upsertSubmission — P2002 branches (T-010) > maps P2002 + existing state=REJECTED to kind:'rejected'  380ms
stderr | tests/integration/webhook-signature-fuzz.test.ts > T-033 — webhook signature + replay fuzz (AC-US9-06, AC-NFR2-01) > 100% rejects bad inputs and accepts valid ones across 1000 mutations
[webhook] hmac_attempt outcome=pass event=push deliveryId=valid-196

stderr | tests/integration/webhook-signature-fuzz.test.ts > T-033 — webhook signature + replay fuzz (AC-US9-06, AC-NFR2-01) > 100% rejects bad inputs and accepts valid ones across 1000 mutations
[webhook] hmac_attempt outcome=pass event=push deliveryId=valid-197

stderr | tests/integration/webhook-signature-fuzz.test.ts > T-033 — webhook signature + replay fuzz (AC-US9-06, AC-NFR2-01) > 100% rejects bad inputs and accepts valid ones across 1000 mutations
[webhook] hmac_attempt outcome=pass event=push deliveryId=valid-198

stderr | tests/integration/webhook-signature-fuzz.test.ts > T-033 — webhook signature + replay fuzz (AC-US9-06, AC-NFR2-01) > 100% rejects bad inputs and accepts valid ones across 1000 mutations
[webhook] hmac_attempt outcome=pass event=push deliveryId=valid-199

stderr | tests/integration/webhook-signature-fuzz.test.ts > T-033 — webhook signature + replay fuzz (AC-US9-06, AC-NFR2-01) > 100% rejects bad inputs and accepts valid ones across 1000 mutations
[webhook] hmac_attempt outcome=fail event=push deliveryId=bad-sig-0

stderr | tests/integration/webhook-signature-fuzz.test.ts > T-033 — webhook signature + replay fuzz (AC-US9-06, AC-NFR2-01) > 100% rejects bad inputs and accepts valid ones across 1000 mutations
[webhook] hmac_attempt outcome=fail event=push deliveryId=bad-sig-1

stderr | tests/integration/webhook-signature-fuzz.test.ts > T-033 — webhook signature + replay fuzz (AC-US9-06, AC-NFR2-01) > 100% rejects bad inputs and accepts valid ones across 1000 mutations
[webhook] hmac_attempt outcome=fail event=push deliveryId=bad-sig-2

stderr | tests/integration/webhook-signature-fuzz.test.ts > T-033 — webhook signature + replay fuzz (AC-US9-06, AC-NFR2-01) > 100% rejects bad inputs and accepts valid ones across 1000 mutations
[webhook] hmac_attempt outcome=fail event=push deliveryId=bad-sig-3

stderr | tests/integration/webhook-signature-fuzz.test.ts > T-033 — webhook signature + replay fuzz (AC-US9-06, AC-NFR2-01) > 100% rejects bad inputs and accepts valid ones across 1000 mutations
[webhook] hmac_attempt outcome=fail event=push deliveryId=bad-sig-4

stderr | tests/integration/webhook-signature-fuzz.test.ts > T-033 — webhook signature + replay fuzz (AC-US9-06, AC-NFR2-01) > 100% rejects bad inputs and accepts valid ones across 1000 mutations
[webhook] hmac_attempt outcome=fail event=push deliveryId=bad-sig-5

stderr | tests/integration/webhook-signature-fuzz.test.ts > T-033 — webhook signature + replay fuzz (AC-US9-06, AC-NFR2-01) > 100% rejects bad inputs and accepts valid ones across 1000 mutations
[webhook] hmac_attempt outcome=fail event=push deliveryId=bad-sig-6

stderr | tests/integration/webhook-signature-fuzz.test.ts > T-033 — webhook signature + replay fuzz (AC-US9-06, AC-NFR2-01) > 100% rejects bad inputs and accepts valid ones across 1000 mutations
[webhook] hmac_attempt outcome=fail event=push deliveryId=bad-sig-7

stderr | tests/integration/webhook-signature-fuzz.test.ts > T-033 — webhook signature + replay fuzz (AC-US9-06, AC-NFR2-01) > 100% rejects bad inputs and accepts valid ones across 1000 mutations
[webhook] hmac_attempt outcome=fail event=push deliveryId=bad-sig-8

stderr | tests/integration/webhook-signature-fuzz.test.ts > T-033 — webhook signature + replay fuzz (AC-US9-06, AC-NFR2-01) > 100% rejects bad inputs and accepts valid ones across 1000 mutations
[webhook] hmac_attempt outcome=fail event=push deliveryId=bad-sig-9

stderr | tests/integration/webhook-signature-fuzz.test.ts > T-033 — webhook signature + replay fuzz (AC-US9-06, AC-NFR2-01) > 100% rejects bad inputs and accepts valid ones across 1000 mutations
[webhook] hmac_attempt outcome=fail event=push deliveryId=bad-sig-10

stderr | tests/integration/webhook-signature-fuzz.test.ts > T-033 — webhook signature + replay fuzz (AC-US9-06, AC-NFR2-01) > 100% rejects bad inputs and accepts valid ones across 1000 mutations
[webhook] hmac_attempt outcome=fail event=push deliveryId=bad-sig-11

stderr | tests/integration/webhook-signature-fuzz.test.ts > T-033 — webhook signature + replay fuzz (AC-US9-06, AC-NFR2-01) > 100% rejects bad inputs and accepts valid ones across 1000 mutations
[webhook] hmac_attempt outcome=fail event=push deliveryId=bad-sig-12

stderr | tests/integration/webhook-signature-fuzz.test.ts > T-033 — webhook signature + replay fuzz (AC-US9-06, AC-NFR2-01) > 100% rejects bad inputs and accepts valid ones across 1000 mutations
[webhook] hmac_attempt outcome=fail event=push deliveryId=bad-sig-13

stderr | tests/integration/webhook-signature-fuzz.test.ts > T-033 — webhook signature + replay fuzz (AC-US9-06, AC-NFR2-01) > 100% rejects bad inputs and accepts valid ones across 1000 mutations
[webhook] hmac_attempt outcome=fail event=push deliveryId=bad-sig-14

stderr | tests/integration/webhook-signature-fuzz.test.ts > T-033 — webhook signature + replay fuzz (AC-US9-06, AC-NFR2-01) > 100% rejects bad inputs and accepts valid ones across 1000 mutations
[webhook] hmac_attempt outcome=fail event=push deliveryId=bad-sig-15

stderr | tests/integration/webhook-signature-fuzz.test.ts > T-033 — webhook signature + replay fuzz (AC-US9-06, AC-NFR2-01) > 100% rejects bad inputs and accepts valid ones across 1000 mutations
[webhook] hmac_attempt outcome=fail event=push deliveryId=bad-sig-16

stderr | tests/integration/webhook-signature-fuzz.test.ts > T-033 — webhook signature + replay fuzz (AC-US9-06, AC-NFR2-01) > 100% rejects bad inputs and accepts valid ones across 1000 mutations
[webhook] hmac_attempt outcome=fail event=push deliveryId=bad-sig-17

 ✓ src/lib/skill-update/discovery/__tests__/resolver.test.ts (17 tests) 575ms
stderr | tests/integration/webhook-signature-fuzz.test.ts > T-033 — webhook signature + replay fuzz (AC-US9-06, AC-NFR2-01) > 100% rejects bad inputs and accepts valid ones across 1000 mutations
[webhook] hmac_attempt outcome=fail event=push deliveryId=bad-sig-18

stderr | tests/integration/webhook-signature-fuzz.test.ts > T-033 — webhook signature + replay fuzz (AC-US9-06, AC-NFR2-01) > 100% rejects bad inputs and accepts valid ones across 1000 mutations
[webhook] hmac_attempt outcome=fail event=push deliveryId=bad-sig-19

stderr | tests/integration/webhook-signature-fuzz.test.ts > T-033 — webhook signature + replay fuzz (AC-US9-06, AC-NFR2-01) > 100% rejects bad inputs and accepts valid ones across 1000 mutations
[webhook] hmac_attempt outcome=fail event=push deliveryId=bad-sig-20

stderr | src/lib/__tests__/submission-store.test.ts > publishSkill + resolveSlug hierarchical naming (0292/0444) > TC-004: publishes with hierarchical slug (owner/repo/skillSlug)
[publishSkill] SkillVersion creation failed for sub_154b728a-a65f-45c7-88a6-40ba94dee6f9: DegradedDataError: Refusing to persist SkillVersion for skill undefined (submission sub_154b728a-a65f-45c7-88a6-40ba94dee6f9): missing contentHash + content. scan.contentHash was empty and skillmd:sub_154b728a-a65f-45c7-88a6-40ba94dee6f9 is unavailable — re-trigger scan before republishing.
    at /Users/antonabyzov/Projects/github/specweave-umb/repositories/anton-abyzov/0874-intake-identity/src/lib/submission/publish.ts:723:17
    at processTicksAndRejections (node:internal/process/task_queues:105:5) {
  code: 'degraded_data',
  skillId: undefined,
  submissionId: 'sub_154b728a-a65f-45c7-88a6-40ba94dee6f9',
  missing: { contentHash: true, content: true }
}
[publishSkill] skipping post-write steps for submission sub_154b728a-a65f-45c7-88a6-40ba94dee6f9 — no SkillVersion row was written.

stderr | tests/integration/webhook-signature-fuzz.test.ts > T-033 — webhook signature + replay fuzz (AC-US9-06, AC-NFR2-01) > 100% rejects bad inputs and accepts valid ones across 1000 mutations
[webhook] hmac_attempt outcome=fail event=push deliveryId=bad-sig-21

stderr | tests/integration/webhook-signature-fuzz.test.ts > T-033 — webhook signature + replay fuzz (AC-US9-06, AC-NFR2-01) > 100% rejects bad inputs and accepts valid ones across 1000 mutations
[webhook] hmac_attempt outcome=fail event=push deliveryId=bad-sig-22

stderr | tests/integration/webhook-signature-fuzz.test.ts > T-033 — webhook signature + replay fuzz (AC-US9-06, AC-NFR2-01) > 100% rejects bad inputs and accepts valid ones across 1000 mutations
[webhook] hmac_attempt outcome=fail event=push deliveryId=bad-sig-23

stderr | tests/integration/webhook-signature-fuzz.test.ts > T-033 — webhook signature + replay fuzz (AC-US9-06, AC-NFR2-01) > 100% rejects bad inputs and accepts valid ones across 1000 mutations
[webhook] hmac_attempt outcome=fail event=push deliveryId=bad-sig-24

stderr | src/lib/__tests__/submission-store.test.ts > publishSkill + resolveSlug hierarchical naming (0292/0444) > TC-005: different repos produce different hierarchical slugs (no collision)
[persistSubmissionToDb] sub_0420572e-010a-4ea9-9553-003c0e1b44c2: TypeError: db.submission.create is not a function
    at persistSubmissionToDb (/Users/antonabyzov/Projects/github/specweave-umb/repositories/anton-abyzov/0874-intake-identity/src/lib/submission/db-persist.ts:40:25)
    at processTicksAndRejections (node:internal/process/task_queues:105:5)

stderr | tests/integration/webhook-signature-fuzz.test.ts > T-033 — webhook signature + replay fuzz (AC-US9-06, AC-NFR2-01) > 100% rejects bad inputs and accepts valid ones across 1000 mutations
[webhook] hmac_attempt outcome=fail event=push deliveryId=bad-sig-25

stderr | tests/integration/webhook-signature-fuzz.test.ts > T-033 — webhook signature + replay fuzz (AC-US9-06, AC-NFR2-01) > 100% rejects bad inputs and accepts valid ones across 1000 mutations
[webhook] hmac_attempt outcome=fail event=push deliveryId=bad-sig-26

stderr | tests/integration/webhook-signature-fuzz.test.ts > T-033 — webhook signature + replay fuzz (AC-US9-06, AC-NFR2-01) > 100% rejects bad inputs and accepts valid ones across 1000 mutations
[webhook] hmac_attempt outcome=fail event=push deliveryId=bad-sig-27

stderr | tests/integration/webhook-signature-fuzz.test.ts > T-033 — webhook signature + replay fuzz (AC-US9-06, AC-NFR2-01) > 100% rejects bad inputs and accepts valid ones across 1000 mutations
[webhook] hmac_attempt outcome=fail event=push deliveryId=bad-sig-28

stderr | tests/integration/webhook-signature-fuzz.test.ts > T-033 — webhook signature + replay fuzz (AC-US9-06, AC-NFR2-01) > 100% rejects bad inputs and accepts valid ones across 1000 mutations
[webhook] hmac_attempt outcome=fail event=push deliveryId=bad-sig-29

stderr | tests/integration/webhook-signature-fuzz.test.ts > T-033 — webhook signature + replay fuzz (AC-US9-06, AC-NFR2-01) > 100% rejects bad inputs and accepts valid ones across 1000 mutations
[webhook] hmac_attempt outcome=fail event=push deliveryId=bad-sig-30

stderr | tests/integration/webhook-signature-fuzz.test.ts > T-033 — webhook signature + replay fuzz (AC-US9-06, AC-NFR2-01) > 100% rejects bad inputs and accepts valid ones across 1000 mutations
[webhook] hmac_attempt outcome=fail event=push deliveryId=bad-sig-31

stderr | tests/integration/webhook-signature-fuzz.test.ts > T-033 — webhook signature + replay fuzz (AC-US9-06, AC-NFR2-01) > 100% rejects bad inputs and accepts valid ones across 1000 mutations
[webhook] hmac_attempt outcome=fail event=push deliveryId=bad-sig-32

stderr | src/lib/__tests__/submission-store.test.ts > publishSkill + resolveSlug hierarchical naming (0292/0444) > TC-005: different repos produce different hierarchical slugs (no collision)
[publishSkill] SkillVersion creation failed for sub_0420572e-010a-4ea9-9553-003c0e1b44c2: DegradedDataError: Refusing to persist SkillVersion for skill undefined (submission sub_0420572e-010a-4ea9-9553-003c0e1b44c2): missing contentHash + content. scan.contentHash was empty and skillmd:sub_0420572e-010a-4ea9-9553-003c0e1b44c2 is unavailable — re-trigger scan before republishing.
    at /Users/antonabyzov/Projects/github/specweave-umb/repositories/anton-abyzov/0874-intake-identity/src/lib/submission/publish.ts:723:17
    at processTicksAndRejections (node:internal/process/task_queues:105:5) {
  code: 'degraded_data',
  skillId: undefined,
  submissionId: 'sub_0420572e-010a-4ea9-9553-003c0e1b44c2',
  missing: { contentHash: true, content: true }
}
[publishSkill] skipping post-write steps for submission sub_0420572e-010a-4ea9-9553-003c0e1b44c2 — no SkillVersion row was written.

stderr | src/lib/__tests__/submission-store.test.ts > publishSkill + resolveSlug hierarchical naming (0292/0444) > TC-005: different repos produce different hierarchical slugs (no collision)
[persistSubmissionToDb] sub_7cce6958-0606-4008-85da-27a1de877500: TypeError: db.submission.create is not a function
    at persistSubmissionToDb (/Users/antonabyzov/Projects/github/specweave-umb/repositories/anton-abyzov/0874-intake-identity/src/lib/submission/db-persist.ts:40:25)
    at processTicksAndRejections (node:internal/process/task_queues:105:5)

stderr | tests/integration/webhook-signature-fuzz.test.ts > T-033 — webhook signature + replay fuzz (AC-US9-06, AC-NFR2-01) > 100% rejects bad inputs and accepts valid ones across 1000 mutations
[webhook] hmac_attempt outcome=fail event=push deliveryId=bad-sig-33

stderr | tests/integration/webhook-signature-fuzz.test.ts > T-033 — webhook signature + replay fuzz (AC-US9-06, AC-NFR2-01) > 100% rejects bad inputs and accepts valid ones across 1000 mutations
[webhook] hmac_attempt outcome=fail event=push deliveryId=bad-sig-34

stderr | tests/integration/webhook-signature-fuzz.test.ts > T-033 — webhook signature + replay fuzz (AC-US9-06, AC-NFR2-01) > 100% rejects bad inputs and accepts valid ones across 1000 mutations
[webhook] hmac_attempt outcome=fail event=push deliveryId=bad-sig-35

stderr | tests/integration/webhook-signature-fuzz.test.ts > T-033 — webhook signature + replay fuzz (AC-US9-06, AC-NFR2-01) > 100% rejects bad inputs and accepts valid ones across 1000 mutations
[webhook] hmac_attempt outcome=fail event=push deliveryId=bad-sig-36

stderr | tests/integration/webhook-signature-fuzz.test.ts > T-033 — webhook signature + replay fuzz (AC-US9-06, AC-NFR2-01) > 100% rejects bad inputs and accepts valid ones across 1000 mutations
[webhook] hmac_attempt outcome=fail event=push deliveryId=bad-sig-37

stderr | tests/integration/webhook-signature-fuzz.test.ts > T-033 — webhook signature + replay fuzz (AC-US9-06, AC-NFR2-01) > 100% rejects bad inputs and accepts valid ones across 1000 mutations
[webhook] hmac_attempt outcome=fail event=push deliveryId=bad-sig-38

stderr | tests/integration/webhook-signature-fuzz.test.ts > T-033 — webhook signature + replay fuzz (AC-US9-06, AC-NFR2-01) > 100% rejects bad inputs and accepts valid ones across 1000 mutations
[webhook] hmac_attempt outcome=fail event=push deliveryId=bad-sig-39

stderr | tests/integration/webhook-signature-fuzz.test.ts > T-033 — webhook signature + replay fuzz (AC-US9-06, AC-NFR2-01) > 100% rejects bad inputs and accepts valid ones across 1000 mutations
[webhook] hmac_attempt outcome=fail event=push deliveryId=bad-sig-40

stderr | tests/integration/webhook-signature-fuzz.test.ts > T-033 — webhook signature + replay fuzz (AC-US9-06, AC-NFR2-01) > 100% rejects bad inputs and accepts valid ones across 1000 mutations
[webhook] hmac_attempt outcome=fail event=push deliveryId=bad-sig-41

stderr | src/lib/__tests__/dual-publish.test.ts > publishSkill (DB-first write + trust scoring) > writes to Prisma on successful publish
[publishSkill] SkillVersion creation failed for sub_123: TypeError: Cannot read properties of undefined (reading 'findFirst')
    at Module.publishSkill (/Users/antonabyzov/Projects/github/specweave-umb/repositories/anton-abyzov/0874-intake-identity/src/lib/submission/publish.ts:471:49)
    at processTicksAndRejections (node:internal/process/task_queues:105:5)
    at /Users/antonabyzov/Projects/github/specweave-umb/repositories/anton-abyzov/0874-intake-identity/src/lib/__tests__/dual-publish.test.ts:107:5
    at file:///Users/antonabyzov/Projects/github/specweave-umb/repositories/anton-abyzov/0874-bulk-request-memory/node_modules/@vitest/runner/dist/chunk-hooks.js:752:20
[publishSkill] skipping post-write steps for submission sub_123 — no SkillVersion row was written.

stderr | src/lib/__tests__/submission-store.test.ts > publishSkill + resolveSlug hierarchical naming (0292/0444) > TC-005: different repos produce different hierarchical slugs (no collision)
[publishSkill] SkillVersion creation failed for sub_7cce6958-0606-4008-85da-27a1de877500: DegradedDataError: Refusing to persist SkillVersion for skill undefined (submission sub_7cce6958-0606-4008-85da-27a1de877500): missing contentHash + content. scan.contentHash was empty and skillmd:sub_7cce6958-0606-4008-85da-27a1de877500 is unavailable — re-trigger scan before republishing.
    at /Users/antonabyzov/Projects/github/specweave-umb/repositories/anton-abyzov/0874-intake-identity/src/lib/submission/publish.ts:723:17
    at processTicksAndRejections (node:internal/process/task_queues:105:5) {
  code: 'degraded_data',
  skillId: undefined,
  submissionId: 'sub_7cce6958-0606-4008-85da-27a1de877500',
  missing: { contentHash: true, content: true }
}
[publishSkill] skipping post-write steps for submission sub_7cce6958-0606-4008-85da-27a1de877500 — no SkillVersion row was written.

stderr | src/lib/__tests__/submission-store.test.ts > publishSkill + resolveSlug hierarchical naming (0292/0444) > TC-006: same repo re-publishes with identical hierarchical slug (upsert)
[persistSubmissionToDb] sub_a6ff599d-ef41-4478-9776-623c57b1dc2f: TypeError: db.submission.create is not a function
    at persistSubmissionToDb (/Users/antonabyzov/Projects/github/specweave-umb/repositories/anton-abyzov/0874-intake-identity/src/lib/submission/db-persist.ts:40:25)
    at processTicksAndRejections (node:internal/process/task_queues:105:5)

stderr | tests/integration/webhook-signature-fuzz.test.ts > T-033 — webhook signature + replay fuzz (AC-US9-06, AC-NFR2-01) > 100% rejects bad inputs and accepts valid ones across 1000 mutations
[webhook] hmac_attempt outcome=fail event=push deliveryId=bad-sig-42

stderr | tests/integration/webhook-signature-fuzz.test.ts > T-033 — webhook signature + replay fuzz (AC-US9-06, AC-NFR2-01) > 100% rejects bad inputs and accepts valid ones across 1000 mutations
[webhook] hmac_attempt outcome=fail event=push deliveryId=bad-sig-43

stderr | tests/integration/webhook-signature-fuzz.test.ts > T-033 — webhook signature + replay fuzz (AC-US9-06, AC-NFR2-01) > 100% rejects bad inputs and accepts valid ones across 1000 mutations
[webhook] hmac_attempt outcome=fail event=push deliveryId=bad-sig-44

stderr | tests/integration/webhook-signature-fuzz.test.ts > T-033 — webhook signature + replay fuzz (AC-US9-06, AC-NFR2-01) > 100% rejects bad inputs and accepts valid ones across 1000 mutations
[webhook] hmac_attempt outcome=fail event=push deliveryId=bad-sig-45

stderr | tests/integration/webhook-signature-fuzz.test.ts > T-033 — webhook signature + replay fuzz (AC-US9-06, AC-NFR2-01) > 100% rejects bad inputs and accepts valid ones across 1000 mutations
[webhook] hmac_attempt outcome=fail event=push deliveryId=bad-sig-46

stderr | tests/integration/webhook-signature-fuzz.test.ts > T-033 — webhook signature + replay fuzz (AC-US9-06, AC-NFR2-01) > 100% rejects bad inputs and accepts valid ones across 1000 mutations
[webhook] hmac_attempt outcome=fail event=push deliveryId=bad-sig-47

stderr | tests/integration/webhook-signature-fuzz.test.ts > T-033 — webhook signature + replay fuzz (AC-US9-06, AC-NFR2-01) > 100% rejects bad inputs and accepts valid ones across 1000 mutations
[webhook] hmac_attempt outcome=fail event=push deliveryId=bad-sig-48

stderr | tests/integration/webhook-signature-fuzz.test.ts > T-033 — webhook signature + replay fuzz (AC-US9-06, AC-NFR2-01) > 100% rejects bad inputs and accepts valid ones across 1000 mutations
[webhook] hmac_attempt outcome=fail event=push deliveryId=bad-sig-49

stderr | tests/integration/webhook-signature-fuzz.test.ts > T-033 — webhook signature + replay fuzz (AC-US9-06, AC-NFR2-01) > 100% rejects bad inputs and accepts valid ones across 1000 mutations
[webhook] hmac_attempt outcome=fail event=push deliveryId=bad-sig-50

stderr | tests/integration/webhook-signature-fuzz.test.ts > T-033 — webhook signature + replay fuzz (AC-US9-06, AC-NFR2-01) > 100% rejects bad inputs and accepts valid ones across 1000 mutations
[webhook] hmac_attempt outcome=fail event=push deliveryId=bad-sig-51

stderr | tests/integration/webhook-signature-fuzz.test.ts > T-033 — webhook signature + replay fuzz (AC-US9-06, AC-NFR2-01) > 100% rejects bad inputs and accepts valid ones across 1000 mutations
[webhook] hmac_attempt outcome=fail event=push deliveryId=bad-sig-52

stderr | tests/integration/webhook-signature-fuzz.test.ts > T-033 — webhook signature + replay fuzz (AC-US9-06, AC-NFR2-01) > 100% rejects bad inputs and accepts valid ones across 1000 mutations
[webhook] hmac_attempt outcome=fail event=push deliveryId=bad-sig-53

stderr | tests/integration/webhook-signature-fuzz.test.ts > T-033 — webhook signature + replay fuzz (AC-US9-06, AC-NFR2-01) > 100% rejects bad inputs and accepts valid ones across 1000 mutations
[webhook] hmac_attempt outcome=fail event=push deliveryId=bad-sig-54

stderr | tests/integration/webhook-signature-fuzz.test.ts > T-033 — webhook signature + replay fuzz (AC-US9-06, AC-NFR2-01) > 100% rejects bad inputs and accepts valid ones across 1000 mutations
[webhook] hmac_attempt outcome=fail event=push deliveryId=bad-sig-55

stderr | tests/integration/webhook-signature-fuzz.test.ts > T-033 — webhook signature + replay fuzz (AC-US9-06, AC-NFR2-01) > 100% rejects bad inputs and accepts valid ones across 1000 mutations
[webhook] hmac_attempt outcome=fail event=push deliveryId=bad-sig-56

stderr | tests/integration/webhook-signature-fuzz.test.ts > T-033 — webhook signature + replay fuzz (AC-US9-06, AC-NFR2-01) > 100% rejects bad inputs and accepts valid ones across 1000 mutations
[webhook] hmac_attempt outcome=fail event=push deliveryId=bad-sig-57

 ✓ src/lib/skill-update/__tests__/sse-integration.test.ts (2 tests) 871ms
   ✓ SSE filtered delivery — integration (AC-US3-06) > delivers skill-A event only to the client subscribed to skill-A  434ms
   ✓ SSE filtered delivery — integration (AC-US3-06) > delivers to every subscriber whose filter contains the event skillId  435ms
stderr | tests/integration/webhook-signature-fuzz.test.ts > T-033 — webhook signature + replay fuzz (AC-US9-06, AC-NFR2-01) > 100% rejects bad inputs and accepts valid ones across 1000 mutations
[webhook] hmac_attempt outcome=fail event=push deliveryId=bad-sig-58

stderr | tests/integration/webhook-signature-fuzz.test.ts > T-033 — webhook signature + replay fuzz (AC-US9-06, AC-NFR2-01) > 100% rejects bad inputs and accepts valid ones across 1000 mutations
[webhook] hmac_attempt outcome=fail event=push deliveryId=bad-sig-59

stderr | tests/integration/webhook-signature-fuzz.test.ts > T-033 — webhook signature + replay fuzz (AC-US9-06, AC-NFR2-01) > 100% rejects bad inputs and accepts valid ones across 1000 mutations
[webhook] hmac_attempt outcome=fail event=push deliveryId=bad-sig-60

stderr | tests/integration/webhook-signature-fuzz.test.ts > T-033 — webhook signature + replay fuzz (AC-US9-06, AC-NFR2-01) > 100% rejects bad inputs and accepts valid ones across 1000 mutations
[webhook] hmac_attempt outcome=fail event=push deliveryId=bad-sig-61

stderr | tests/integration/webhook-signature-fuzz.test.ts > T-033 — webhook signature + replay fuzz (AC-US9-06, AC-NFR2-01) > 100% rejects bad inputs and accepts valid ones across 1000 mutations
[webhook] hmac_attempt outcome=fail event=push deliveryId=bad-sig-62

stderr | tests/integration/webhook-signature-fuzz.test.ts > T-033 — webhook signature + replay fuzz (AC-US9-06, AC-NFR2-01) > 100% rejects bad inputs and accepts valid ones across 1000 mutations
[webhook] hmac_attempt outcome=fail event=push deliveryId=bad-sig-63

stderr | tests/integration/webhook-signature-fuzz.test.ts > T-033 — webhook signature + replay fuzz (AC-US9-06, AC-NFR2-01) > 100% rejects bad inputs and accepts valid ones across 1000 mutations
[webhook] hmac_attempt outcome=fail event=push deliveryId=bad-sig-64

stderr | tests/integration/webhook-signature-fuzz.test.ts > T-033 — webhook signature + replay fuzz (AC-US9-06, AC-NFR2-01) > 100% rejects bad inputs and accepts valid ones across 1000 mutations
[webhook] hmac_attempt outcome=fail event=push deliveryId=bad-sig-65

stderr | tests/integration/webhook-signature-fuzz.test.ts > T-033 — webhook signature + replay fuzz (AC-US9-06, AC-NFR2-01) > 100% rejects bad inputs and accepts valid ones across 1000 mutations
[webhook] hmac_attempt outcome=fail event=push deliveryId=bad-sig-66

stderr | tests/integration/webhook-signature-fuzz.test.ts > T-033 — webhook signature + replay fuzz (AC-US9-06, AC-NFR2-01) > 100% rejects bad inputs and accepts valid ones across 1000 mutations
[webhook] hmac_attempt outcome=fail event=push deliveryId=bad-sig-67

stderr | tests/integration/webhook-signature-fuzz.test.ts > T-033 — webhook signature + replay fuzz (AC-US9-06, AC-NFR2-01) > 100% rejects bad inputs and accepts valid ones across 1000 mutations
[webhook] hmac_attempt outcome=fail event=push deliveryId=bad-sig-68

stderr | tests/integration/webhook-signature-fuzz.test.ts > T-033 — webhook signature + replay fuzz (AC-US9-06, AC-NFR2-01) > 100% rejects bad inputs and accepts valid ones across 1000 mutations
[webhook] hmac_attempt outcome=fail event=push deliveryId=bad-sig-69

stderr | tests/integration/webhook-signature-fuzz.test.ts > T-033 — webhook signature + replay fuzz (AC-US9-06, AC-NFR2-01) > 100% rejects bad inputs and accepts valid ones across 1000 mutations
[webhook] hmac_attempt outcome=fail event=push deliveryId=bad-sig-70

stderr | tests/integration/webhook-signature-fuzz.test.ts > T-033 — webhook signature + replay fuzz (AC-US9-06, AC-NFR2-01) > 100% rejects bad inputs and accepts valid ones across 1000 mutations
[webhook] hmac_attempt outcome=fail event=push deliveryId=bad-sig-71

stderr | tests/integration/webhook-signature-fuzz.test.ts > T-033 — webhook signature + replay fuzz (AC-US9-06, AC-NFR2-01) > 100% rejects bad inputs and accepts valid ones across 1000 mutations
[webhook] hmac_attempt outcome=fail event=push deliveryId=bad-sig-72

stderr | tests/integration/webhook-signature-fuzz.test.ts > T-033 — webhook signature + replay fuzz (AC-US9-06, AC-NFR2-01) > 100% rejects bad inputs and accepts valid ones across 1000 mutations
[webhook] hmac_attempt outcome=fail event=push deliveryId=bad-sig-73

stderr | tests/integration/webhook-signature-fuzz.test.ts > T-033 — webhook signature + replay fuzz (AC-US9-06, AC-NFR2-01) > 100% rejects bad inputs and accepts valid ones across 1000 mutations
[webhook] hmac_attempt outcome=fail event=push deliveryId=bad-sig-74

stderr | tests/integration/webhook-signature-fuzz.test.ts > T-033 — webhook signature + replay fuzz (AC-US9-06, AC-NFR2-01) > 100% rejects bad inputs and accepts valid ones across 1000 mutations
[webhook] hmac_attempt outcome=fail event=push deliveryId=bad-sig-75

stderr | tests/integration/webhook-signature-fuzz.test.ts > T-033 — webhook signature + replay fuzz (AC-US9-06, AC-NFR2-01) > 100% rejects bad inputs and accepts valid ones across 1000 mutations
[webhook] hmac_attempt outcome=fail event=push deliveryId=bad-sig-76

stderr | tests/integration/webhook-signature-fuzz.test.ts > T-033 — webhook signature + replay fuzz (AC-US9-06, AC-NFR2-01) > 100% rejects bad inputs and accepts valid ones across 1000 mutations
[webhook] hmac_attempt outcome=fail event=push deliveryId=bad-sig-77

stderr | tests/integration/webhook-signature-fuzz.test.ts > T-033 — webhook signature + replay fuzz (AC-US9-06, AC-NFR2-01) > 100% rejects bad inputs and accepts valid ones across 1000 mutations
[webhook] hmac_attempt outcome=fail event=push deliveryId=bad-sig-78

stderr | tests/integration/webhook-signature-fuzz.test.ts > T-033 — webhook signature + replay fuzz (AC-US9-06, AC-NFR2-01) > 100% rejects bad inputs and accepts valid ones across 1000 mutations
[webhook] hmac_attempt outcome=fail event=push deliveryId=bad-sig-79

stderr | tests/integration/webhook-signature-fuzz.test.ts > T-033 — webhook signature + replay fuzz (AC-US9-06, AC-NFR2-01) > 100% rejects bad inputs and accepts valid ones across 1000 mutations
[webhook] hmac_attempt outcome=fail event=push deliveryId=bad-sig-80

stderr | tests/integration/webhook-signature-fuzz.test.ts > T-033 — webhook signature + replay fuzz (AC-US9-06, AC-NFR2-01) > 100% rejects bad inputs and accepts valid ones across 1000 mutations
[webhook] hmac_attempt outcome=fail event=push deliveryId=bad-sig-81

stderr | tests/integration/webhook-signature-fuzz.test.ts > T-033 — webhook signature + replay fuzz (AC-US9-06, AC-NFR2-01) > 100% rejects bad inputs and accepts valid ones across 1000 mutations
[webhook] hmac_attempt outcome=fail event=push deliveryId=bad-sig-82

stderr | tests/integration/webhook-signature-fuzz.test.ts > T-033 — webhook signature + replay fuzz (AC-US9-06, AC-NFR2-01) > 100% rejects bad inputs and accepts valid ones across 1000 mutations
[webhook] hmac_attempt outcome=fail event=push deliveryId=bad-sig-83

stderr | tests/integration/webhook-signature-fuzz.test.ts > T-033 — webhook signature + replay fuzz (AC-US9-06, AC-NFR2-01) > 100% rejects bad inputs and accepts valid ones across 1000 mutations
[webhook] hmac_attempt outcome=fail event=push deliveryId=bad-sig-84

stderr | tests/integration/webhook-signature-fuzz.test.ts > T-033 — webhook signature + replay fuzz (AC-US9-06, AC-NFR2-01) > 100% rejects bad inputs and accepts valid ones across 1000 mutations
[webhook] hmac_attempt outcome=fail event=push deliveryId=bad-sig-85

stderr | tests/integration/webhook-signature-fuzz.test.ts > T-033 — webhook signature + replay fuzz (AC-US9-06, AC-NFR2-01) > 100% rejects bad inputs and accepts valid ones across 1000 mutations
[webhook] hmac_attempt outcome=fail event=push deliveryId=bad-sig-86

stderr | tests/integration/webhook-signature-fuzz.test.ts > T-033 — webhook signature + replay fuzz (AC-US9-06, AC-NFR2-01) > 100% rejects bad inputs and accepts valid ones across 1000 mutations
[webhook] hmac_attempt outcome=fail event=push deliveryId=bad-sig-87

stderr | tests/integration/webhook-signature-fuzz.test.ts > T-033 — webhook signature + replay fuzz (AC-US9-06, AC-NFR2-01) > 100% rejects bad inputs and accepts valid ones across 1000 mutations
[webhook] hmac_attempt outcome=fail event=push deliveryId=bad-sig-88

stderr | tests/integration/webhook-signature-fuzz.test.ts > T-033 — webhook signature + replay fuzz (AC-US9-06, AC-NFR2-01) > 100% rejects bad inputs and accepts valid ones across 1000 mutations
[webhook] hmac_attempt outcome=fail event=push deliveryId=bad-sig-89

stderr | tests/integration/webhook-signature-fuzz.test.ts > T-033 — webhook signature + replay fuzz (AC-US9-06, AC-NFR2-01) > 100% rejects bad inputs and accepts valid ones across 1000 mutations
[webhook] hmac_attempt outcome=fail event=push deliveryId=bad-sig-90

stderr | tests/integration/webhook-signature-fuzz.test.ts > T-033 — webhook signature + replay fuzz (AC-US9-06, AC-NFR2-01) > 100% rejects bad inputs and accepts valid ones across 1000 mutations
[webhook] hmac_attempt outcome=fail event=push deliveryId=bad-sig-91

 ✓ src/lib/__tests__/media-range.workerd.test.ts (3 tests) 452ms
stderr | tests/integration/webhook-signature-fuzz.test.ts > T-033 — webhook signature + replay fuzz (AC-US9-06, AC-NFR2-01) > 100% rejects bad inputs and accepts valid ones across 1000 mutations
[webhook] hmac_attempt outcome=fail event=push deliveryId=bad-sig-92

stderr | tests/integration/webhook-signature-fuzz.test.ts > T-033 — webhook signature + replay fuzz (AC-US9-06, AC-NFR2-01) > 100% rejects bad inputs and accepts valid ones across 1000 mutations
[webhook] hmac_attempt outcome=fail event=push deliveryId=bad-sig-93

stderr | tests/integration/webhook-signature-fuzz.test.ts > T-033 — webhook signature + replay fuzz (AC-US9-06, AC-NFR2-01) > 100% rejects bad inputs and accepts valid ones across 1000 mutations
[webhook] hmac_attempt outcome=fail event=push deliveryId=bad-sig-94

stderr | tests/integration/webhook-signature-fuzz.test.ts > T-033 — webhook signature + replay fuzz (AC-US9-06, AC-NFR2-01) > 100% rejects bad inputs and accepts valid ones across 1000 mutations
[webhook] hmac_attempt outcome=fail event=push deliveryId=bad-sig-95

stderr | tests/integration/webhook-signature-fuzz.test.ts > T-033 — webhook signature + replay fuzz (AC-US9-06, AC-NFR2-01) > 100% rejects bad inputs and accepts valid ones across 1000 mutations
[webhook] hmac_attempt outcome=fail event=push deliveryId=bad-sig-96

stderr | tests/integration/webhook-signature-fuzz.test.ts > T-033 — webhook signature + replay fuzz (AC-US9-06, AC-NFR2-01) > 100% rejects bad inputs and accepts valid ones across 1000 mutations
[webhook] hmac_attempt outcome=fail event=push deliveryId=bad-sig-97

stderr | tests/integration/webhook-signature-fuzz.test.ts > T-033 — webhook signature + replay fuzz (AC-US9-06, AC-NFR2-01) > 100% rejects bad inputs and accepts valid ones across 1000 mutations
[webhook] hmac_attempt outcome=fail event=push deliveryId=bad-sig-98

stderr | tests/integration/webhook-signature-fuzz.test.ts > T-033 — webhook signature + replay fuzz (AC-US9-06, AC-NFR2-01) > 100% rejects bad inputs and accepts valid ones across 1000 mutations
[webhook] hmac_attempt outcome=fail event=push deliveryId=bad-sig-99

stderr | src/lib/__tests__/submission-store.test.ts > publishSkill + resolveSlug hierarchical naming (0292/0444) > TC-006: same repo re-publishes with identical hierarchical slug (upsert)
[publishSkill] SkillVersion creation failed for sub_a6ff599d-ef41-4478-9776-623c57b1dc2f: DegradedDataError: Refusing to persist SkillVersion for skill undefined (submission sub_a6ff599d-ef41-4478-9776-623c57b1dc2f): missing contentHash + content. scan.contentHash was empty and skillmd:sub_a6ff599d-ef41-4478-9776-623c57b1dc2f is unavailable — re-trigger scan before republishing.
    at /Users/antonabyzov/Projects/github/specweave-umb/repositories/anton-abyzov/0874-intake-identity/src/lib/submission/publish.ts:723:17
    at processTicksAndRejections (node:internal/process/task_queues:105:5) {
  code: 'degraded_data',
  skillId: undefined,
  submissionId: 'sub_a6ff599d-ef41-4478-9776-623c57b1dc2f',
  missing: { contentHash: true, content: true }
}
[publishSkill] skipping post-write steps for submission sub_a6ff599d-ef41-4478-9776-623c57b1dc2f — no SkillVersion row was written.

stderr | src/lib/__tests__/submission-store.test.ts > getStuckSubmissions — parallel KV reads (TC-056) > TC-056: reads all sub:* keys concurrently (not sequentially)
[getStuckSubmissions] DB query failed, falling back to KV scan: TypeError: db.$queryRaw is not a function
    at /Users/antonabyzov/Projects/github/specweave-umb/repositories/anton-abyzov/0874-intake-identity/src/lib/submission/recovery.ts:35:16
    at /Users/antonabyzov/Projects/github/specweave-umb/repositories/anton-abyzov/0874-intake-identity/src/lib/__tests__/submission-store.test.ts:95:84
    at mockCall (file:///Users/antonabyzov/Projects/github/specweave-umb/repositories/anton-abyzov/0874-bulk-request-memory/node_modules/@vitest/spy/dist/index.js:96:15)
    at spy (file:///Users/antonabyzov/Projects/github/specweave-umb/repositories/anton-abyzov/0874-bulk-request-memory/node_modules/tinyspy/dist/index.js:47:80)
    at Module.getStuckSubmissions (/Users/antonabyzov/Projects/github/specweave-umb/repositories/anton-abyzov/0874-intake-identity/src/lib/submission/recovery.ts:34:24)
    at processTicksAndRejections (node:internal/process/task_queues:105:5)
    at /Users/antonabyzov/Projects/github/specweave-umb/repositories/anton-abyzov/0874-intake-identity/src/lib/__tests__/submission-store.test.ts:597:5
    at file:///Users/antonabyzov/Projects/github/specweave-umb/repositories/anton-abyzov/0874-bulk-request-memory/node_modules/@vitest/runner/dist/chunk-hooks.js:752:20

stderr | src/lib/__tests__/submission-store.test.ts > getStuckSubmissions — parallel KV reads (TC-056) > TC-056b: skips rejected KV reads without throwing — returns N-1 stuck entries
[getStuckSubmissions] DB query failed, falling back to KV scan: Error: DB unavailable
    at /Users/antonabyzov/Projects/github/specweave-umb/repositories/anton-abyzov/0874-intake-identity/src/lib/__tests__/submission-store.test.ts:623:44
    at file:///Users/antonabyzov/Projects/github/specweave-umb/repositories/anton-abyzov/0874-bulk-request-memory/node_modules/@vitest/runner/dist/chunk-hooks.js:155:11
    at file:///Users/antonabyzov/Projects/github/specweave-umb/repositories/anton-abyzov/0874-bulk-request-memory/node_modules/@vitest/runner/dist/chunk-hooks.js:752:26
    at file:///Users/antonabyzov/Projects/github/specweave-umb/repositories/anton-abyzov/0874-bulk-request-memory/node_modules/@vitest/runner/dist/chunk-hooks.js:1897:20
    at new Promise (<anonymous>)
    at runWithTimeout (file:///Users/antonabyzov/Projects/github/specweave-umb/repositories/anton-abyzov/0874-bulk-request-memory/node_modules/@vitest/runner/dist/chunk-hooks.js:1863:10)
    at runTest (file:///Users/antonabyzov/Projects/github/specweave-umb/repositories/anton-abyzov/0874-bulk-request-memory/node_modules/@vitest/runner/dist/chunk-hooks.js:1574:12)
    at processTicksAndRejections (node:internal/process/task_queues:105:5)
    at runSuite (file:///Users/antonabyzov/Projects/github/specweave-umb/repositories/anton-abyzov/0874-bulk-request-memory/node_modules/@vitest/runner/dist/chunk-hooks.js:1729:8)
    at runSuite (file:///Users/antonabyzov/Projects/github/specweave-umb/repositories/anton-abyzov/0874-bulk-request-memory/node_modules/@vitest/runner/dist/chunk-hooks.js:1729:8)

stderr | src/lib/__tests__/dual-publish.test.ts > publishSkill (DB-first write + trust scoring) > computes trust score from scan result (tier1 PASS → T2, score ~40)
[publishSkill] SkillVersion creation failed for sub_123: TypeError: Cannot read properties of undefined (reading 'findFirst')
    at Module.publishSkill (/Users/antonabyzov/Projects/github/specweave-umb/repositories/anton-abyzov/0874-intake-identity/src/lib/submission/publish.ts:471:49)
    at processTicksAndRejections (node:internal/process/task_queues:105:5)
    at /Users/antonabyzov/Projects/github/specweave-umb/repositories/anton-abyzov/0874-intake-identity/src/lib/__tests__/dual-publish.test.ts:134:5
    at file:///Users/antonabyzov/Projects/github/specweave-umb/repositories/anton-abyzov/0874-bulk-request-memory/node_modules/@vitest/runner/dist/chunk-hooks.js:752:20
[publishSkill] skipping post-write steps for submission sub_123 — no SkillVersion row was written.

stderr | src/lib/__tests__/submission-store.test.ts > publishSkill — search index queue dispatch (T-005) > dispatches rebuild_search_shard message after upsert
[persistSubmissionToDb] sub_b417bc29-663c-4f93-b661-7184826a4d78: TypeError: db.submission.create is not a function
    at persistSubmissionToDb (/Users/antonabyzov/Projects/github/specweave-umb/repositories/anton-abyzov/0874-intake-identity/src/lib/submission/db-persist.ts:40:25)
    at processTicksAndRejections (node:internal/process/task_queues:105:5)

stderr | tests/integration/webhook-signature-fuzz.test.ts > T-033 — webhook signature + replay fuzz (AC-US9-06, AC-NFR2-01) > 100% rejects bad inputs and accepts valid ones across 1000 mutations
[webhook] hmac_attempt outcome=fail event=push deliveryId=bad-sig-100

stderr | tests/integration/webhook-signature-fuzz.test.ts > T-033 — webhook signature + replay fuzz (AC-US9-06, AC-NFR2-01) > 100% rejects bad inputs and accepts valid ones across 1000 mutations
[webhook] hmac_attempt outcome=fail event=push deliveryId=bad-sig-101

stderr | tests/integration/webhook-signature-fuzz.test.ts > T-033 — webhook signature + replay fuzz (AC-US9-06, AC-NFR2-01) > 100% rejects bad inputs and accepts valid ones across 1000 mutations
[webhook] hmac_attempt outcome=fail event=push deliveryId=bad-sig-102

stderr | tests/integration/webhook-signature-fuzz.test.ts > T-033 — webhook signature + replay fuzz (AC-US9-06, AC-NFR2-01) > 100% rejects bad inputs and accepts valid ones across 1000 mutations
[webhook] hmac_attempt outcome=fail event=push deliveryId=bad-sig-103

stderr | tests/integration/webhook-signature-fuzz.test.ts > T-033 — webhook signature + replay fuzz (AC-US9-06, AC-NFR2-01) > 100% rejects bad inputs and accepts valid ones across 1000 mutations
[webhook] hmac_attempt outcome=fail event=push deliveryId=bad-sig-104

stderr | tests/integration/webhook-signature-fuzz.test.ts > T-033 — webhook signature + replay fuzz (AC-US9-06, AC-NFR2-01) > 100% rejects bad inputs and accepts valid ones across 1000 mutations
[webhook] hmac_attempt outcome=fail event=push deliveryId=bad-sig-105

stderr | tests/integration/webhook-signature-fuzz.test.ts > T-033 — webhook signature + replay fuzz (AC-US9-06, AC-NFR2-01) > 100% rejects bad inputs and accepts valid ones across 1000 mutations
[webhook] hmac_attempt outcome=fail event=push deliveryId=bad-sig-106

stderr | src/lib/__tests__/submission-store.test.ts > publishSkill — search index queue dispatch (T-005) > message has correct format with type, skillName, action, entry
[persistSubmissionToDb] sub_5f058c81-1d07-41a3-bca7-922ad9e1b7d8: TypeError: db.submission.create is not a function
    at persistSubmissionToDb (/Users/antonabyzov/Projects/github/specweave-umb/repositories/anton-abyzov/0874-intake-identity/src/lib/submission/db-persist.ts:40:25)
    at processTicksAndRejections (node:internal/process/task_queues:105:5)

stderr | tests/integration/webhook-signature-fuzz.test.ts > T-033 — webhook signature + replay fuzz (AC-US9-06, AC-NFR2-01) > 100% rejects bad inputs and accepts valid ones across 1000 mutations
[webhook] hmac_attempt outcome=fail event=push deliveryId=bad-sig-107

stderr | tests/integration/webhook-signature-fuzz.test.ts > T-033 — webhook signature + replay fuzz (AC-US9-06, AC-NFR2-01) > 100% rejects bad inputs and accepts valid ones across 1000 mutations
[webhook] hmac_attempt outcome=fail event=push deliveryId=bad-sig-108

stderr | tests/integration/webhook-signature-fuzz.test.ts > T-033 — webhook signature + replay fuzz (AC-US9-06, AC-NFR2-01) > 100% rejects bad inputs and accepts valid ones across 1000 mutations
[webhook] hmac_attempt outcome=fail event=push deliveryId=bad-sig-109

stderr | tests/integration/webhook-signature-fuzz.test.ts > T-033 — webhook signature + replay fuzz (AC-US9-06, AC-NFR2-01) > 100% rejects bad inputs and accepts valid ones across 1000 mutations
[webhook] hmac_attempt outcome=fail event=push deliveryId=bad-sig-110

stderr | src/lib/__tests__/submission-store.test.ts > publishSkill — search index queue dispatch (T-005) > queue dispatch failure does not fail publishSkill
[persistSubmissionToDb] sub_bae1ea9a-bb49-459d-b60c-98353dd1d997: TypeError: db.submission.create is not a function
    at persistSubmissionToDb (/Users/antonabyzov/Projects/github/specweave-umb/repositories/anton-abyzov/0874-intake-identity/src/lib/submission/db-persist.ts:40:25)
    at processTicksAndRejections (node:internal/process/task_queues:105:5)

stderr | src/lib/__tests__/submission-store.test.ts > publishSkill — search index queue dispatch (T-005) > publishSkillFetchesStarsBeforeUpsert — fetched stars are passed to db.skill.upsert
[persistSubmissionToDb] sub_e04d23ff-f2e2-45ea-ad14-e553132b1eb1: TypeError: db.submission.create is not a function
    at persistSubmissionToDb (/Users/antonabyzov/Projects/github/specweave-umb/repositories/anton-abyzov/0874-intake-identity/src/lib/submission/db-persist.ts:40:25)
    at processTicksAndRejections (node:internal/process/task_queues:105:5)

stderr | tests/integration/webhook-signature-fuzz.test.ts > T-033 — webhook signature + replay fuzz (AC-US9-06, AC-NFR2-01) > 100% rejects bad inputs and accepts valid ones across 1000 mutations
[webhook] hmac_attempt outcome=fail event=push deliveryId=bad-sig-111

stderr | tests/integration/webhook-signature-fuzz.test.ts > T-033 — webhook signature + replay fuzz (AC-US9-06, AC-NFR2-01) > 100% rejects bad inputs and accepts valid ones across 1000 mutations
[webhook] hmac_attempt outcome=fail event=push deliveryId=bad-sig-112

stderr | tests/integration/webhook-signature-fuzz.test.ts > T-033 — webhook signature + replay fuzz (AC-US9-06, AC-NFR2-01) > 100% rejects bad inputs and accepts valid ones across 1000 mutations
[webhook] hmac_attempt outcome=fail event=push deliveryId=bad-sig-113

stderr | tests/integration/webhook-signature-fuzz.test.ts > T-033 — webhook signature + replay fuzz (AC-US9-06, AC-NFR2-01) > 100% rejects bad inputs and accepts valid ones across 1000 mutations
[webhook] hmac_attempt outcome=fail event=push deliveryId=bad-sig-114

stderr | tests/integration/webhook-signature-fuzz.test.ts > T-033 — webhook signature + replay fuzz (AC-US9-06, AC-NFR2-01) > 100% rejects bad inputs and accepts valid ones across 1000 mutations
[webhook] hmac_attempt outcome=fail event=push deliveryId=bad-sig-115

stderr | tests/integration/webhook-signature-fuzz.test.ts > T-033 — webhook signature + replay fuzz (AC-US9-06, AC-NFR2-01) > 100% rejects bad inputs and accepts valid ones across 1000 mutations
[webhook] hmac_attempt outcome=fail event=push deliveryId=bad-sig-116

stderr | src/lib/__tests__/submission-store.test.ts > publishSkill — search index queue dispatch (T-005) > publishSkillFallsBackToZeroWhenGitHubFails — publish completes with githubStars 0
[persistSubmissionToDb] sub_e6a250ef-e124-47dc-b75a-1e7e431b2f72: TypeError: db.submission.create is not a function
    at persistSubmissionToDb (/Users/antonabyzov/Projects/github/specweave-umb/repositories/anton-abyzov/0874-intake-identity/src/lib/submission/db-persist.ts:40:25)
    at processTicksAndRejections (node:internal/process/task_queues:105:5)

stderr | tests/integration/webhook-signature-fuzz.test.ts > T-033 — webhook signature + replay fuzz (AC-US9-06, AC-NFR2-01) > 100% rejects bad inputs and accepts valid ones across 1000 mutations
[webhook] hmac_attempt outcome=fail event=push deliveryId=bad-sig-117

stderr | tests/integration/webhook-signature-fuzz.test.ts > T-033 — webhook signature + replay fuzz (AC-US9-06, AC-NFR2-01) > 100% rejects bad inputs and accepts valid ones across 1000 mutations
[webhook] hmac_attempt outcome=fail event=push deliveryId=bad-sig-118

stderr | tests/integration/webhook-signature-fuzz.test.ts > T-033 — webhook signature + replay fuzz (AC-US9-06, AC-NFR2-01) > 100% rejects bad inputs and accepts valid ones across 1000 mutations
[webhook] hmac_attempt outcome=fail event=push deliveryId=bad-sig-119

stderr | src/lib/__tests__/submission-store.test.ts > publishSkill — search index queue dispatch (T-005) > publishSkillQueueMessageReflectsFetchedStars — queued entry.githubStars matches fetch
[persistSubmissionToDb] sub_2a2b1544-e00c-4d59-8e66-5b85985bfa4d: TypeError: db.submission.create is not a function
    at persistSubmissionToDb (/Users/antonabyzov/Projects/github/specweave-umb/repositories/anton-abyzov/0874-intake-identity/src/lib/submission/db-persist.ts:40:25)
    at processTicksAndRejections (node:internal/process/task_queues:105:5)

stderr | tests/integration/webhook-signature-fuzz.test.ts > T-033 — webhook signature + replay fuzz (AC-US9-06, AC-NFR2-01) > 100% rejects bad inputs and accepts valid ones across 1000 mutations
[webhook] hmac_attempt outcome=fail event=push deliveryId=bad-sig-120

stderr | tests/integration/webhook-signature-fuzz.test.ts > T-033 — webhook signature + replay fuzz (AC-US9-06, AC-NFR2-01) > 100% rejects bad inputs and accepts valid ones across 1000 mutations
[webhook] hmac_attempt outcome=fail event=push deliveryId=bad-sig-121

stderr | src/__tests__/account/destructive.test.ts > POST /api/v1/account/sign-out-all > happy path: revokes tokens + deletes refresh tokens + clears cookie
audit_emit_failed: {
  action: 'token.rotate',
  outcome: 'SUCCESS',
  err: "Cannot read properties of undefined (reading 'create')"
}

stderr | tests/integration/webhook-signature-fuzz.test.ts > T-033 — webhook signature + replay fuzz (AC-US9-06, AC-NFR2-01) > 100% rejects bad inputs and accepts valid ones across 1000 mutations
[webhook] hmac_attempt outcome=fail event=push deliveryId=bad-sig-122

stderr | tests/integration/webhook-signature-fuzz.test.ts > T-033 — webhook signature + replay fuzz (AC-US9-06, AC-NFR2-01) > 100% rejects bad inputs and accepts valid ones across 1000 mutations
[webhook] hmac_attempt outcome=fail event=push deliveryId=bad-sig-123

stderr | src/lib/__tests__/submission-store.test.ts > publishSkill — search index queue dispatch (T-005) > publishSkillIncludesSlugFieldsInQueueMessage — ownerSlug, repoSlug, skillSlug, trustTier present
[persistSubmissionToDb] sub_ee727106-b86c-4295-9dcc-92cdab7a2b4d: TypeError: db.submission.create is not a function
    at persistSubmissionToDb (/Users/antonabyzov/Projects/github/specweave-umb/repositories/anton-abyzov/0874-intake-identity/src/lib/submission/db-persist.ts:40:25)
    at processTicksAndRejections (node:internal/process/task_queues:105:5)

stderr | tests/integration/webhook-signature-fuzz.test.ts > T-033 — webhook signature + replay fuzz (AC-US9-06, AC-NFR2-01) > 100% rejects bad inputs and accepts valid ones across 1000 mutations
[webhook] hmac_attempt outcome=fail event=push deliveryId=bad-sig-124

stderr | tests/integration/webhook-signature-fuzz.test.ts > T-033 — webhook signature + replay fuzz (AC-US9-06, AC-NFR2-01) > 100% rejects bad inputs and accepts valid ones across 1000 mutations
[webhook] hmac_attempt outcome=fail event=push deliveryId=bad-sig-125

stderr | tests/integration/webhook-signature-fuzz.test.ts > T-033 — webhook signature + replay fuzz (AC-US9-06, AC-NFR2-01) > 100% rejects bad inputs and accepts valid ones across 1000 mutations
[webhook] hmac_attempt outcome=fail event=push deliveryId=bad-sig-126

stderr | tests/integration/webhook-signature-fuzz.test.ts > T-033 — webhook signature + replay fuzz (AC-US9-06, AC-NFR2-01) > 100% rejects bad inputs and accepts valid ones across 1000 mutations
[webhook] hmac_attempt outcome=fail event=push deliveryId=bad-sig-127

stderr | src/lib/__tests__/submission-store.test.ts > publishSkill — pluginName (0451) > sets pluginName when skillPath contains plugins/ segment
[persistSubmissionToDb] sub_24d2b646-7a6c-40b3-947b-79b7905d7770: TypeError: db.submission.create is not a function
    at persistSubmissionToDb (/Users/antonabyzov/Projects/github/specweave-umb/repositories/anton-abyzov/0874-intake-identity/src/lib/submission/db-persist.ts:40:25)
    at processTicksAndRejections (node:internal/process/task_queues:105:5)

stderr | tests/integration/webhook-signature-fuzz.test.ts > T-033 — webhook signature + replay fuzz (AC-US9-06, AC-NFR2-01) > 100% rejects bad inputs and accepts valid ones across 1000 mutations
[webhook] hmac_attempt outcome=fail event=push deliveryId=bad-sig-128

stderr | tests/integration/webhook-signature-fuzz.test.ts > T-033 — webhook signature + replay fuzz (AC-US9-06, AC-NFR2-01) > 100% rejects bad inputs and accepts valid ones across 1000 mutations
[webhook] hmac_attempt outcome=fail event=push deliveryId=bad-sig-129

stderr | tests/integration/webhook-signature-fuzz.test.ts > T-033 — webhook signature + replay fuzz (AC-US9-06, AC-NFR2-01) > 100% rejects bad inputs and accepts valid ones across 1000 mutations
[webhook] hmac_attempt outcome=fail event=push deliveryId=bad-sig-130

stderr | tests/integration/webhook-signature-fuzz.test.ts > T-033 — webhook signature + replay fuzz (AC-US9-06, AC-NFR2-01) > 100% rejects bad inputs and accepts valid ones across 1000 mutations
[webhook] hmac_attempt outcome=fail event=push deliveryId=bad-sig-131

stderr | tests/integration/webhook-signature-fuzz.test.ts > T-033 — webhook signature + replay fuzz (AC-US9-06, AC-NFR2-01) > 100% rejects bad inputs and accepts valid ones across 1000 mutations
[webhook] hmac_attempt outcome=fail event=push deliveryId=bad-sig-132

stderr | tests/integration/webhook-signature-fuzz.test.ts > T-033 — webhook signature + replay fuzz (AC-US9-06, AC-NFR2-01) > 100% rejects bad inputs and accepts valid ones across 1000 mutations
[webhook] hmac_attempt outcome=fail event=push deliveryId=bad-sig-133

stderr | src/__tests__/account/destructive.test.ts > POST /api/v1/account/export > happy path: enqueues + returns 202 + DTO shape
audit_emit_failed: {
  action: 'account.export_request',
  outcome: 'SUCCESS',
  err: "Cannot read properties of undefined (reading 'create')"
}

stderr | tests/integration/webhook-signature-fuzz.test.ts > T-033 — webhook signature + replay fuzz (AC-US9-06, AC-NFR2-01) > 100% rejects bad inputs and accepts valid ones across 1000 mutations
[webhook] hmac_attempt outcome=fail event=push deliveryId=bad-sig-134

stderr | tests/integration/webhook-signature-fuzz.test.ts > T-033 — webhook signature + replay fuzz (AC-US9-06, AC-NFR2-01) > 100% rejects bad inputs and accepts valid ones across 1000 mutations
[webhook] hmac_attempt outcome=fail event=push deliveryId=bad-sig-135

stderr | tests/integration/webhook-signature-fuzz.test.ts > T-033 — webhook signature + replay fuzz (AC-US9-06, AC-NFR2-01) > 100% rejects bad inputs and accepts valid ones across 1000 mutations
[webhook] hmac_attempt outcome=fail event=push deliveryId=bad-sig-136

stderr | tests/integration/webhook-signature-fuzz.test.ts > T-033 — webhook signature + replay fuzz (AC-US9-06, AC-NFR2-01) > 100% rejects bad inputs and accepts valid ones across 1000 mutations
[webhook] hmac_attempt outcome=fail event=push deliveryId=bad-sig-137

stderr | tests/integration/webhook-signature-fuzz.test.ts > T-033 — webhook signature + replay fuzz (AC-US9-06, AC-NFR2-01) > 100% rejects bad inputs and accepts valid ones across 1000 mutations
[webhook] hmac_attempt outcome=fail event=push deliveryId=bad-sig-138

stderr | tests/integration/webhook-signature-fuzz.test.ts > T-033 — webhook signature + replay fuzz (AC-US9-06, AC-NFR2-01) > 100% rejects bad inputs and accepts valid ones across 1000 mutations
[webhook] hmac_attempt outcome=fail event=push deliveryId=bad-sig-139

stderr | tests/integration/webhook-signature-fuzz.test.ts > T-033 — webhook signature + replay fuzz (AC-US9-06, AC-NFR2-01) > 100% rejects bad inputs and accepts valid ones across 1000 mutations
[webhook] hmac_attempt outcome=fail event=push deliveryId=bad-sig-140

stderr | tests/integration/webhook-signature-fuzz.test.ts > T-033 — webhook signature + replay fuzz (AC-US9-06, AC-NFR2-01) > 100% rejects bad inputs and accepts valid ones across 1000 mutations
[webhook] hmac_attempt outcome=fail event=push deliveryId=bad-sig-141

stderr | src/__tests__/account/destructive.test.ts > POST /api/v1/account/delete > happy path: soft-deletes user + cascades + clears cookie
audit_emit_failed: {
  action: 'account.delete_request',
  outcome: 'SUCCESS',
  err: "Cannot read properties of undefined (reading 'create')"
}

 ✓ src/__tests__/account/destructive.test.ts (14 tests) 591ms
   ✓ POST /api/v1/account/sign-out-all > 401 when cookie missing  487ms
stderr | tests/integration/webhook-signature-fuzz.test.ts > T-033 — webhook signature + replay fuzz (AC-US9-06, AC-NFR2-01) > 100% rejects bad inputs and accepts valid ones across 1000 mutations
[webhook] hmac_attempt outcome=fail event=push deliveryId=bad-sig-142

stderr | tests/integration/webhook-signature-fuzz.test.ts > T-033 — webhook signature + replay fuzz (AC-US9-06, AC-NFR2-01) > 100% rejects bad inputs and accepts valid ones across 1000 mutations
[webhook] hmac_attempt outcome=fail event=push deliveryId=bad-sig-143

stderr | tests/integration/webhook-signature-fuzz.test.ts > T-033 — webhook signature + replay fuzz (AC-US9-06, AC-NFR2-01) > 100% rejects bad inputs and accepts valid ones across 1000 mutations
[webhook] hmac_attempt outcome=fail event=push deliveryId=bad-sig-144

stderr | tests/integration/webhook-signature-fuzz.test.ts > T-033 — webhook signature + replay fuzz (AC-US9-06, AC-NFR2-01) > 100% rejects bad inputs and accepts valid ones across 1000 mutations
[webhook] hmac_attempt outcome=fail event=push deliveryId=bad-sig-145

stderr | tests/integration/webhook-signature-fuzz.test.ts > T-033 — webhook signature + replay fuzz (AC-US9-06, AC-NFR2-01) > 100% rejects bad inputs and accepts valid ones across 1000 mutations
[webhook] hmac_attempt outcome=fail event=push deliveryId=bad-sig-146

stderr | tests/integration/webhook-signature-fuzz.test.ts > T-033 — webhook signature + replay fuzz (AC-US9-06, AC-NFR2-01) > 100% rejects bad inputs and accepts valid ones across 1000 mutations
[webhook] hmac_attempt outcome=fail event=push deliveryId=bad-sig-147

stderr | tests/integration/webhook-signature-fuzz.test.ts > T-033 — webhook signature + replay fuzz (AC-US9-06, AC-NFR2-01) > 100% rejects bad inputs and accepts valid ones across 1000 mutations
[webhook] hmac_attempt outcome=fail event=push deliveryId=bad-sig-148

stderr | tests/integration/webhook-signature-fuzz.test.ts > T-033 — webhook signature + replay fuzz (AC-US9-06, AC-NFR2-01) > 100% rejects bad inputs and accepts valid ones across 1000 mutations
[webhook] hmac_attempt outcome=fail event=push deliveryId=bad-sig-149

stderr | tests/integration/webhook-signature-fuzz.test.ts > T-033 — webhook signature + replay fuzz (AC-US9-06, AC-NFR2-01) > 100% rejects bad inputs and accepts valid ones across 1000 mutations
[webhook] hmac_attempt outcome=fail event=push deliveryId=bad-sig-150

stderr | src/lib/__tests__/dual-publish.test.ts > publishSkill (DB-first write + trust scoring) > stores extensibility data in labels
[publishSkill] SkillVersion creation failed for sub_123: TypeError: Cannot read properties of undefined (reading 'findFirst')
    at Module.publishSkill (/Users/antonabyzov/Projects/github/specweave-umb/repositories/anton-abyzov/0874-intake-identity/src/lib/submission/publish.ts:471:49)
    at processTicksAndRejections (node:internal/process/task_queues:105:5)
    at /Users/antonabyzov/Projects/github/specweave-umb/repositories/anton-abyzov/0874-intake-identity/src/lib/__tests__/dual-publish.test.ts:166:5
    at file:///Users/antonabyzov/Projects/github/specweave-umb/repositories/anton-abyzov/0874-bulk-request-memory/node_modules/@vitest/runner/dist/chunk-hooks.js:752:20
[publishSkill] skipping post-write steps for submission sub_123 — no SkillVersion row was written.

stderr | tests/integration/webhook-signature-fuzz.test.ts > T-033 — webhook signature + replay fuzz (AC-US9-06, AC-NFR2-01) > 100% rejects bad inputs and accepts valid ones across 1000 mutations
[webhook] hmac_attempt outcome=fail event=push deliveryId=bad-sig-151

stderr | tests/integration/webhook-signature-fuzz.test.ts > T-033 — webhook signature + replay fuzz (AC-US9-06, AC-NFR2-01) > 100% rejects bad inputs and accepts valid ones across 1000 mutations
[webhook] hmac_attempt outcome=fail event=push deliveryId=bad-sig-152

stderr | tests/integration/webhook-signature-fuzz.test.ts > T-033 — webhook signature + replay fuzz (AC-US9-06, AC-NFR2-01) > 100% rejects bad inputs and accepts valid ones across 1000 mutations
[webhook] hmac_attempt outcome=fail event=push deliveryId=bad-sig-153

 ✓ src/lib/__tests__/dual-publish.test.ts (6 tests) 989ms
   ✓ publishSkill (DB-first write + trust scoring) > writes to Prisma on successful publish  632ms
stderr | tests/integration/webhook-signature-fuzz.test.ts > T-033 — webhook signature + replay fuzz (AC-US9-06, AC-NFR2-01) > 100% rejects bad inputs and accepts valid ones across 1000 mutations
[webhook] hmac_attempt outcome=fail event=push deliveryId=bad-sig-154

stderr | tests/integration/webhook-signature-fuzz.test.ts > T-033 — webhook signature + replay fuzz (AC-US9-06, AC-NFR2-01) > 100% rejects bad inputs and accepts valid ones across 1000 mutations
[webhook] hmac_attempt outcome=fail event=push deliveryId=bad-sig-155

stderr | tests/integration/webhook-signature-fuzz.test.ts > T-033 — webhook signature + replay fuzz (AC-US9-06, AC-NFR2-01) > 100% rejects bad inputs and accepts valid ones across 1000 mutations
[webhook] hmac_attempt outcome=fail event=push deliveryId=bad-sig-156

stderr | tests/integration/webhook-signature-fuzz.test.ts > T-033 — webhook signature + replay fuzz (AC-US9-06, AC-NFR2-01) > 100% rejects bad inputs and accepts valid ones across 1000 mutations
[webhook] hmac_attempt outcome=fail event=push deliveryId=bad-sig-157

stderr | tests/integration/webhook-signature-fuzz.test.ts > T-033 — webhook signature + replay fuzz (AC-US9-06, AC-NFR2-01) > 100% rejects bad inputs and accepts valid ones across 1000 mutations
[webhook] hmac_attempt outcome=fail event=push deliveryId=bad-sig-158

stderr | tests/integration/webhook-signature-fuzz.test.ts > T-033 — webhook signature + replay fuzz (AC-US9-06, AC-NFR2-01) > 100% rejects bad inputs and accepts valid ones across 1000 mutations
[webhook] hmac_attempt outcome=fail event=push deliveryId=bad-sig-159

stderr | tests/integration/webhook-signature-fuzz.test.ts > T-033 — webhook signature + replay fuzz (AC-US9-06, AC-NFR2-01) > 100% rejects bad inputs and accepts valid ones across 1000 mutations
[webhook] hmac_attempt outcome=fail event=push deliveryId=bad-sig-160

stderr | tests/integration/webhook-signature-fuzz.test.ts > T-033 — webhook signature + replay fuzz (AC-US9-06, AC-NFR2-01) > 100% rejects bad inputs and accepts valid ones across 1000 mutations
[webhook] hmac_attempt outcome=fail event=push deliveryId=bad-sig-161

stderr | tests/integration/webhook-signature-fuzz.test.ts > T-033 — webhook signature + replay fuzz (AC-US9-06, AC-NFR2-01) > 100% rejects bad inputs and accepts valid ones across 1000 mutations
[webhook] hmac_attempt outcome=fail event=push deliveryId=bad-sig-162

stderr | tests/integration/webhook-signature-fuzz.test.ts > T-033 — webhook signature + replay fuzz (AC-US9-06, AC-NFR2-01) > 100% rejects bad inputs and accepts valid ones across 1000 mutations
[webhook] hmac_attempt outcome=fail event=push deliveryId=bad-sig-163

stderr | tests/integration/webhook-signature-fuzz.test.ts > T-033 — webhook signature + replay fuzz (AC-US9-06, AC-NFR2-01) > 100% rejects bad inputs and accepts valid ones across 1000 mutations
[webhook] hmac_attempt outcome=fail event=push deliveryId=bad-sig-164

stderr | tests/integration/webhook-signature-fuzz.test.ts > T-033 — webhook signature + replay fuzz (AC-US9-06, AC-NFR2-01) > 100% rejects bad inputs and accepts valid ones across 1000 mutations
[webhook] hmac_attempt outcome=fail event=push deliveryId=bad-sig-165

stderr | tests/integration/webhook-signature-fuzz.test.ts > T-033 — webhook signature + replay fuzz (AC-US9-06, AC-NFR2-01) > 100% rejects bad inputs and accepts valid ones across 1000 mutations
[webhook] hmac_attempt outcome=fail event=push deliveryId=bad-sig-166

stderr | tests/integration/webhook-signature-fuzz.test.ts > T-033 — webhook signature + replay fuzz (AC-US9-06, AC-NFR2-01) > 100% rejects bad inputs and accepts valid ones across 1000 mutations
[webhook] hmac_attempt outcome=fail event=push deliveryId=bad-sig-167

stderr | tests/integration/webhook-signature-fuzz.test.ts > T-033 — webhook signature + replay fuzz (AC-US9-06, AC-NFR2-01) > 100% rejects bad inputs and accepts valid ones across 1000 mutations
[webhook] hmac_attempt outcome=fail event=push deliveryId=bad-sig-168

stderr | tests/integration/webhook-signature-fuzz.test.ts > T-033 — webhook signature + replay fuzz (AC-US9-06, AC-NFR2-01) > 100% rejects bad inputs and accepts valid ones across 1000 mutations
[webhook] hmac_attempt outcome=fail event=push deliveryId=bad-sig-169

stderr | tests/integration/webhook-signature-fuzz.test.ts > T-033 — webhook signature + replay fuzz (AC-US9-06, AC-NFR2-01) > 100% rejects bad inputs and accepts valid ones across 1000 mutations
[webhook] hmac_attempt outcome=fail event=push deliveryId=bad-sig-170

stderr | tests/integration/webhook-signature-fuzz.test.ts > T-033 — webhook signature + replay fuzz (AC-US9-06, AC-NFR2-01) > 100% rejects bad inputs and accepts valid ones across 1000 mutations
[webhook] hmac_attempt outcome=fail event=push deliveryId=bad-sig-171

stderr | tests/integration/webhook-signature-fuzz.test.ts > T-033 — webhook signature + replay fuzz (AC-US9-06, AC-NFR2-01) > 100% rejects bad inputs and accepts valid ones across 1000 mutations
[webhook] hmac_attempt outcome=fail event=push deliveryId=bad-sig-172

stderr | tests/integration/webhook-signature-fuzz.test.ts > T-033 — webhook signature + replay fuzz (AC-US9-06, AC-NFR2-01) > 100% rejects bad inputs and accepts valid ones across 1000 mutations
[webhook] hmac_attempt outcome=fail event=push deliveryId=bad-sig-173

stderr | tests/integration/webhook-signature-fuzz.test.ts > T-033 — webhook signature + replay fuzz (AC-US9-06, AC-NFR2-01) > 100% rejects bad inputs and accepts valid ones across 1000 mutations
[webhook] hmac_attempt outcome=fail event=push deliveryId=bad-sig-174

stderr | tests/integration/webhook-signature-fuzz.test.ts > T-033 — webhook signature + replay fuzz (AC-US9-06, AC-NFR2-01) > 100% rejects bad inputs and accepts valid ones across 1000 mutations
[webhook] hmac_attempt outcome=fail event=push deliveryId=bad-sig-175

stderr | src/lib/__tests__/submission-store.test.ts > publishSkill — pluginName (0451) > sets pluginName when skillPath contains plugins/ segment
[persistStateChangeToDb] sub_c865a900-dd31-4421-9d4c-68611eb3a54d RECEIVED → TIER1_SCANNING failed after retry: TypeError: Cannot read properties of undefined (reading 'create')
    at persistStateChangeToDb (/Users/antonabyzov/Projects/github/specweave-umb/repositories/anton-abyzov/0874-intake-identity/src/lib/submission/db-persist.ts:178:37)
    at runNextTicks (node:internal/process/task_queues:65:5)
    at listOnTimeout (node:internal/timers:549:9)
    at processTimers (node:internal/timers:523:7)

stderr | src/lib/__tests__/submission-store.test.ts > publishSkill — pluginName (0451) > sets pluginName when skillPath contains plugins/ segment
[persistStateChangeToDb] sub_test-123 RECEIVED → TIER1_SCANNING failed after retry: TypeError: Cannot read properties of undefined (reading 'create')
    at persistStateChangeToDb (/Users/antonabyzov/Projects/github/specweave-umb/repositories/anton-abyzov/0874-intake-identity/src/lib/submission/db-persist.ts:178:37)

stderr | src/lib/__tests__/submission-store.test.ts > publishSkill — pluginName (0451) > sets pluginName when skillPath contains plugins/ segment
[persistStateChangeToDb] sub_1d101f96-de8e-43ff-8738-2a430f8bc4ea RECEIVED → TIER1_SCANNING failed after retry: TypeError: Cannot read properties of undefined (reading 'create')
    at persistStateChangeToDb (/Users/antonabyzov/Projects/github/specweave-umb/repositories/anton-abyzov/0874-intake-identity/src/lib/submission/db-persist.ts:178:37)

stderr | tests/integration/webhook-signature-fuzz.test.ts > T-033 — webhook signature + replay fuzz (AC-US9-06, AC-NFR2-01) > 100% rejects bad inputs and accepts valid ones across 1000 mutations
[webhook] hmac_attempt outcome=fail event=push deliveryId=bad-sig-176

stderr | tests/integration/webhook-signature-fuzz.test.ts > T-033 — webhook signature + replay fuzz (AC-US9-06, AC-NFR2-01) > 100% rejects bad inputs and accepts valid ones across 1000 mutations
[webhook] hmac_attempt outcome=fail event=push deliveryId=bad-sig-177

stderr | tests/integration/webhook-signature-fuzz.test.ts > T-033 — webhook signature + replay fuzz (AC-US9-06, AC-NFR2-01) > 100% rejects bad inputs and accepts valid ones across 1000 mutations
[webhook] hmac_attempt outcome=fail event=push deliveryId=bad-sig-178

stderr | tests/integration/webhook-signature-fuzz.test.ts > T-033 — webhook signature + replay fuzz (AC-US9-06, AC-NFR2-01) > 100% rejects bad inputs and accepts valid ones across 1000 mutations
[webhook] hmac_attempt outcome=fail event=push deliveryId=bad-sig-179

stderr | tests/integration/webhook-signature-fuzz.test.ts > T-033 — webhook signature + replay fuzz (AC-US9-06, AC-NFR2-01) > 100% rejects bad inputs and accepts valid ones across 1000 mutations
[webhook] hmac_attempt outcome=fail event=push deliveryId=bad-sig-180

stderr | tests/integration/webhook-signature-fuzz.test.ts > T-033 — webhook signature + replay fuzz (AC-US9-06, AC-NFR2-01) > 100% rejects bad inputs and accepts valid ones across 1000 mutations
[webhook] hmac_attempt outcome=fail event=push deliveryId=bad-sig-181

stderr | tests/integration/webhook-signature-fuzz.test.ts > T-033 — webhook signature + replay fuzz (AC-US9-06, AC-NFR2-01) > 100% rejects bad inputs and accepts valid ones across 1000 mutations
[webhook] hmac_attempt outcome=fail event=push deliveryId=bad-sig-182

stderr | src/lib/__tests__/submission-store.test.ts > publishSkill — pluginName (0451) > sets pluginName when skillPath contains plugins/ segment
[publishSkill] SkillVersion creation failed for sub_24d2b646-7a6c-40b3-947b-79b7905d7770: DegradedDataError: Refusing to persist SkillVersion for skill undefined (submission sub_24d2b646-7a6c-40b3-947b-79b7905d7770): missing contentHash + content. scan.contentHash was empty and skillmd:sub_24d2b646-7a6c-40b3-947b-79b7905d7770 is unavailable — re-trigger scan before republishing.
    at /Users/antonabyzov/Projects/github/specweave-umb/repositories/anton-abyzov/0874-intake-identity/src/lib/submission/publish.ts:723:17
    at processTicksAndRejections (node:internal/process/task_queues:105:5) {
  code: 'degraded_data',
  skillId: undefined,
  submissionId: 'sub_24d2b646-7a6c-40b3-947b-79b7905d7770',
  missing: { contentHash: true, content: true }
}
[publishSkill] skipping post-write steps for submission sub_24d2b646-7a6c-40b3-947b-79b7905d7770 — no SkillVersion row was written.

stderr | tests/integration/webhook-signature-fuzz.test.ts > T-033 — webhook signature + replay fuzz (AC-US9-06, AC-NFR2-01) > 100% rejects bad inputs and accepts valid ones across 1000 mutations
[webhook] hmac_attempt outcome=fail event=push deliveryId=bad-sig-183

stderr | tests/integration/webhook-signature-fuzz.test.ts > T-033 — webhook signature + replay fuzz (AC-US9-06, AC-NFR2-01) > 100% rejects bad inputs and accepts valid ones across 1000 mutations
[webhook] hmac_attempt outcome=fail event=push deliveryId=bad-sig-184

stderr | src/lib/__tests__/submission-store.test.ts > publishSkill — pluginName (0451) > sets pluginName to null when skillPath has no plugins/ segment
[persistSubmissionToDb] sub_263cf0a4-ce00-42e0-a17d-5f6ea32fa6ab: TypeError: db.submission.create is not a function
    at persistSubmissionToDb (/Users/antonabyzov/Projects/github/specweave-umb/repositories/anton-abyzov/0874-intake-identity/src/lib/submission/db-persist.ts:40:25)
    at processTicksAndRejections (node:internal/process/task_queues:105:5)

stderr | tests/integration/webhook-signature-fuzz.test.ts > T-033 — webhook signature + replay fuzz (AC-US9-06, AC-NFR2-01) > 100% rejects bad inputs and accepts valid ones across 1000 mutations
[webhook] hmac_attempt outcome=fail event=push deliveryId=bad-sig-185

stderr | tests/integration/webhook-signature-fuzz.test.ts > T-033 — webhook signature + replay fuzz (AC-US9-06, AC-NFR2-01) > 100% rejects bad inputs and accepts valid ones across 1000 mutations
[webhook] hmac_attempt outcome=fail event=push deliveryId=bad-sig-186

stderr | tests/integration/webhook-signature-fuzz.test.ts > T-033 — webhook signature + replay fuzz (AC-US9-06, AC-NFR2-01) > 100% rejects bad inputs and accepts valid ones across 1000 mutations
[webhook] hmac_attempt outcome=fail event=push deliveryId=bad-sig-187

stderr | tests/integration/webhook-signature-fuzz.test.ts > T-033 — webhook signature + replay fuzz (AC-US9-06, AC-NFR2-01) > 100% rejects bad inputs and accepts valid ones across 1000 mutations
[webhook] hmac_attempt outcome=fail event=push deliveryId=bad-sig-188

stderr | tests/integration/webhook-signature-fuzz.test.ts > T-033 — webhook signature + replay fuzz (AC-US9-06, AC-NFR2-01) > 100% rejects bad inputs and accepts valid ones across 1000 mutations
[webhook] hmac_attempt outcome=fail event=push deliveryId=bad-sig-189

stderr | tests/integration/webhook-signature-fuzz.test.ts > T-033 — webhook signature + replay fuzz (AC-US9-06, AC-NFR2-01) > 100% rejects bad inputs and accepts valid ones across 1000 mutations
[webhook] hmac_attempt outcome=fail event=push deliveryId=bad-sig-190

stderr | tests/integration/webhook-signature-fuzz.test.ts > T-033 — webhook signature + replay fuzz (AC-US9-06, AC-NFR2-01) > 100% rejects bad inputs and accepts valid ones across 1000 mutations
[webhook] hmac_attempt outcome=fail event=push deliveryId=bad-sig-191

stderr | src/lib/__tests__/publish-db-only.test.ts > publishSkill — DB-only flow > uses zero trust when no scan results exist
[publishSkill] SkillVersion creation failed for sub_test-publish-001: DegradedDataError: Refusing to persist SkillVersion for skill sk_test (submission sub_test-publish-001): missing contentHash + content. scan.contentHash was empty and skillmd:sub_test-publish-001 is unavailable — re-trigger scan before republishing.
    at /Users/antonabyzov/Projects/github/specweave-umb/repositories/anton-abyzov/0874-intake-identity/src/lib/submission/publish.ts:723:17
    at Object.<anonymous> (/Users/antonabyzov/Projects/github/specweave-umb/repositories/anton-abyzov/0874-intake-identity/src/lib/__tests__/publish-db-only.test.ts:37:48)
    at Object.mockCall (file:///Users/antonabyzov/Projects/github/specweave-umb/repositories/anton-abyzov/0874-bulk-request-memory/node_modules/@vitest/spy/dist/index.js:96:15)
    at Object.spy [as $transaction] (file:///Users/antonabyzov/Projects/github/specweave-umb/repositories/anton-abyzov/0874-bulk-request-memory/node_modules/tinyspy/dist/index.js:47:80)
    at publishSkill (/Users/antonabyzov/Projects/github/specweave-umb/repositories/anton-abyzov/0874-intake-identity/src/lib/submission/publish.ts:693:16)
    at processTicksAndRejections (node:internal/process/task_queues:105:5)
    at /Users/antonabyzov/Projects/github/specweave-umb/repositories/anton-abyzov/0874-intake-identity/src/lib/__tests__/publish-db-only.test.ts:229:5
    at file:///Users/antonabyzov/Projects/github/specweave-umb/repositories/anton-abyzov/0874-bulk-request-memory/node_modules/@vitest/runner/dist/chunk-hooks.js:752:20 {
  code: 'degraded_data',
  skillId: 'sk_test',
  submissionId: 'sub_test-publish-001',
  missing: { contentHash: true, content: true }
}
[publishSkill] skipping post-write steps for submission sub_test-publish-001 — no SkillVersion row was written.

stderr | tests/integration/webhook-signature-fuzz.test.ts > T-033 — webhook signature + replay fuzz (AC-US9-06, AC-NFR2-01) > 100% rejects bad inputs and accepts valid ones across 1000 mutations
[webhook] hmac_attempt outcome=fail event=push deliveryId=bad-sig-192

stderr | tests/integration/webhook-signature-fuzz.test.ts > T-033 — webhook signature + replay fuzz (AC-US9-06, AC-NFR2-01) > 100% rejects bad inputs and accepts valid ones across 1000 mutations
[webhook] hmac_attempt outcome=fail event=push deliveryId=bad-sig-193

stderr | tests/integration/webhook-signature-fuzz.test.ts > T-033 — webhook signature + replay fuzz (AC-US9-06, AC-NFR2-01) > 100% rejects bad inputs and accepts valid ones across 1000 mutations
[webhook] hmac_attempt outcome=fail event=push deliveryId=bad-sig-194

stderr | tests/integration/webhook-signature-fuzz.test.ts > T-033 — webhook signature + replay fuzz (AC-US9-06, AC-NFR2-01) > 100% rejects bad inputs and accepts valid ones across 1000 mutations
[webhook] hmac_attempt outcome=fail event=push deliveryId=bad-sig-195

stderr | tests/integration/webhook-signature-fuzz.test.ts > T-033 — webhook signature + replay fuzz (AC-US9-06, AC-NFR2-01) > 100% rejects bad inputs and accepts valid ones across 1000 mutations
[webhook] hmac_attempt outcome=fail event=push deliveryId=bad-sig-196

stderr | tests/integration/webhook-signature-fuzz.test.ts > T-033 — webhook signature + replay fuzz (AC-US9-06, AC-NFR2-01) > 100% rejects bad inputs and accepts valid ones across 1000 mutations
[webhook] hmac_attempt outcome=fail event=push deliveryId=bad-sig-197

stderr | tests/integration/webhook-signature-fuzz.test.ts > T-033 — webhook signature + replay fuzz (AC-US9-06, AC-NFR2-01) > 100% rejects bad inputs and accepts valid ones across 1000 mutations
[webhook] hmac_attempt outcome=fail event=push deliveryId=bad-sig-198

stderr | tests/integration/webhook-signature-fuzz.test.ts > T-033 — webhook signature + replay fuzz (AC-US9-06, AC-NFR2-01) > 100% rejects bad inputs and accepts valid ones across 1000 mutations
[webhook] hmac_attempt outcome=fail event=push deliveryId=bad-sig-199

stderr | tests/integration/webhook-signature-fuzz.test.ts > T-033 — webhook signature + replay fuzz (AC-US9-06, AC-NFR2-01) > 100% rejects bad inputs and accepts valid ones across 1000 mutations
[webhook] hmac_attempt outcome=missing_sig event=push deliveryId=nosig-0

stderr | tests/integration/webhook-signature-fuzz.test.ts > T-033 — webhook signature + replay fuzz (AC-US9-06, AC-NFR2-01) > 100% rejects bad inputs and accepts valid ones across 1000 mutations
[webhook] hmac_attempt outcome=missing_sig event=push deliveryId=nosig-1

stderr | tests/integration/webhook-signature-fuzz.test.ts > T-033 — webhook signature + replay fuzz (AC-US9-06, AC-NFR2-01) > 100% rejects bad inputs and accepts valid ones across 1000 mutations
[webhook] hmac_attempt outcome=missing_sig event=push deliveryId=nosig-2

stderr | tests/integration/webhook-signature-fuzz.test.ts > T-033 — webhook signature + replay fuzz (AC-US9-06, AC-NFR2-01) > 100% rejects bad inputs and accepts valid ones across 1000 mutations
[webhook] hmac_attempt outcome=missing_sig event=push deliveryId=nosig-3

stderr | tests/integration/webhook-signature-fuzz.test.ts > T-033 — webhook signature + replay fuzz (AC-US9-06, AC-NFR2-01) > 100% rejects bad inputs and accepts valid ones across 1000 mutations
[webhook] hmac_attempt outcome=missing_sig event=push deliveryId=nosig-4

stderr | tests/integration/webhook-signature-fuzz.test.ts > T-033 — webhook signature + replay fuzz (AC-US9-06, AC-NFR2-01) > 100% rejects bad inputs and accepts valid ones across 1000 mutations
[webhook] hmac_attempt outcome=missing_sig event=push deliveryId=nosig-5

stderr | tests/integration/webhook-signature-fuzz.test.ts > T-033 — webhook signature + replay fuzz (AC-US9-06, AC-NFR2-01) > 100% rejects bad inputs and accepts valid ones across 1000 mutations
[webhook] hmac_attempt outcome=missing_sig event=push deliveryId=nosig-6

stderr | tests/integration/webhook-signature-fuzz.test.ts > T-033 — webhook signature + replay fuzz (AC-US9-06, AC-NFR2-01) > 100% rejects bad inputs and accepts valid ones across 1000 mutations
[webhook] hmac_attempt outcome=missing_sig event=push deliveryId=nosig-7

stderr | tests/integration/webhook-signature-fuzz.test.ts > T-033 — webhook signature + replay fuzz (AC-US9-06, AC-NFR2-01) > 100% rejects bad inputs and accepts valid ones across 1000 mutations
[webhook] hmac_attempt outcome=missing_sig event=push deliveryId=nosig-8

stderr | tests/integration/webhook-signature-fuzz.test.ts > T-033 — webhook signature + replay fuzz (AC-US9-06, AC-NFR2-01) > 100% rejects bad inputs and accepts valid ones across 1000 mutations
[webhook] hmac_attempt outcome=missing_sig event=push deliveryId=nosig-9

stderr | tests/integration/webhook-signature-fuzz.test.ts > T-033 — webhook signature + replay fuzz (AC-US9-06, AC-NFR2-01) > 100% rejects bad inputs and accepts valid ones across 1000 mutations
[webhook] hmac_attempt outcome=missing_sig event=push deliveryId=nosig-10

stderr | tests/integration/webhook-signature-fuzz.test.ts > T-033 — webhook signature + replay fuzz (AC-US9-06, AC-NFR2-01) > 100% rejects bad inputs and accepts valid ones across 1000 mutations
[webhook] hmac_attempt outcome=missing_sig event=push deliveryId=nosig-11

stderr | tests/integration/webhook-signature-fuzz.test.ts > T-033 — webhook signature + replay fuzz (AC-US9-06, AC-NFR2-01) > 100% rejects bad inputs and accepts valid ones across 1000 mutations
[webhook] hmac_attempt outcome=missing_sig event=push deliveryId=nosig-12

stderr | tests/integration/webhook-signature-fuzz.test.ts > T-033 — webhook signature + replay fuzz (AC-US9-06, AC-NFR2-01) > 100% rejects bad inputs and accepts valid ones across 1000 mutations
[webhook] hmac_attempt outcome=missing_sig event=push deliveryId=nosig-13

stderr | tests/integration/webhook-signature-fuzz.test.ts > T-033 — webhook signature + replay fuzz (AC-US9-06, AC-NFR2-01) > 100% rejects bad inputs and accepts valid ones across 1000 mutations
[webhook] hmac_attempt outcome=missing_sig event=push deliveryId=nosig-14

stderr | tests/integration/webhook-signature-fuzz.test.ts > T-033 — webhook signature + replay fuzz (AC-US9-06, AC-NFR2-01) > 100% rejects bad inputs and accepts valid ones across 1000 mutations
[webhook] hmac_attempt outcome=missing_sig event=push deliveryId=nosig-15

stderr | tests/integration/webhook-signature-fuzz.test.ts > T-033 — webhook signature + replay fuzz (AC-US9-06, AC-NFR2-01) > 100% rejects bad inputs and accepts valid ones across 1000 mutations
[webhook] hmac_attempt outcome=missing_sig event=push deliveryId=nosig-16

stderr | tests/integration/webhook-signature-fuzz.test.ts > T-033 — webhook signature + replay fuzz (AC-US9-06, AC-NFR2-01) > 100% rejects bad inputs and accepts valid ones across 1000 mutations
[webhook] hmac_attempt outcome=missing_sig event=push deliveryId=nosig-17

stderr | tests/integration/webhook-signature-fuzz.test.ts > T-033 — webhook signature + replay fuzz (AC-US9-06, AC-NFR2-01) > 100% rejects bad inputs and accepts valid ones across 1000 mutations
[webhook] hmac_attempt outcome=missing_sig event=push deliveryId=nosig-18

stderr | tests/integration/webhook-signature-fuzz.test.ts > T-033 — webhook signature + replay fuzz (AC-US9-06, AC-NFR2-01) > 100% rejects bad inputs and accepts valid ones across 1000 mutations
[webhook] hmac_attempt outcome=missing_sig event=push deliveryId=nosig-19

stderr | tests/integration/webhook-signature-fuzz.test.ts > T-033 — webhook signature + replay fuzz (AC-US9-06, AC-NFR2-01) > 100% rejects bad inputs and accepts valid ones across 1000 mutations
[webhook] hmac_attempt outcome=missing_sig event=push deliveryId=nosig-20

stderr | tests/integration/webhook-signature-fuzz.test.ts > T-033 — webhook signature + replay fuzz (AC-US9-06, AC-NFR2-01) > 100% rejects bad inputs and accepts valid ones across 1000 mutations
[webhook] hmac_attempt outcome=missing_sig event=push deliveryId=nosig-21

stderr | tests/integration/webhook-signature-fuzz.test.ts > T-033 — webhook signature + replay fuzz (AC-US9-06, AC-NFR2-01) > 100% rejects bad inputs and accepts valid ones across 1000 mutations
[webhook] hmac_attempt outcome=missing_sig event=push deliveryId=nosig-22

stderr | tests/integration/webhook-signature-fuzz.test.ts > T-033 — webhook signature + replay fuzz (AC-US9-06, AC-NFR2-01) > 100% rejects bad inputs and accepts valid ones across 1000 mutations
[webhook] hmac_attempt outcome=missing_sig event=push deliveryId=nosig-23

stderr | tests/integration/webhook-signature-fuzz.test.ts > T-033 — webhook signature + replay fuzz (AC-US9-06, AC-NFR2-01) > 100% rejects bad inputs and accepts valid ones across 1000 mutations
[webhook] hmac_attempt outcome=missing_sig event=push deliveryId=nosig-24

stderr | tests/integration/webhook-signature-fuzz.test.ts > T-033 — webhook signature + replay fuzz (AC-US9-06, AC-NFR2-01) > 100% rejects bad inputs and accepts valid ones across 1000 mutations
[webhook] hmac_attempt outcome=missing_sig event=push deliveryId=nosig-25

stderr | tests/integration/webhook-signature-fuzz.test.ts > T-033 — webhook signature + replay fuzz (AC-US9-06, AC-NFR2-01) > 100% rejects bad inputs and accepts valid ones across 1000 mutations
[webhook] hmac_attempt outcome=missing_sig event=push deliveryId=nosig-26

stderr | tests/integration/webhook-signature-fuzz.test.ts > T-033 — webhook signature + replay fuzz (AC-US9-06, AC-NFR2-01) > 100% rejects bad inputs and accepts valid ones across 1000 mutations
[webhook] hmac_attempt outcome=missing_sig event=push deliveryId=nosig-27

stderr | tests/integration/webhook-signature-fuzz.test.ts > T-033 — webhook signature + replay fuzz (AC-US9-06, AC-NFR2-01) > 100% rejects bad inputs and accepts valid ones across 1000 mutations
[webhook] hmac_attempt outcome=missing_sig event=push deliveryId=nosig-28

stderr | tests/integration/webhook-signature-fuzz.test.ts > T-033 — webhook signature + replay fuzz (AC-US9-06, AC-NFR2-01) > 100% rejects bad inputs and accepts valid ones across 1000 mutations
[webhook] hmac_attempt outcome=missing_sig event=push deliveryId=nosig-29

stderr | tests/integration/webhook-signature-fuzz.test.ts > T-033 — webhook signature + replay fuzz (AC-US9-06, AC-NFR2-01) > 100% rejects bad inputs and accepts valid ones across 1000 mutations
[webhook] hmac_attempt outcome=missing_sig event=push deliveryId=nosig-30

stderr | tests/integration/webhook-signature-fuzz.test.ts > T-033 — webhook signature + replay fuzz (AC-US9-06, AC-NFR2-01) > 100% rejects bad inputs and accepts valid ones across 1000 mutations
[webhook] hmac_attempt outcome=missing_sig event=push deliveryId=nosig-31

stderr | tests/integration/webhook-signature-fuzz.test.ts > T-033 — webhook signature + replay fuzz (AC-US9-06, AC-NFR2-01) > 100% rejects bad inputs and accepts valid ones across 1000 mutations
[webhook] hmac_attempt outcome=missing_sig event=push deliveryId=nosig-32

stderr | tests/integration/webhook-signature-fuzz.test.ts > T-033 — webhook signature + replay fuzz (AC-US9-06, AC-NFR2-01) > 100% rejects bad inputs and accepts valid ones across 1000 mutations
[webhook] hmac_attempt outcome=missing_sig event=push deliveryId=nosig-33

stderr | tests/integration/webhook-signature-fuzz.test.ts > T-033 — webhook signature + replay fuzz (AC-US9-06, AC-NFR2-01) > 100% rejects bad inputs and accepts valid ones across 1000 mutations
[webhook] hmac_attempt outcome=missing_sig event=push deliveryId=nosig-34

stderr | tests/integration/webhook-signature-fuzz.test.ts > T-033 — webhook signature + replay fuzz (AC-US9-06, AC-NFR2-01) > 100% rejects bad inputs and accepts valid ones across 1000 mutations
[webhook] hmac_attempt outcome=missing_sig event=push deliveryId=nosig-35

stderr | tests/integration/webhook-signature-fuzz.test.ts > T-033 — webhook signature + replay fuzz (AC-US9-06, AC-NFR2-01) > 100% rejects bad inputs and accepts valid ones across 1000 mutations
[webhook] hmac_attempt outcome=missing_sig event=push deliveryId=nosig-36

stderr | tests/integration/webhook-signature-fuzz.test.ts > T-033 — webhook signature + replay fuzz (AC-US9-06, AC-NFR2-01) > 100% rejects bad inputs and accepts valid ones across 1000 mutations
[webhook] hmac_attempt outcome=missing_sig event=push deliveryId=nosig-37

stderr | tests/integration/webhook-signature-fuzz.test.ts > T-033 — webhook signature + replay fuzz (AC-US9-06, AC-NFR2-01) > 100% rejects bad inputs and accepts valid ones across 1000 mutations
[webhook] hmac_attempt outcome=missing_sig event=push deliveryId=nosig-38

stderr | tests/integration/webhook-signature-fuzz.test.ts > T-033 — webhook signature + replay fuzz (AC-US9-06, AC-NFR2-01) > 100% rejects bad inputs and accepts valid ones across 1000 mutations
[webhook] hmac_attempt outcome=missing_sig event=push deliveryId=nosig-39

stderr | tests/integration/webhook-signature-fuzz.test.ts > T-033 — webhook signature + replay fuzz (AC-US9-06, AC-NFR2-01) > 100% rejects bad inputs and accepts valid ones across 1000 mutations
[webhook] hmac_attempt outcome=missing_sig event=push deliveryId=nosig-40

stderr | tests/integration/webhook-signature-fuzz.test.ts > T-033 — webhook signature + replay fuzz (AC-US9-06, AC-NFR2-01) > 100% rejects bad inputs and accepts valid ones across 1000 mutations
[webhook] hmac_attempt outcome=missing_sig event=push deliveryId=nosig-41

stderr | tests/integration/webhook-signature-fuzz.test.ts > T-033 — webhook signature + replay fuzz (AC-US9-06, AC-NFR2-01) > 100% rejects bad inputs and accepts valid ones across 1000 mutations
[webhook] hmac_attempt outcome=missing_sig event=push deliveryId=nosig-42

stderr | tests/integration/webhook-signature-fuzz.test.ts > T-033 — webhook signature + replay fuzz (AC-US9-06, AC-NFR2-01) > 100% rejects bad inputs and accepts valid ones across 1000 mutations
[webhook] hmac_attempt outcome=missing_sig event=push deliveryId=nosig-43

stderr | tests/integration/webhook-signature-fuzz.test.ts > T-033 — webhook signature + replay fuzz (AC-US9-06, AC-NFR2-01) > 100% rejects bad inputs and accepts valid ones across 1000 mutations
[webhook] hmac_attempt outcome=missing_sig event=push deliveryId=nosig-44

stderr | tests/integration/webhook-signature-fuzz.test.ts > T-033 — webhook signature + replay fuzz (AC-US9-06, AC-NFR2-01) > 100% rejects bad inputs and accepts valid ones across 1000 mutations
[webhook] hmac_attempt outcome=missing_sig event=push deliveryId=nosig-45

stderr | tests/integration/webhook-signature-fuzz.test.ts > T-033 — webhook signature + replay fuzz (AC-US9-06, AC-NFR2-01) > 100% rejects bad inputs and accepts valid ones across 1000 mutations
[webhook] hmac_attempt outcome=missing_sig event=push deliveryId=nosig-46

stderr | tests/integration/webhook-signature-fuzz.test.ts > T-033 — webhook signature + replay fuzz (AC-US9-06, AC-NFR2-01) > 100% rejects bad inputs and accepts valid ones across 1000 mutations
[webhook] hmac_attempt outcome=missing_sig event=push deliveryId=nosig-47

stderr | tests/integration/webhook-signature-fuzz.test.ts > T-033 — webhook signature + replay fuzz (AC-US9-06, AC-NFR2-01) > 100% rejects bad inputs and accepts valid ones across 1000 mutations
[webhook] hmac_attempt outcome=missing_sig event=push deliveryId=nosig-48

stderr | tests/integration/webhook-signature-fuzz.test.ts > T-033 — webhook signature + replay fuzz (AC-US9-06, AC-NFR2-01) > 100% rejects bad inputs and accepts valid ones across 1000 mutations
[webhook] hmac_attempt outcome=missing_sig event=push deliveryId=nosig-49

stderr | tests/integration/webhook-signature-fuzz.test.ts > T-033 — webhook signature + replay fuzz (AC-US9-06, AC-NFR2-01) > 100% rejects bad inputs and accepts valid ones across 1000 mutations
[webhook] hmac_attempt outcome=missing_sig event=push deliveryId=nosig-50

stderr | tests/integration/webhook-signature-fuzz.test.ts > T-033 — webhook signature + replay fuzz (AC-US9-06, AC-NFR2-01) > 100% rejects bad inputs and accepts valid ones across 1000 mutations
[webhook] hmac_attempt outcome=missing_sig event=push deliveryId=nosig-51

stderr | tests/integration/webhook-signature-fuzz.test.ts > T-033 — webhook signature + replay fuzz (AC-US9-06, AC-NFR2-01) > 100% rejects bad inputs and accepts valid ones across 1000 mutations
[webhook] hmac_attempt outcome=missing_sig event=push deliveryId=nosig-52

stderr | tests/integration/webhook-signature-fuzz.test.ts > T-033 — webhook signature + replay fuzz (AC-US9-06, AC-NFR2-01) > 100% rejects bad inputs and accepts valid ones across 1000 mutations
[webhook] hmac_attempt outcome=missing_sig event=push deliveryId=nosig-53

stderr | tests/integration/webhook-signature-fuzz.test.ts > T-033 — webhook signature + replay fuzz (AC-US9-06, AC-NFR2-01) > 100% rejects bad inputs and accepts valid ones across 1000 mutations
[webhook] hmac_attempt outcome=missing_sig event=push deliveryId=nosig-54

stderr | tests/integration/webhook-signature-fuzz.test.ts > T-033 — webhook signature + replay fuzz (AC-US9-06, AC-NFR2-01) > 100% rejects bad inputs and accepts valid ones across 1000 mutations
[webhook] hmac_attempt outcome=missing_sig event=push deliveryId=nosig-55

stderr | tests/integration/webhook-signature-fuzz.test.ts > T-033 — webhook signature + replay fuzz (AC-US9-06, AC-NFR2-01) > 100% rejects bad inputs and accepts valid ones across 1000 mutations
[webhook] hmac_attempt outcome=missing_sig event=push deliveryId=nosig-56

stderr | tests/integration/webhook-signature-fuzz.test.ts > T-033 — webhook signature + replay fuzz (AC-US9-06, AC-NFR2-01) > 100% rejects bad inputs and accepts valid ones across 1000 mutations
[webhook] hmac_attempt outcome=missing_sig event=push deliveryId=nosig-57

stderr | tests/integration/webhook-signature-fuzz.test.ts > T-033 — webhook signature + replay fuzz (AC-US9-06, AC-NFR2-01) > 100% rejects bad inputs and accepts valid ones across 1000 mutations
[webhook] hmac_attempt outcome=missing_sig event=push deliveryId=nosig-58

stderr | tests/integration/webhook-signature-fuzz.test.ts > T-033 — webhook signature + replay fuzz (AC-US9-06, AC-NFR2-01) > 100% rejects bad inputs and accepts valid ones across 1000 mutations
[webhook] hmac_attempt outcome=missing_sig event=push deliveryId=nosig-59

stderr | tests/integration/webhook-signature-fuzz.test.ts > T-033 — webhook signature + replay fuzz (AC-US9-06, AC-NFR2-01) > 100% rejects bad inputs and accepts valid ones across 1000 mutations
[webhook] hmac_attempt outcome=missing_sig event=push deliveryId=nosig-60

stderr | tests/integration/webhook-signature-fuzz.test.ts > T-033 — webhook signature + replay fuzz (AC-US9-06, AC-NFR2-01) > 100% rejects bad inputs and accepts valid ones across 1000 mutations
[webhook] hmac_attempt outcome=missing_sig event=push deliveryId=nosig-61

stderr | tests/integration/webhook-signature-fuzz.test.ts > T-033 — webhook signature + replay fuzz (AC-US9-06, AC-NFR2-01) > 100% rejects bad inputs and accepts valid ones across 1000 mutations
[webhook] hmac_attempt outcome=missing_sig event=push deliveryId=nosig-62

stderr | tests/integration/webhook-signature-fuzz.test.ts > T-033 — webhook signature + replay fuzz (AC-US9-06, AC-NFR2-01) > 100% rejects bad inputs and accepts valid ones across 1000 mutations
[webhook] hmac_attempt outcome=missing_sig event=push deliveryId=nosig-63

stderr | tests/integration/webhook-signature-fuzz.test.ts > T-033 — webhook signature + replay fuzz (AC-US9-06, AC-NFR2-01) > 100% rejects bad inputs and accepts valid ones across 1000 mutations
[webhook] hmac_attempt outcome=missing_sig event=push deliveryId=nosig-64

stderr | tests/integration/webhook-signature-fuzz.test.ts > T-033 — webhook signature + replay fuzz (AC-US9-06, AC-NFR2-01) > 100% rejects bad inputs and accepts valid ones across 1000 mutations
[webhook] hmac_attempt outcome=missing_sig event=push deliveryId=nosig-65

stderr | tests/integration/webhook-signature-fuzz.test.ts > T-033 — webhook signature + replay fuzz (AC-US9-06, AC-NFR2-01) > 100% rejects bad inputs and accepts valid ones across 1000 mutations
[webhook] hmac_attempt outcome=missing_sig event=push deliveryId=nosig-66

stderr | tests/integration/webhook-signature-fuzz.test.ts > T-033 — webhook signature + replay fuzz (AC-US9-06, AC-NFR2-01) > 100% rejects bad inputs and accepts valid ones across 1000 mutations
[webhook] hmac_attempt outcome=missing_sig event=push deliveryId=nosig-67

stderr | tests/integration/webhook-signature-fuzz.test.ts > T-033 — webhook signature + replay fuzz (AC-US9-06, AC-NFR2-01) > 100% rejects bad inputs and accepts valid ones across 1000 mutations
[webhook] hmac_attempt outcome=missing_sig event=push deliveryId=nosig-68

stderr | tests/integration/webhook-signature-fuzz.test.ts > T-033 — webhook signature + replay fuzz (AC-US9-06, AC-NFR2-01) > 100% rejects bad inputs and accepts valid ones across 1000 mutations
[webhook] hmac_attempt outcome=missing_sig event=push deliveryId=nosig-69

stderr | tests/integration/webhook-signature-fuzz.test.ts > T-033 — webhook signature + replay fuzz (AC-US9-06, AC-NFR2-01) > 100% rejects bad inputs and accepts valid ones across 1000 mutations
[webhook] hmac_attempt outcome=missing_sig event=push deliveryId=nosig-70

stderr | tests/integration/webhook-signature-fuzz.test.ts > T-033 — webhook signature + replay fuzz (AC-US9-06, AC-NFR2-01) > 100% rejects bad inputs and accepts valid ones across 1000 mutations
[webhook] hmac_attempt outcome=missing_sig event=push deliveryId=nosig-71

stderr | tests/integration/webhook-signature-fuzz.test.ts > T-033 — webhook signature + replay fuzz (AC-US9-06, AC-NFR2-01) > 100% rejects bad inputs and accepts valid ones across 1000 mutations
[webhook] hmac_attempt outcome=missing_sig event=push deliveryId=nosig-72

stderr | tests/integration/webhook-signature-fuzz.test.ts > T-033 — webhook signature + replay fuzz (AC-US9-06, AC-NFR2-01) > 100% rejects bad inputs and accepts valid ones across 1000 mutations
[webhook] hmac_attempt outcome=missing_sig event=push deliveryId=nosig-73

stderr | tests/integration/webhook-signature-fuzz.test.ts > T-033 — webhook signature + replay fuzz (AC-US9-06, AC-NFR2-01) > 100% rejects bad inputs and accepts valid ones across 1000 mutations
[webhook] hmac_attempt outcome=missing_sig event=push deliveryId=nosig-74

stderr | tests/integration/webhook-signature-fuzz.test.ts > T-033 — webhook signature + replay fuzz (AC-US9-06, AC-NFR2-01) > 100% rejects bad inputs and accepts valid ones across 1000 mutations
[webhook] hmac_attempt outcome=missing_sig event=push deliveryId=nosig-75

stderr | tests/integration/webhook-signature-fuzz.test.ts > T-033 — webhook signature + replay fuzz (AC-US9-06, AC-NFR2-01) > 100% rejects bad inputs and accepts valid ones across 1000 mutations
[webhook] hmac_attempt outcome=missing_sig event=push deliveryId=nosig-76

stderr | tests/integration/webhook-signature-fuzz.test.ts > T-033 — webhook signature + replay fuzz (AC-US9-06, AC-NFR2-01) > 100% rejects bad inputs and accepts valid ones across 1000 mutations
[webhook] hmac_attempt outcome=missing_sig event=push deliveryId=nosig-77

stderr | tests/integration/webhook-signature-fuzz.test.ts > T-033 — webhook signature + replay fuzz (AC-US9-06, AC-NFR2-01) > 100% rejects bad inputs and accepts valid ones across 1000 mutations
[webhook] hmac_attempt outcome=missing_sig event=push deliveryId=nosig-78

stderr | tests/integration/webhook-signature-fuzz.test.ts > T-033 — webhook signature + replay fuzz (AC-US9-06, AC-NFR2-01) > 100% rejects bad inputs and accepts valid ones across 1000 mutations
[webhook] hmac_attempt outcome=missing_sig event=push deliveryId=nosig-79

stderr | tests/integration/webhook-signature-fuzz.test.ts > T-033 — webhook signature + replay fuzz (AC-US9-06, AC-NFR2-01) > 100% rejects bad inputs and accepts valid ones across 1000 mutations
[webhook] hmac_attempt outcome=missing_sig event=push deliveryId=nosig-80

stderr | tests/integration/webhook-signature-fuzz.test.ts > T-033 — webhook signature + replay fuzz (AC-US9-06, AC-NFR2-01) > 100% rejects bad inputs and accepts valid ones across 1000 mutations
[webhook] hmac_attempt outcome=missing_sig event=push deliveryId=nosig-81

stderr | tests/integration/webhook-signature-fuzz.test.ts > T-033 — webhook signature + replay fuzz (AC-US9-06, AC-NFR2-01) > 100% rejects bad inputs and accepts valid ones across 1000 mutations
[webhook] hmac_attempt outcome=missing_sig event=push deliveryId=nosig-82

stderr | tests/integration/webhook-signature-fuzz.test.ts > T-033 — webhook signature + replay fuzz (AC-US9-06, AC-NFR2-01) > 100% rejects bad inputs and accepts valid ones across 1000 mutations
[webhook] hmac_attempt outcome=missing_sig event=push deliveryId=nosig-83

stderr | tests/integration/webhook-signature-fuzz.test.ts > T-033 — webhook signature + replay fuzz (AC-US9-06, AC-NFR2-01) > 100% rejects bad inputs and accepts valid ones across 1000 mutations
[webhook] hmac_attempt outcome=missing_sig event=push deliveryId=nosig-84

stderr | tests/integration/webhook-signature-fuzz.test.ts > T-033 — webhook signature + replay fuzz (AC-US9-06, AC-NFR2-01) > 100% rejects bad inputs and accepts valid ones across 1000 mutations
[webhook] hmac_attempt outcome=missing_sig event=push deliveryId=nosig-85

stderr | tests/integration/webhook-signature-fuzz.test.ts > T-033 — webhook signature + replay fuzz (AC-US9-06, AC-NFR2-01) > 100% rejects bad inputs and accepts valid ones across 1000 mutations
[webhook] hmac_attempt outcome=missing_sig event=push deliveryId=nosig-86

stderr | tests/integration/webhook-signature-fuzz.test.ts > T-033 — webhook signature + replay fuzz (AC-US9-06, AC-NFR2-01) > 100% rejects bad inputs and accepts valid ones across 1000 mutations
[webhook] hmac_attempt outcome=missing_sig event=push deliveryId=nosig-87

stderr | src/lib/__tests__/submission-store.test.ts > publishSkill — pluginName (0451) > sets pluginName to null when skillPath has no plugins/ segment
[publishSkill] SkillVersion creation failed for sub_263cf0a4-ce00-42e0-a17d-5f6ea32fa6ab: DegradedDataError: Refusing to persist SkillVersion for skill undefined (submission sub_263cf0a4-ce00-42e0-a17d-5f6ea32fa6ab): missing contentHash + content. scan.contentHash was empty and skillmd:sub_263cf0a4-ce00-42e0-a17d-5f6ea32fa6ab is unavailable — re-trigger scan before republishing.
    at /Users/antonabyzov/Projects/github/specweave-umb/repositories/anton-abyzov/0874-intake-identity/src/lib/submission/publish.ts:723:17
    at processTicksAndRejections (node:internal/process/task_queues:105:5) {
  code: 'degraded_data',
  skillId: undefined,
  submissionId: 'sub_263cf0a4-ce00-42e0-a17d-5f6ea32fa6ab',
  missing: { contentHash: true, content: true }
}
[publishSkill] skipping post-write steps for submission sub_263cf0a4-ce00-42e0-a17d-5f6ea32fa6ab — no SkillVersion row was written.

stderr | src/lib/__tests__/submission-store.test.ts > publishSkill — pluginName (0451) > updates pluginName on re-publish (upsert update branch)
[persistSubmissionToDb] sub_6169b618-debd-41da-8bad-2cf9242a77ee: TypeError: db.submission.create is not a function
    at persistSubmissionToDb (/Users/antonabyzov/Projects/github/specweave-umb/repositories/anton-abyzov/0874-intake-identity/src/lib/submission/db-persist.ts:40:25)
    at processTicksAndRejections (node:internal/process/task_queues:105:5)

 ✓ src/lib/__tests__/install-tracker.test.ts (17 tests) 2562ms
   ✓ matchAndIncrementInstall > retries once on DB error  502ms
   ✓ matchAndIncrementInstall > throws after both attempts fail  505ms
   ✓ matchAndIncrementInstallBatch > retries the whole batch on DB connection failure  502ms
   ✓ matchAndIncrementInstallBatch > separates connection retry from per-skill errors  506ms
   ✓ matchAndIncrementInstallBatch > throws when all connection attempts fail  506ms
stderr | tests/integration/webhook-signature-fuzz.test.ts > T-033 — webhook signature + replay fuzz (AC-US9-06, AC-NFR2-01) > 100% rejects bad inputs and accepts valid ones across 1000 mutations
[webhook] hmac_attempt outcome=missing_sig event=push deliveryId=nosig-88

stderr | tests/integration/webhook-signature-fuzz.test.ts > T-033 — webhook signature + replay fuzz (AC-US9-06, AC-NFR2-01) > 100% rejects bad inputs and accepts valid ones across 1000 mutations
[webhook] hmac_attempt outcome=missing_sig event=push deliveryId=nosig-89

stderr | tests/integration/webhook-signature-fuzz.test.ts > T-033 — webhook signature + replay fuzz (AC-US9-06, AC-NFR2-01) > 100% rejects bad inputs and accepts valid ones across 1000 mutations
[webhook] hmac_attempt outcome=missing_sig event=push deliveryId=nosig-90

stderr | tests/integration/webhook-signature-fuzz.test.ts > T-033 — webhook signature + replay fuzz (AC-US9-06, AC-NFR2-01) > 100% rejects bad inputs and accepts valid ones across 1000 mutations
[webhook] hmac_attempt outcome=missing_sig event=push deliveryId=nosig-91

stderr | tests/integration/webhook-signature-fuzz.test.ts > T-033 — webhook signature + replay fuzz (AC-US9-06, AC-NFR2-01) > 100% rejects bad inputs and accepts valid ones across 1000 mutations
[webhook] hmac_attempt outcome=missing_sig event=push deliveryId=nosig-92

stderr | tests/integration/webhook-signature-fuzz.test.ts > T-033 — webhook signature + replay fuzz (AC-US9-06, AC-NFR2-01) > 100% rejects bad inputs and accepts valid ones across 1000 mutations
[webhook] hmac_attempt outcome=missing_sig event=push deliveryId=nosig-93

stderr | tests/integration/webhook-signature-fuzz.test.ts > T-033 — webhook signature + replay fuzz (AC-US9-06, AC-NFR2-01) > 100% rejects bad inputs and accepts valid ones across 1000 mutations
[webhook] hmac_attempt outcome=missing_sig event=push deliveryId=nosig-94

stderr | tests/integration/webhook-signature-fuzz.test.ts > T-033 — webhook signature + replay fuzz (AC-US9-06, AC-NFR2-01) > 100% rejects bad inputs and accepts valid ones across 1000 mutations
[webhook] hmac_attempt outcome=missing_sig event=push deliveryId=nosig-95

stderr | tests/integration/webhook-signature-fuzz.test.ts > T-033 — webhook signature + replay fuzz (AC-US9-06, AC-NFR2-01) > 100% rejects bad inputs and accepts valid ones across 1000 mutations
[webhook] hmac_attempt outcome=missing_sig event=push deliveryId=nosig-96

stderr | tests/integration/webhook-signature-fuzz.test.ts > T-033 — webhook signature + replay fuzz (AC-US9-06, AC-NFR2-01) > 100% rejects bad inputs and accepts valid ones across 1000 mutations
[webhook] hmac_attempt outcome=missing_sig event=push deliveryId=nosig-97

stderr | tests/integration/webhook-signature-fuzz.test.ts > T-033 — webhook signature + replay fuzz (AC-US9-06, AC-NFR2-01) > 100% rejects bad inputs and accepts valid ones across 1000 mutations
[webhook] hmac_attempt outcome=missing_sig event=push deliveryId=nosig-98

stderr | tests/integration/webhook-signature-fuzz.test.ts > T-033 — webhook signature + replay fuzz (AC-US9-06, AC-NFR2-01) > 100% rejects bad inputs and accepts valid ones across 1000 mutations
[webhook] hmac_attempt outcome=missing_sig event=push deliveryId=nosig-99

stderr | tests/integration/webhook-signature-fuzz.test.ts > T-033 — webhook signature + replay fuzz (AC-US9-06, AC-NFR2-01) > 100% rejects bad inputs and accepts valid ones across 1000 mutations
[webhook] hmac_attempt outcome=missing_sig event=push deliveryId=nosig-100

stderr | tests/integration/webhook-signature-fuzz.test.ts > T-033 — webhook signature + replay fuzz (AC-US9-06, AC-NFR2-01) > 100% rejects bad inputs and accepts valid ones across 1000 mutations
[webhook] hmac_attempt outcome=missing_sig event=push deliveryId=nosig-101

stderr | tests/integration/webhook-signature-fuzz.test.ts > T-033 — webhook signature + replay fuzz (AC-US9-06, AC-NFR2-01) > 100% rejects bad inputs and accepts valid ones across 1000 mutations
[webhook] hmac_attempt outcome=missing_sig event=push deliveryId=nosig-102

stderr | tests/integration/webhook-signature-fuzz.test.ts > T-033 — webhook signature + replay fuzz (AC-US9-06, AC-NFR2-01) > 100% rejects bad inputs and accepts valid ones across 1000 mutations
[webhook] hmac_attempt outcome=missing_sig event=push deliveryId=nosig-103

stderr | tests/integration/webhook-signature-fuzz.test.ts > T-033 — webhook signature + replay fuzz (AC-US9-06, AC-NFR2-01) > 100% rejects bad inputs and accepts valid ones across 1000 mutations
[webhook] hmac_attempt outcome=missing_sig event=push deliveryId=nosig-104

stderr | tests/integration/webhook-signature-fuzz.test.ts > T-033 — webhook signature + replay fuzz (AC-US9-06, AC-NFR2-01) > 100% rejects bad inputs and accepts valid ones across 1000 mutations
[webhook] hmac_attempt outcome=missing_sig event=push deliveryId=nosig-105

stderr | tests/integration/webhook-signature-fuzz.test.ts > T-033 — webhook signature + replay fuzz (AC-US9-06, AC-NFR2-01) > 100% rejects bad inputs and accepts valid ones across 1000 mutations
[webhook] hmac_attempt outcome=missing_sig event=push deliveryId=nosig-106

stderr | tests/integration/webhook-signature-fuzz.test.ts > T-033 — webhook signature + replay fuzz (AC-US9-06, AC-NFR2-01) > 100% rejects bad inputs and accepts valid ones across 1000 mutations
[webhook] hmac_attempt outcome=missing_sig event=push deliveryId=nosig-107

stderr | tests/integration/webhook-signature-fuzz.test.ts > T-033 — webhook signature + replay fuzz (AC-US9-06, AC-NFR2-01) > 100% rejects bad inputs and accepts valid ones across 1000 mutations
[webhook] hmac_attempt outcome=missing_sig event=push deliveryId=nosig-108

stderr | tests/integration/webhook-signature-fuzz.test.ts > T-033 — webhook signature + replay fuzz (AC-US9-06, AC-NFR2-01) > 100% rejects bad inputs and accepts valid ones across 1000 mutations
[webhook] hmac_attempt outcome=missing_sig event=push deliveryId=nosig-109

stderr | tests/integration/webhook-signature-fuzz.test.ts > T-033 — webhook signature + replay fuzz (AC-US9-06, AC-NFR2-01) > 100% rejects bad inputs and accepts valid ones across 1000 mutations
[webhook] hmac_attempt outcome=missing_sig event=push deliveryId=nosig-110

stderr | tests/integration/webhook-signature-fuzz.test.ts > T-033 — webhook signature + replay fuzz (AC-US9-06, AC-NFR2-01) > 100% rejects bad inputs and accepts valid ones across 1000 mutations
[webhook] hmac_attempt outcome=missing_sig event=push deliveryId=nosig-111

stderr | tests/integration/webhook-signature-fuzz.test.ts > T-033 — webhook signature + replay fuzz (AC-US9-06, AC-NFR2-01) > 100% rejects bad inputs and accepts valid ones across 1000 mutations
[webhook] hmac_attempt outcome=missing_sig event=push deliveryId=nosig-112

stderr | tests/integration/webhook-signature-fuzz.test.ts > T-033 — webhook signature + replay fuzz (AC-US9-06, AC-NFR2-01) > 100% rejects bad inputs and accepts valid ones across 1000 mutations
[webhook] hmac_attempt outcome=missing_sig event=push deliveryId=nosig-113

stderr | tests/integration/webhook-signature-fuzz.test.ts > T-033 — webhook signature + replay fuzz (AC-US9-06, AC-NFR2-01) > 100% rejects bad inputs and accepts valid ones across 1000 mutations
[webhook] hmac_attempt outcome=missing_sig event=push deliveryId=nosig-114

stderr | tests/integration/webhook-signature-fuzz.test.ts > T-033 — webhook signature + replay fuzz (AC-US9-06, AC-NFR2-01) > 100% rejects bad inputs and accepts valid ones across 1000 mutations
[webhook] hmac_attempt outcome=missing_sig event=push deliveryId=nosig-115

stderr | tests/integration/webhook-signature-fuzz.test.ts > T-033 — webhook signature + replay fuzz (AC-US9-06, AC-NFR2-01) > 100% rejects bad inputs and accepts valid ones across 1000 mutations
[webhook] hmac_attempt outcome=missing_sig event=push deliveryId=nosig-116

stderr | tests/integration/webhook-signature-fuzz.test.ts > T-033 — webhook signature + replay fuzz (AC-US9-06, AC-NFR2-01) > 100% rejects bad inputs and accepts valid ones across 1000 mutations
[webhook] hmac_attempt outcome=missing_sig event=push deliveryId=nosig-117

stderr | tests/integration/webhook-signature-fuzz.test.ts > T-033 — webhook signature + replay fuzz (AC-US9-06, AC-NFR2-01) > 100% rejects bad inputs and accepts valid ones across 1000 mutations
[webhook] hmac_attempt outcome=missing_sig event=push deliveryId=nosig-118

stderr | tests/integration/webhook-signature-fuzz.test.ts > T-033 — webhook signature + replay fuzz (AC-US9-06, AC-NFR2-01) > 100% rejects bad inputs and accepts valid ones across 1000 mutations
[webhook] hmac_attempt outcome=missing_sig event=push deliveryId=nosig-119

stderr | tests/integration/webhook-signature-fuzz.test.ts > T-033 — webhook signature + replay fuzz (AC-US9-06, AC-NFR2-01) > 100% rejects bad inputs and accepts valid ones across 1000 mutations
[webhook] hmac_attempt outcome=missing_sig event=push deliveryId=nosig-120

stderr | tests/integration/webhook-signature-fuzz.test.ts > T-033 — webhook signature + replay fuzz (AC-US9-06, AC-NFR2-01) > 100% rejects bad inputs and accepts valid ones across 1000 mutations
[webhook] hmac_attempt outcome=missing_sig event=push deliveryId=nosig-121

stderr | tests/integration/webhook-signature-fuzz.test.ts > T-033 — webhook signature + replay fuzz (AC-US9-06, AC-NFR2-01) > 100% rejects bad inputs and accepts valid ones across 1000 mutations
[webhook] hmac_attempt outcome=missing_sig event=push deliveryId=nosig-122

stderr | tests/integration/webhook-signature-fuzz.test.ts > T-033 — webhook signature + replay fuzz (AC-US9-06, AC-NFR2-01) > 100% rejects bad inputs and accepts valid ones across 1000 mutations
[webhook] hmac_attempt outcome=missing_sig event=push deliveryId=nosig-123

stderr | tests/integration/webhook-signature-fuzz.test.ts > T-033 — webhook signature + replay fuzz (AC-US9-06, AC-NFR2-01) > 100% rejects bad inputs and accepts valid ones across 1000 mutations
[webhook] hmac_attempt outcome=missing_sig event=push deliveryId=nosig-124

stderr | tests/integration/webhook-signature-fuzz.test.ts > T-033 — webhook signature + replay fuzz (AC-US9-06, AC-NFR2-01) > 100% rejects bad inputs and accepts valid ones across 1000 mutations
[webhook] hmac_attempt outcome=missing_sig event=push deliveryId=nosig-125

stderr | tests/integration/webhook-signature-fuzz.test.ts > T-033 — webhook signature + replay fuzz (AC-US9-06, AC-NFR2-01) > 100% rejects bad inputs and accepts valid ones across 1000 mutations
[webhook] hmac_attempt outcome=missing_sig event=push deliveryId=nosig-126

stderr | tests/integration/webhook-signature-fuzz.test.ts > T-033 — webhook signature + replay fuzz (AC-US9-06, AC-NFR2-01) > 100% rejects bad inputs and accepts valid ones across 1000 mutations
[webhook] hmac_attempt outcome=missing_sig event=push deliveryId=nosig-127

stderr | tests/integration/webhook-signature-fuzz.test.ts > T-033 — webhook signature + replay fuzz (AC-US9-06, AC-NFR2-01) > 100% rejects bad inputs and accepts valid ones across 1000 mutations
[webhook] hmac_attempt outcome=missing_sig event=push deliveryId=nosig-128

stderr | tests/integration/webhook-signature-fuzz.test.ts > T-033 — webhook signature + replay fuzz (AC-US9-06, AC-NFR2-01) > 100% rejects bad inputs and accepts valid ones across 1000 mutations
[webhook] hmac_attempt outcome=missing_sig event=push deliveryId=nosig-129

stderr | tests/integration/webhook-signature-fuzz.test.ts > T-033 — webhook signature + replay fuzz (AC-US9-06, AC-NFR2-01) > 100% rejects bad inputs and accepts valid ones across 1000 mutations
[webhook] hmac_attempt outcome=missing_sig event=push deliveryId=nosig-130

stderr | tests/integration/webhook-signature-fuzz.test.ts > T-033 — webhook signature + replay fuzz (AC-US9-06, AC-NFR2-01) > 100% rejects bad inputs and accepts valid ones across 1000 mutations
[webhook] hmac_attempt outcome=missing_sig event=push deliveryId=nosig-131

stderr | tests/integration/webhook-signature-fuzz.test.ts > T-033 — webhook signature + replay fuzz (AC-US9-06, AC-NFR2-01) > 100% rejects bad inputs and accepts valid ones across 1000 mutations
[webhook] hmac_attempt outcome=missing_sig event=push deliveryId=nosig-132

stderr | tests/integration/webhook-signature-fuzz.test.ts > T-033 — webhook signature + replay fuzz (AC-US9-06, AC-NFR2-01) > 100% rejects bad inputs and accepts valid ones across 1000 mutations
[webhook] hmac_attempt outcome=missing_sig event=push deliveryId=nosig-133

stderr | tests/integration/webhook-signature-fuzz.test.ts > T-033 — webhook signature + replay fuzz (AC-US9-06, AC-NFR2-01) > 100% rejects bad inputs and accepts valid ones across 1000 mutations
[webhook] hmac_attempt outcome=missing_sig event=push deliveryId=nosig-134

stderr | tests/integration/webhook-signature-fuzz.test.ts > T-033 — webhook signature + replay fuzz (AC-US9-06, AC-NFR2-01) > 100% rejects bad inputs and accepts valid ones across 1000 mutations
[webhook] hmac_attempt outcome=missing_sig event=push deliveryId=nosig-135

stderr | tests/integration/webhook-signature-fuzz.test.ts > T-033 — webhook signature + replay fuzz (AC-US9-06, AC-NFR2-01) > 100% rejects bad inputs and accepts valid ones across 1000 mutations
[webhook] hmac_attempt outcome=missing_sig event=push deliveryId=nosig-136

stderr | tests/integration/webhook-signature-fuzz.test.ts > T-033 — webhook signature + replay fuzz (AC-US9-06, AC-NFR2-01) > 100% rejects bad inputs and accepts valid ones across 1000 mutations
[webhook] hmac_attempt outcome=missing_sig event=push deliveryId=nosig-137

stderr | tests/integration/webhook-signature-fuzz.test.ts > T-033 — webhook signature + replay fuzz (AC-US9-06, AC-NFR2-01) > 100% rejects bad inputs and accepts valid ones across 1000 mutations
[webhook] hmac_attempt outcome=missing_sig event=push deliveryId=nosig-138

stderr | tests/integration/webhook-signature-fuzz.test.ts > T-033 — webhook signature + replay fuzz (AC-US9-06, AC-NFR2-01) > 100% rejects bad inputs and accepts valid ones across 1000 mutations
[webhook] hmac_attempt outcome=missing_sig event=push deliveryId=nosig-139

stderr | tests/integration/webhook-signature-fuzz.test.ts > T-033 — webhook signature + replay fuzz (AC-US9-06, AC-NFR2-01) > 100% rejects bad inputs and accepts valid ones across 1000 mutations
[webhook] hmac_attempt outcome=missing_sig event=push deliveryId=nosig-140

stderr | tests/integration/webhook-signature-fuzz.test.ts > T-033 — webhook signature + replay fuzz (AC-US9-06, AC-NFR2-01) > 100% rejects bad inputs and accepts valid ones across 1000 mutations
[webhook] hmac_attempt outcome=missing_sig event=push deliveryId=nosig-141

stderr | tests/integration/webhook-signature-fuzz.test.ts > T-033 — webhook signature + replay fuzz (AC-US9-06, AC-NFR2-01) > 100% rejects bad inputs and accepts valid ones across 1000 mutations
[webhook] hmac_attempt outcome=missing_sig event=push deliveryId=nosig-142

stderr | tests/integration/webhook-signature-fuzz.test.ts > T-033 — webhook signature + replay fuzz (AC-US9-06, AC-NFR2-01) > 100% rejects bad inputs and accepts valid ones across 1000 mutations
[webhook] hmac_attempt outcome=missing_sig event=push deliveryId=nosig-143

stderr | tests/integration/webhook-signature-fuzz.test.ts > T-033 — webhook signature + replay fuzz (AC-US9-06, AC-NFR2-01) > 100% rejects bad inputs and accepts valid ones across 1000 mutations
[webhook] hmac_attempt outcome=missing_sig event=push deliveryId=nosig-144

stderr | tests/integration/webhook-signature-fuzz.test.ts > T-033 — webhook signature + replay fuzz (AC-US9-06, AC-NFR2-01) > 100% rejects bad inputs and accepts valid ones across 1000 mutations
[webhook] hmac_attempt outcome=missing_sig event=push deliveryId=nosig-145

stderr | tests/integration/webhook-signature-fuzz.test.ts > T-033 — webhook signature + replay fuzz (AC-US9-06, AC-NFR2-01) > 100% rejects bad inputs and accepts valid ones across 1000 mutations
[webhook] hmac_attempt outcome=missing_sig event=push deliveryId=nosig-146

stderr | tests/integration/webhook-signature-fuzz.test.ts > T-033 — webhook signature + replay fuzz (AC-US9-06, AC-NFR2-01) > 100% rejects bad inputs and accepts valid ones across 1000 mutations
[webhook] hmac_attempt outcome=missing_sig event=push deliveryId=nosig-147

stderr | tests/integration/webhook-signature-fuzz.test.ts > T-033 — webhook signature + replay fuzz (AC-US9-06, AC-NFR2-01) > 100% rejects bad inputs and accepts valid ones across 1000 mutations
[webhook] hmac_attempt outcome=missing_sig event=push deliveryId=nosig-148

stderr | tests/integration/webhook-signature-fuzz.test.ts > T-033 — webhook signature + replay fuzz (AC-US9-06, AC-NFR2-01) > 100% rejects bad inputs and accepts valid ones across 1000 mutations
[webhook] hmac_attempt outcome=missing_sig event=push deliveryId=nosig-149

stderr | tests/integration/webhook-signature-fuzz.test.ts > T-033 — webhook signature + replay fuzz (AC-US9-06, AC-NFR2-01) > 100% rejects bad inputs and accepts valid ones across 1000 mutations
[webhook] hmac_attempt outcome=missing_sig event=push deliveryId=nosig-150

stderr | tests/integration/webhook-signature-fuzz.test.ts > T-033 — webhook signature + replay fuzz (AC-US9-06, AC-NFR2-01) > 100% rejects bad inputs and accepts valid ones across 1000 mutations
[webhook] hmac_attempt outcome=missing_sig event=push deliveryId=nosig-151

stderr | tests/integration/webhook-signature-fuzz.test.ts > T-033 — webhook signature + replay fuzz (AC-US9-06, AC-NFR2-01) > 100% rejects bad inputs and accepts valid ones across 1000 mutations
[webhook] hmac_attempt outcome=missing_sig event=push deliveryId=nosig-152

stderr | tests/integration/webhook-signature-fuzz.test.ts > T-033 — webhook signature + replay fuzz (AC-US9-06, AC-NFR2-01) > 100% rejects bad inputs and accepts valid ones across 1000 mutations
[webhook] hmac_attempt outcome=missing_sig event=push deliveryId=nosig-153

stderr | tests/integration/webhook-signature-fuzz.test.ts > T-033 — webhook signature + replay fuzz (AC-US9-06, AC-NFR2-01) > 100% rejects bad inputs and accepts valid ones across 1000 mutations
[webhook] hmac_attempt outcome=missing_sig event=push deliveryId=nosig-154

stderr | tests/integration/webhook-signature-fuzz.test.ts > T-033 — webhook signature + replay fuzz (AC-US9-06, AC-NFR2-01) > 100% rejects bad inputs and accepts valid ones across 1000 mutations
[webhook] hmac_attempt outcome=missing_sig event=push deliveryId=nosig-155

stderr | tests/integration/webhook-signature-fuzz.test.ts > T-033 — webhook signature + replay fuzz (AC-US9-06, AC-NFR2-01) > 100% rejects bad inputs and accepts valid ones across 1000 mutations
[webhook] hmac_attempt outcome=missing_sig event=push deliveryId=nosig-156

stderr | tests/integration/webhook-signature-fuzz.test.ts > T-033 — webhook signature + replay fuzz (AC-US9-06, AC-NFR2-01) > 100% rejects bad inputs and accepts valid ones across 1000 mutations
[webhook] hmac_attempt outcome=missing_sig event=push deliveryId=nosig-157

stderr | tests/integration/webhook-signature-fuzz.test.ts > T-033 — webhook signature + replay fuzz (AC-US9-06, AC-NFR2-01) > 100% rejects bad inputs and accepts valid ones across 1000 mutations
[webhook] hmac_attempt outcome=missing_sig event=push deliveryId=nosig-158

stderr | tests/integration/webhook-signature-fuzz.test.ts > T-033 — webhook signature + replay fuzz (AC-US9-06, AC-NFR2-01) > 100% rejects bad inputs and accepts valid ones across 1000 mutations
[webhook] hmac_attempt outcome=missing_sig event=push deliveryId=nosig-159

stderr | tests/integration/webhook-signature-fuzz.test.ts > T-033 — webhook signature + replay fuzz (AC-US9-06, AC-NFR2-01) > 100% rejects bad inputs and accepts valid ones across 1000 mutations
[webhook] hmac_attempt outcome=missing_sig event=push deliveryId=nosig-160

stderr | tests/integration/webhook-signature-fuzz.test.ts > T-033 — webhook signature + replay fuzz (AC-US9-06, AC-NFR2-01) > 100% rejects bad inputs and accepts valid ones across 1000 mutations
[webhook] hmac_attempt outcome=missing_sig event=push deliveryId=nosig-161

stderr | tests/integration/webhook-signature-fuzz.test.ts > T-033 — webhook signature + replay fuzz (AC-US9-06, AC-NFR2-01) > 100% rejects bad inputs and accepts valid ones across 1000 mutations
[webhook] hmac_attempt outcome=missing_sig event=push deliveryId=nosig-162

stderr | tests/integration/webhook-signature-fuzz.test.ts > T-033 — webhook signature + replay fuzz (AC-US9-06, AC-NFR2-01) > 100% rejects bad inputs and accepts valid ones across 1000 mutations
[webhook] hmac_attempt outcome=missing_sig event=push deliveryId=nosig-163

stderr | tests/integration/webhook-signature-fuzz.test.ts > T-033 — webhook signature + replay fuzz (AC-US9-06, AC-NFR2-01) > 100% rejects bad inputs and accepts valid ones across 1000 mutations
[webhook] hmac_attempt outcome=missing_sig event=push deliveryId=nosig-164

stderr | tests/integration/webhook-signature-fuzz.test.ts > T-033 — webhook signature + replay fuzz (AC-US9-06, AC-NFR2-01) > 100% rejects bad inputs and accepts valid ones across 1000 mutations
[webhook] hmac_attempt outcome=missing_sig event=push deliveryId=nosig-165

stderr | tests/integration/webhook-signature-fuzz.test.ts > T-033 — webhook signature + replay fuzz (AC-US9-06, AC-NFR2-01) > 100% rejects bad inputs and accepts valid ones across 1000 mutations
[webhook] hmac_attempt outcome=missing_sig event=push deliveryId=nosig-166

stderr | tests/integration/webhook-signature-fuzz.test.ts > T-033 — webhook signature + replay fuzz (AC-US9-06, AC-NFR2-01) > 100% rejects bad inputs and accepts valid ones across 1000 mutations
[webhook] hmac_attempt outcome=missing_sig event=push deliveryId=nosig-167

stderr | tests/integration/webhook-signature-fuzz.test.ts > T-033 — webhook signature + replay fuzz (AC-US9-06, AC-NFR2-01) > 100% rejects bad inputs and accepts valid ones across 1000 mutations
[webhook] hmac_attempt outcome=missing_sig event=push deliveryId=nosig-168

stderr | tests/integration/webhook-signature-fuzz.test.ts > T-033 — webhook signature + replay fuzz (AC-US9-06, AC-NFR2-01) > 100% rejects bad inputs and accepts valid ones across 1000 mutations
[webhook] hmac_attempt outcome=missing_sig event=push deliveryId=nosig-169

stderr | tests/integration/webhook-signature-fuzz.test.ts > T-033 — webhook signature + replay fuzz (AC-US9-06, AC-NFR2-01) > 100% rejects bad inputs and accepts valid ones across 1000 mutations
[webhook] hmac_attempt outcome=missing_sig event=push deliveryId=nosig-170

stderr | tests/integration/webhook-signature-fuzz.test.ts > T-033 — webhook signature + replay fuzz (AC-US9-06, AC-NFR2-01) > 100% rejects bad inputs and accepts valid ones across 1000 mutations
[webhook] hmac_attempt outcome=missing_sig event=push deliveryId=nosig-171

stderr | tests/integration/webhook-signature-fuzz.test.ts > T-033 — webhook signature + replay fuzz (AC-US9-06, AC-NFR2-01) > 100% rejects bad inputs and accepts valid ones across 1000 mutations
[webhook] hmac_attempt outcome=missing_sig event=push deliveryId=nosig-172

stderr | tests/integration/webhook-signature-fuzz.test.ts > T-033 — webhook signature + replay fuzz (AC-US9-06, AC-NFR2-01) > 100% rejects bad inputs and accepts valid ones across 1000 mutations
[webhook] hmac_attempt outcome=missing_sig event=push deliveryId=nosig-173

stderr | tests/integration/webhook-signature-fuzz.test.ts > T-033 — webhook signature + replay fuzz (AC-US9-06, AC-NFR2-01) > 100% rejects bad inputs and accepts valid ones across 1000 mutations
[webhook] hmac_attempt outcome=missing_sig event=push deliveryId=nosig-174

stderr | tests/integration/webhook-signature-fuzz.test.ts > T-033 — webhook signature + replay fuzz (AC-US9-06, AC-NFR2-01) > 100% rejects bad inputs and accepts valid ones across 1000 mutations
[webhook] hmac_attempt outcome=missing_sig event=push deliveryId=nosig-175

stderr | tests/integration/webhook-signature-fuzz.test.ts > T-033 — webhook signature + replay fuzz (AC-US9-06, AC-NFR2-01) > 100% rejects bad inputs and accepts valid ones across 1000 mutations
[webhook] hmac_attempt outcome=missing_sig event=push deliveryId=nosig-176

stderr | tests/integration/webhook-signature-fuzz.test.ts > T-033 — webhook signature + replay fuzz (AC-US9-06, AC-NFR2-01) > 100% rejects bad inputs and accepts valid ones across 1000 mutations
[webhook] hmac_attempt outcome=missing_sig event=push deliveryId=nosig-177

stderr | tests/integration/webhook-signature-fuzz.test.ts > T-033 — webhook signature + replay fuzz (AC-US9-06, AC-NFR2-01) > 100% rejects bad inputs and accepts valid ones across 1000 mutations
[webhook] hmac_attempt outcome=missing_sig event=push deliveryId=nosig-178

stderr | tests/integration/webhook-signature-fuzz.test.ts > T-033 — webhook signature + replay fuzz (AC-US9-06, AC-NFR2-01) > 100% rejects bad inputs and accepts valid ones across 1000 mutations
[webhook] hmac_attempt outcome=missing_sig event=push deliveryId=nosig-179

stderr | tests/integration/webhook-signature-fuzz.test.ts > T-033 — webhook signature + replay fuzz (AC-US9-06, AC-NFR2-01) > 100% rejects bad inputs and accepts valid ones across 1000 mutations
[webhook] hmac_attempt outcome=missing_sig event=push deliveryId=nosig-180

stderr | tests/integration/webhook-signature-fuzz.test.ts > T-033 — webhook signature + replay fuzz (AC-US9-06, AC-NFR2-01) > 100% rejects bad inputs and accepts valid ones across 1000 mutations
[webhook] hmac_attempt outcome=missing_sig event=push deliveryId=nosig-181

stderr | tests/integration/webhook-signature-fuzz.test.ts > T-033 — webhook signature + replay fuzz (AC-US9-06, AC-NFR2-01) > 100% rejects bad inputs and accepts valid ones across 1000 mutations
[webhook] hmac_attempt outcome=missing_sig event=push deliveryId=nosig-182

stderr | tests/integration/webhook-signature-fuzz.test.ts > T-033 — webhook signature + replay fuzz (AC-US9-06, AC-NFR2-01) > 100% rejects bad inputs and accepts valid ones across 1000 mutations
[webhook] hmac_attempt outcome=missing_sig event=push deliveryId=nosig-183

stderr | tests/integration/webhook-signature-fuzz.test.ts > T-033 — webhook signature + replay fuzz (AC-US9-06, AC-NFR2-01) > 100% rejects bad inputs and accepts valid ones across 1000 mutations
[webhook] hmac_attempt outcome=missing_sig event=push deliveryId=nosig-184

stderr | tests/integration/webhook-signature-fuzz.test.ts > T-033 — webhook signature + replay fuzz (AC-US9-06, AC-NFR2-01) > 100% rejects bad inputs and accepts valid ones across 1000 mutations
[webhook] hmac_attempt outcome=missing_sig event=push deliveryId=nosig-185

stderr | tests/integration/webhook-signature-fuzz.test.ts > T-033 — webhook signature + replay fuzz (AC-US9-06, AC-NFR2-01) > 100% rejects bad inputs and accepts valid ones across 1000 mutations
[webhook] hmac_attempt outcome=missing_sig event=push deliveryId=nosig-186

stderr | tests/integration/webhook-signature-fuzz.test.ts > T-033 — webhook signature + replay fuzz (AC-US9-06, AC-NFR2-01) > 100% rejects bad inputs and accepts valid ones across 1000 mutations
[webhook] hmac_attempt outcome=missing_sig event=push deliveryId=nosig-187

stderr | tests/integration/webhook-signature-fuzz.test.ts > T-033 — webhook signature + replay fuzz (AC-US9-06, AC-NFR2-01) > 100% rejects bad inputs and accepts valid ones across 1000 mutations
[webhook] hmac_attempt outcome=missing_sig event=push deliveryId=nosig-188

stderr | tests/integration/webhook-signature-fuzz.test.ts > T-033 — webhook signature + replay fuzz (AC-US9-06, AC-NFR2-01) > 100% rejects bad inputs and accepts valid ones across 1000 mutations
[webhook] hmac_attempt outcome=missing_sig event=push deliveryId=nosig-189

stderr | tests/integration/webhook-signature-fuzz.test.ts > T-033 — webhook signature + replay fuzz (AC-US9-06, AC-NFR2-01) > 100% rejects bad inputs and accepts valid ones across 1000 mutations
[webhook] hmac_attempt outcome=missing_sig event=push deliveryId=nosig-190

stderr | tests/integration/webhook-signature-fuzz.test.ts > T-033 — webhook signature + replay fuzz (AC-US9-06, AC-NFR2-01) > 100% rejects bad inputs and accepts valid ones across 1000 mutations
[webhook] hmac_attempt outcome=missing_sig event=push deliveryId=nosig-191

stderr | tests/integration/webhook-signature-fuzz.test.ts > T-033 — webhook signature + replay fuzz (AC-US9-06, AC-NFR2-01) > 100% rejects bad inputs and accepts valid ones across 1000 mutations
[webhook] hmac_attempt outcome=missing_sig event=push deliveryId=nosig-192

stderr | tests/integration/webhook-signature-fuzz.test.ts > T-033 — webhook signature + replay fuzz (AC-US9-06, AC-NFR2-01) > 100% rejects bad inputs and accepts valid ones across 1000 mutations
[webhook] hmac_attempt outcome=missing_sig event=push deliveryId=nosig-193

stderr | tests/integration/webhook-signature-fuzz.test.ts > T-033 — webhook signature + replay fuzz (AC-US9-06, AC-NFR2-01) > 100% rejects bad inputs and accepts valid ones across 1000 mutations
[webhook] hmac_attempt outcome=missing_sig event=push deliveryId=nosig-194

stderr | tests/integration/webhook-signature-fuzz.test.ts > T-033 — webhook signature + replay fuzz (AC-US9-06, AC-NFR2-01) > 100% rejects bad inputs and accepts valid ones across 1000 mutations
[webhook] hmac_attempt outcome=missing_sig event=push deliveryId=nosig-195

stderr | tests/integration/webhook-signature-fuzz.test.ts > T-033 — webhook signature + replay fuzz (AC-US9-06, AC-NFR2-01) > 100% rejects bad inputs and accepts valid ones across 1000 mutations
[webhook] hmac_attempt outcome=missing_sig event=push deliveryId=nosig-196

stderr | tests/integration/webhook-signature-fuzz.test.ts > T-033 — webhook signature + replay fuzz (AC-US9-06, AC-NFR2-01) > 100% rejects bad inputs and accepts valid ones across 1000 mutations
[webhook] hmac_attempt outcome=missing_sig event=push deliveryId=nosig-197

stderr | tests/integration/webhook-signature-fuzz.test.ts > T-033 — webhook signature + replay fuzz (AC-US9-06, AC-NFR2-01) > 100% rejects bad inputs and accepts valid ones across 1000 mutations
[webhook] hmac_attempt outcome=missing_sig event=push deliveryId=nosig-198

stderr | tests/integration/webhook-signature-fuzz.test.ts > T-033 — webhook signature + replay fuzz (AC-US9-06, AC-NFR2-01) > 100% rejects bad inputs and accepts valid ones across 1000 mutations
[webhook] hmac_attempt outcome=missing_sig event=push deliveryId=nosig-199

stderr | tests/integration/webhook-signature-fuzz.test.ts > T-033 — webhook signature + replay fuzz (AC-US9-06, AC-NFR2-01) > 100% rejects bad inputs and accepts valid ones across 1000 mutations
[webhook] hmac_attempt outcome=fail event=push deliveryId=malformed-0

stderr | tests/integration/webhook-signature-fuzz.test.ts > T-033 — webhook signature + replay fuzz (AC-US9-06, AC-NFR2-01) > 100% rejects bad inputs and accepts valid ones across 1000 mutations
[webhook] hmac_attempt outcome=fail event=push deliveryId=malformed-1

stderr | tests/integration/webhook-signature-fuzz.test.ts > T-033 — webhook signature + replay fuzz (AC-US9-06, AC-NFR2-01) > 100% rejects bad inputs and accepts valid ones across 1000 mutations
[webhook] hmac_attempt outcome=fail event=push deliveryId=malformed-2

stderr | tests/integration/webhook-signature-fuzz.test.ts > T-033 — webhook signature + replay fuzz (AC-US9-06, AC-NFR2-01) > 100% rejects bad inputs and accepts valid ones across 1000 mutations
[webhook] hmac_attempt outcome=fail event=push deliveryId=malformed-3

stderr | tests/integration/webhook-signature-fuzz.test.ts > T-033 — webhook signature + replay fuzz (AC-US9-06, AC-NFR2-01) > 100% rejects bad inputs and accepts valid ones across 1000 mutations
[webhook] hmac_attempt outcome=fail event=push deliveryId=malformed-4

stderr | tests/integration/webhook-signature-fuzz.test.ts > T-033 — webhook signature + replay fuzz (AC-US9-06, AC-NFR2-01) > 100% rejects bad inputs and accepts valid ones across 1000 mutations
[webhook] hmac_attempt outcome=fail event=push deliveryId=malformed-5

stderr | tests/integration/webhook-signature-fuzz.test.ts > T-033 — webhook signature + replay fuzz (AC-US9-06, AC-NFR2-01) > 100% rejects bad inputs and accepts valid ones across 1000 mutations
[webhook] hmac_attempt outcome=fail event=push deliveryId=malformed-6

stderr | tests/integration/webhook-signature-fuzz.test.ts > T-033 — webhook signature + replay fuzz (AC-US9-06, AC-NFR2-01) > 100% rejects bad inputs and accepts valid ones across 1000 mutations
[webhook] hmac_attempt outcome=fail event=push deliveryId=malformed-7

stderr | tests/integration/webhook-signature-fuzz.test.ts > T-033 — webhook signature + replay fuzz (AC-US9-06, AC-NFR2-01) > 100% rejects bad inputs and accepts valid ones across 1000 mutations
[webhook] hmac_attempt outcome=fail event=push deliveryId=malformed-8

stderr | tests/integration/webhook-signature-fuzz.test.ts > T-033 — webhook signature + replay fuzz (AC-US9-06, AC-NFR2-01) > 100% rejects bad inputs and accepts valid ones across 1000 mutations
[webhook] hmac_attempt outcome=fail event=push deliveryId=malformed-9

stderr | tests/integration/webhook-signature-fuzz.test.ts > T-033 — webhook signature + replay fuzz (AC-US9-06, AC-NFR2-01) > 100% rejects bad inputs and accepts valid ones across 1000 mutations
[webhook] hmac_attempt outcome=fail event=push deliveryId=malformed-10

stderr | tests/integration/webhook-signature-fuzz.test.ts > T-033 — webhook signature + replay fuzz (AC-US9-06, AC-NFR2-01) > 100% rejects bad inputs and accepts valid ones across 1000 mutations
[webhook] hmac_attempt outcome=fail event=push deliveryId=malformed-11

stderr | tests/integration/webhook-signature-fuzz.test.ts > T-033 — webhook signature + replay fuzz (AC-US9-06, AC-NFR2-01) > 100% rejects bad inputs and accepts valid ones across 1000 mutations
[webhook] hmac_attempt outcome=fail event=push deliveryId=malformed-12

stderr | tests/integration/webhook-signature-fuzz.test.ts > T-033 — webhook signature + replay fuzz (AC-US9-06, AC-NFR2-01) > 100% rejects bad inputs and accepts valid ones across 1000 mutations
[webhook] hmac_attempt outcome=fail event=push deliveryId=malformed-13

stderr | tests/integration/webhook-signature-fuzz.test.ts > T-033 — webhook signature + replay fuzz (AC-US9-06, AC-NFR2-01) > 100% rejects bad inputs and accepts valid ones across 1000 mutations
[webhook] hmac_attempt outcome=fail event=push deliveryId=malformed-14

stderr | tests/integration/webhook-signature-fuzz.test.ts > T-033 — webhook signature + replay fuzz (AC-US9-06, AC-NFR2-01) > 100% rejects bad inputs and accepts valid ones across 1000 mutations
[webhook] hmac_attempt outcome=fail event=push deliveryId=malformed-15

stderr | tests/integration/webhook-signature-fuzz.test.ts > T-033 — webhook signature + replay fuzz (AC-US9-06, AC-NFR2-01) > 100% rejects bad inputs and accepts valid ones across 1000 mutations
[webhook] hmac_attempt outcome=fail event=push deliveryId=malformed-16

stderr | src/lib/__tests__/submission-store.test.ts > publishSkill — pluginName (0451) > updates pluginName on re-publish (upsert update branch)
[publishSkill] SkillVersion creation failed for sub_6169b618-debd-41da-8bad-2cf9242a77ee: DegradedDataError: Refusing to persist SkillVersion for skill undefined (submission sub_6169b618-debd-41da-8bad-2cf9242a77ee): missing contentHash + content. scan.contentHash was empty and skillmd:sub_6169b618-debd-41da-8bad-2cf9242a77ee is unavailable — re-trigger scan before republishing.
    at /Users/antonabyzov/Projects/github/specweave-umb/repositories/anton-abyzov/0874-intake-identity/src/lib/submission/publish.ts:723:17
    at processTicksAndRejections (node:internal/process/task_queues:105:5) {
  code: 'degraded_data',
  skillId: undefined,
  submissionId: 'sub_6169b618-debd-41da-8bad-2cf9242a77ee',
  missing: { contentHash: true, content: true }
}
[publishSkill] skipping post-write steps for submission sub_6169b618-debd-41da-8bad-2cf9242a77ee — no SkillVersion row was written.

stderr | tests/integration/webhook-signature-fuzz.test.ts > T-033 — webhook signature + replay fuzz (AC-US9-06, AC-NFR2-01) > 100% rejects bad inputs and accepts valid ones across 1000 mutations
[webhook] hmac_attempt outcome=fail event=push deliveryId=malformed-17

 ✓ src/lib/__tests__/submission-store.test.ts (35 tests) 1339ms
   ✓ publishSkill + resolveSlug hierarchical naming (0292/0444) > TC-004: publishes with hierarchical slug (owner/repo/skillSlug)  459ms
stderr | tests/integration/webhook-signature-fuzz.test.ts > T-033 — webhook signature + replay fuzz (AC-US9-06, AC-NFR2-01) > 100% rejects bad inputs and accepts valid ones across 1000 mutations
[webhook] hmac_attempt outcome=fail event=push deliveryId=malformed-18

stderr | tests/integration/webhook-signature-fuzz.test.ts > T-033 — webhook signature + replay fuzz (AC-US9-06, AC-NFR2-01) > 100% rejects bad inputs and accepts valid ones across 1000 mutations
[webhook] hmac_attempt outcome=fail event=push deliveryId=malformed-19

stderr | tests/integration/webhook-signature-fuzz.test.ts > T-033 — webhook signature + replay fuzz (AC-US9-06, AC-NFR2-01) > 100% rejects bad inputs and accepts valid ones across 1000 mutations
[webhook] hmac_attempt outcome=fail event=push deliveryId=malformed-20

stderr | tests/integration/webhook-signature-fuzz.test.ts > T-033 — webhook signature + replay fuzz (AC-US9-06, AC-NFR2-01) > 100% rejects bad inputs and accepts valid ones across 1000 mutations
[webhook] hmac_attempt outcome=fail event=push deliveryId=malformed-21

stderr | tests/integration/webhook-signature-fuzz.test.ts > T-033 — webhook signature + replay fuzz (AC-US9-06, AC-NFR2-01) > 100% rejects bad inputs and accepts valid ones across 1000 mutations
[webhook] hmac_attempt outcome=fail event=push deliveryId=malformed-22

stderr | tests/integration/webhook-signature-fuzz.test.ts > T-033 — webhook signature + replay fuzz (AC-US9-06, AC-NFR2-01) > 100% rejects bad inputs and accepts valid ones across 1000 mutations
[webhook] hmac_attempt outcome=fail event=push deliveryId=malformed-23

stderr | src/lib/__tests__/publish-db-only.test.ts > publishSkill — DB-only flow > certScore is null when no scan result
[publishSkill] SkillVersion creation failed for sub_test-publish-001: DegradedDataError: Refusing to persist SkillVersion for skill sk_test (submission sub_test-publish-001): missing contentHash + content. scan.contentHash was empty and skillmd:sub_test-publish-001 is unavailable — re-trigger scan before republishing.
    at /Users/antonabyzov/Projects/github/specweave-umb/repositories/anton-abyzov/0874-intake-identity/src/lib/submission/publish.ts:723:17
    at Object.<anonymous> (/Users/antonabyzov/Projects/github/specweave-umb/repositories/anton-abyzov/0874-intake-identity/src/lib/__tests__/publish-db-only.test.ts:37:48)
    at Object.mockCall (file:///Users/antonabyzov/Projects/github/specweave-umb/repositories/anton-abyzov/0874-bulk-request-memory/node_modules/@vitest/spy/dist/index.js:96:15)
    at Object.spy [as $transaction] (file:///Users/antonabyzov/Projects/github/specweave-umb/repositories/anton-abyzov/0874-bulk-request-memory/node_modules/tinyspy/dist/index.js:47:80)
    at publishSkill (/Users/antonabyzov/Projects/github/specweave-umb/repositories/anton-abyzov/0874-intake-identity/src/lib/submission/publish.ts:693:16)
    at processTicksAndRejections (node:internal/process/task_queues:105:5)
    at /Users/antonabyzov/Projects/github/specweave-umb/repositories/anton-abyzov/0874-intake-identity/src/lib/__tests__/publish-db-only.test.ts:277:5
    at file:///Users/antonabyzov/Projects/github/specweave-umb/repositories/anton-abyzov/0874-bulk-request-memory/node_modules/@vitest/runner/dist/chunk-hooks.js:752:20 {
  code: 'degraded_data',
  skillId: 'sk_test',
  submissionId: 'sub_test-publish-001',
  missing: { contentHash: true, content: true }
}
[publishSkill] skipping post-write steps for submission sub_test-publish-001 — no SkillVersion row was written.

stderr | tests/integration/webhook-signature-fuzz.test.ts > T-033 — webhook signature + replay fuzz (AC-US9-06, AC-NFR2-01) > 100% rejects bad inputs and accepts valid ones across 1000 mutations
[webhook] hmac_attempt outcome=fail event=push deliveryId=malformed-24

stderr | tests/integration/webhook-signature-fuzz.test.ts > T-033 — webhook signature + replay fuzz (AC-US9-06, AC-NFR2-01) > 100% rejects bad inputs and accepts valid ones across 1000 mutations
[webhook] hmac_attempt outcome=fail event=push deliveryId=malformed-25

stderr | tests/integration/webhook-signature-fuzz.test.ts > T-033 — webhook signature + replay fuzz (AC-US9-06, AC-NFR2-01) > 100% rejects bad inputs and accepts valid ones across 1000 mutations
[webhook] hmac_attempt outcome=fail event=push deliveryId=malformed-26

stderr | tests/integration/webhook-signature-fuzz.test.ts > T-033 — webhook signature + replay fuzz (AC-US9-06, AC-NFR2-01) > 100% rejects bad inputs and accepts valid ones across 1000 mutations
[webhook] hmac_attempt outcome=fail event=push deliveryId=malformed-27

stderr | tests/integration/webhook-signature-fuzz.test.ts > T-033 — webhook signature + replay fuzz (AC-US9-06, AC-NFR2-01) > 100% rejects bad inputs and accepts valid ones across 1000 mutations
[webhook] hmac_attempt outcome=fail event=push deliveryId=malformed-28

stderr | tests/integration/webhook-signature-fuzz.test.ts > T-033 — webhook signature + replay fuzz (AC-US9-06, AC-NFR2-01) > 100% rejects bad inputs and accepts valid ones across 1000 mutations
[webhook] hmac_attempt outcome=fail event=push deliveryId=malformed-29

stderr | tests/integration/webhook-signature-fuzz.test.ts > T-033 — webhook signature + replay fuzz (AC-US9-06, AC-NFR2-01) > 100% rejects bad inputs and accepts valid ones across 1000 mutations
[webhook] hmac_attempt outcome=fail event=push deliveryId=malformed-30

stderr | tests/integration/webhook-signature-fuzz.test.ts > T-033 — webhook signature + replay fuzz (AC-US9-06, AC-NFR2-01) > 100% rejects bad inputs and accepts valid ones across 1000 mutations
[webhook] hmac_attempt outcome=fail event=push deliveryId=malformed-31

 ✓ src/remotion/__tests__/scripts-integrity.test.ts (20 tests) 1157ms
   ✓ Watch scripts integrity (AC-US3-02, AC-US4-01) > slug: skills-manager-overview > exports SKILLS_MANAGER_SCRIPT as a non-empty array  742ms
stderr | tests/integration/webhook-signature-fuzz.test.ts > T-033 — webhook signature + replay fuzz (AC-US9-06, AC-NFR2-01) > 100% rejects bad inputs and accepts valid ones across 1000 mutations
[webhook] hmac_attempt outcome=fail event=push deliveryId=malformed-32

stderr | tests/integration/webhook-signature-fuzz.test.ts > T-033 — webhook signature + replay fuzz (AC-US9-06, AC-NFR2-01) > 100% rejects bad inputs and accepts valid ones across 1000 mutations
[webhook] hmac_attempt outcome=fail event=push deliveryId=malformed-33

stderr | tests/integration/webhook-signature-fuzz.test.ts > T-033 — webhook signature + replay fuzz (AC-US9-06, AC-NFR2-01) > 100% rejects bad inputs and accepts valid ones across 1000 mutations
[webhook] hmac_attempt outcome=fail event=push deliveryId=malformed-34

stderr | tests/integration/webhook-signature-fuzz.test.ts > T-033 — webhook signature + replay fuzz (AC-US9-06, AC-NFR2-01) > 100% rejects bad inputs and accepts valid ones across 1000 mutations
[webhook] hmac_attempt outcome=fail event=push deliveryId=malformed-35

stderr | tests/integration/webhook-signature-fuzz.test.ts > T-033 — webhook signature + replay fuzz (AC-US9-06, AC-NFR2-01) > 100% rejects bad inputs and accepts valid ones across 1000 mutations
[webhook] hmac_attempt outcome=fail event=push deliveryId=malformed-36

stderr | tests/integration/webhook-signature-fuzz.test.ts > T-033 — webhook signature + replay fuzz (AC-US9-06, AC-NFR2-01) > 100% rejects bad inputs and accepts valid ones across 1000 mutations
[webhook] hmac_attempt outcome=fail event=push deliveryId=malformed-37

stderr | tests/integration/webhook-signature-fuzz.test.ts > T-033 — webhook signature + replay fuzz (AC-US9-06, AC-NFR2-01) > 100% rejects bad inputs and accepts valid ones across 1000 mutations
[webhook] hmac_attempt outcome=fail event=push deliveryId=malformed-38

stderr | tests/integration/webhook-signature-fuzz.test.ts > T-033 — webhook signature + replay fuzz (AC-US9-06, AC-NFR2-01) > 100% rejects bad inputs and accepts valid ones across 1000 mutations
[webhook] hmac_attempt outcome=fail event=push deliveryId=malformed-39

stderr | tests/integration/webhook-signature-fuzz.test.ts > T-033 — webhook signature + replay fuzz (AC-US9-06, AC-NFR2-01) > 100% rejects bad inputs and accepts valid ones across 1000 mutations
[webhook] hmac_attempt outcome=fail event=push deliveryId=malformed-40

stderr | tests/integration/webhook-signature-fuzz.test.ts > T-033 — webhook signature + replay fuzz (AC-US9-06, AC-NFR2-01) > 100% rejects bad inputs and accepts valid ones across 1000 mutations
[webhook] hmac_attempt outcome=fail event=push deliveryId=malformed-41

stderr | tests/integration/webhook-signature-fuzz.test.ts > T-033 — webhook signature + replay fuzz (AC-US9-06, AC-NFR2-01) > 100% rejects bad inputs and accepts valid ones across 1000 mutations
[webhook] hmac_attempt outcome=fail event=push deliveryId=malformed-42

stderr | tests/integration/webhook-signature-fuzz.test.ts > T-033 — webhook signature + replay fuzz (AC-US9-06, AC-NFR2-01) > 100% rejects bad inputs and accepts valid ones across 1000 mutations
[webhook] hmac_attempt outcome=fail event=push deliveryId=malformed-43

stderr | tests/integration/webhook-signature-fuzz.test.ts > T-033 — webhook signature + replay fuzz (AC-US9-06, AC-NFR2-01) > 100% rejects bad inputs and accepts valid ones across 1000 mutations
[webhook] hmac_attempt outcome=fail event=push deliveryId=malformed-44

stderr | tests/integration/webhook-signature-fuzz.test.ts > T-033 — webhook signature + replay fuzz (AC-US9-06, AC-NFR2-01) > 100% rejects bad inputs and accepts valid ones across 1000 mutations
[webhook] hmac_attempt outcome=fail event=push deliveryId=malformed-45

stderr | tests/integration/webhook-signature-fuzz.test.ts > T-033 — webhook signature + replay fuzz (AC-US9-06, AC-NFR2-01) > 100% rejects bad inputs and accepts valid ones across 1000 mutations
[webhook] hmac_attempt outcome=fail event=push deliveryId=malformed-46

stderr | tests/integration/webhook-signature-fuzz.test.ts > T-033 — webhook signature + replay fuzz (AC-US9-06, AC-NFR2-01) > 100% rejects bad inputs and accepts valid ones across 1000 mutations
[webhook] hmac_attempt outcome=fail event=push deliveryId=malformed-47

stderr | tests/integration/webhook-signature-fuzz.test.ts > T-033 — webhook signature + replay fuzz (AC-US9-06, AC-NFR2-01) > 100% rejects bad inputs and accepts valid ones across 1000 mutations
[webhook] hmac_attempt outcome=fail event=push deliveryId=malformed-48

stderr | tests/integration/webhook-signature-fuzz.test.ts > T-033 — webhook signature + replay fuzz (AC-US9-06, AC-NFR2-01) > 100% rejects bad inputs and accepts valid ones across 1000 mutations
[webhook] hmac_attempt outcome=fail event=push deliveryId=malformed-49

stderr | tests/integration/webhook-signature-fuzz.test.ts > T-033 — webhook signature + replay fuzz (AC-US9-06, AC-NFR2-01) > 100% rejects bad inputs and accepts valid ones across 1000 mutations
[webhook] hmac_attempt outcome=fail event=push deliveryId=malformed-50

stderr | tests/integration/webhook-signature-fuzz.test.ts > T-033 — webhook signature + replay fuzz (AC-US9-06, AC-NFR2-01) > 100% rejects bad inputs and accepts valid ones across 1000 mutations
[webhook] hmac_attempt outcome=fail event=push deliveryId=malformed-51

stderr | tests/integration/webhook-signature-fuzz.test.ts > T-033 — webhook signature + replay fuzz (AC-US9-06, AC-NFR2-01) > 100% rejects bad inputs and accepts valid ones across 1000 mutations
[webhook] hmac_attempt outcome=fail event=push deliveryId=malformed-52

stderr | tests/integration/webhook-signature-fuzz.test.ts > T-033 — webhook signature + replay fuzz (AC-US9-06, AC-NFR2-01) > 100% rejects bad inputs and accepts valid ones across 1000 mutations
[webhook] hmac_attempt outcome=fail event=push deliveryId=malformed-53

stderr | tests/integration/webhook-signature-fuzz.test.ts > T-033 — webhook signature + replay fuzz (AC-US9-06, AC-NFR2-01) > 100% rejects bad inputs and accepts valid ones across 1000 mutations
[webhook] hmac_attempt outcome=fail event=push deliveryId=malformed-54

stderr | tests/integration/webhook-signature-fuzz.test.ts > T-033 — webhook signature + replay fuzz (AC-US9-06, AC-NFR2-01) > 100% rejects bad inputs and accepts valid ones across 1000 mutations
[webhook] hmac_attempt outcome=fail event=push deliveryId=malformed-55

stderr | tests/integration/webhook-signature-fuzz.test.ts > T-033 — webhook signature + replay fuzz (AC-US9-06, AC-NFR2-01) > 100% rejects bad inputs and accepts valid ones across 1000 mutations
[webhook] hmac_attempt outcome=fail event=push deliveryId=malformed-56

stderr | tests/integration/webhook-signature-fuzz.test.ts > T-033 — webhook signature + replay fuzz (AC-US9-06, AC-NFR2-01) > 100% rejects bad inputs and accepts valid ones across 1000 mutations
[webhook] hmac_attempt outcome=fail event=push deliveryId=malformed-57

stderr | tests/integration/webhook-signature-fuzz.test.ts > T-033 — webhook signature + replay fuzz (AC-US9-06, AC-NFR2-01) > 100% rejects bad inputs and accepts valid ones across 1000 mutations
[webhook] hmac_attempt outcome=fail event=push deliveryId=malformed-58

stderr | tests/integration/webhook-signature-fuzz.test.ts > T-033 — webhook signature + replay fuzz (AC-US9-06, AC-NFR2-01) > 100% rejects bad inputs and accepts valid ones across 1000 mutations
[webhook] hmac_attempt outcome=fail event=push deliveryId=malformed-59

stderr | tests/integration/webhook-signature-fuzz.test.ts > T-033 — webhook signature + replay fuzz (AC-US9-06, AC-NFR2-01) > 100% rejects bad inputs and accepts valid ones across 1000 mutations
[webhook] hmac_attempt outcome=fail event=push deliveryId=malformed-60

stderr | tests/integration/webhook-signature-fuzz.test.ts > T-033 — webhook signature + replay fuzz (AC-US9-06, AC-NFR2-01) > 100% rejects bad inputs and accepts valid ones across 1000 mutations
[webhook] hmac_attempt outcome=fail event=push deliveryId=malformed-61

stderr | tests/integration/webhook-signature-fuzz.test.ts > T-033 — webhook signature + replay fuzz (AC-US9-06, AC-NFR2-01) > 100% rejects bad inputs and accepts valid ones across 1000 mutations
[webhook] hmac_attempt outcome=fail event=push deliveryId=malformed-62

stderr | tests/integration/webhook-signature-fuzz.test.ts > T-033 — webhook signature + replay fuzz (AC-US9-06, AC-NFR2-01) > 100% rejects bad inputs and accepts valid ones across 1000 mutations
[webhook] hmac_attempt outcome=fail event=push deliveryId=malformed-63

stderr | tests/integration/webhook-signature-fuzz.test.ts > T-033 — webhook signature + replay fuzz (AC-US9-06, AC-NFR2-01) > 100% rejects bad inputs and accepts valid ones across 1000 mutations
[webhook] hmac_attempt outcome=fail event=push deliveryId=malformed-64

stderr | tests/integration/webhook-signature-fuzz.test.ts > T-033 — webhook signature + replay fuzz (AC-US9-06, AC-NFR2-01) > 100% rejects bad inputs and accepts valid ones across 1000 mutations
[webhook] hmac_attempt outcome=fail event=push deliveryId=malformed-65

stderr | tests/integration/webhook-signature-fuzz.test.ts > T-033 — webhook signature + replay fuzz (AC-US9-06, AC-NFR2-01) > 100% rejects bad inputs and accepts valid ones across 1000 mutations
[webhook] hmac_attempt outcome=fail event=push deliveryId=malformed-66

stderr | tests/integration/webhook-signature-fuzz.test.ts > T-033 — webhook signature + replay fuzz (AC-US9-06, AC-NFR2-01) > 100% rejects bad inputs and accepts valid ones across 1000 mutations
[webhook] hmac_attempt outcome=fail event=push deliveryId=malformed-67

stderr | tests/integration/webhook-signature-fuzz.test.ts > T-033 — webhook signature + replay fuzz (AC-US9-06, AC-NFR2-01) > 100% rejects bad inputs and accepts valid ones across 1000 mutations
[webhook] hmac_attempt outcome=fail event=push deliveryId=malformed-68

stderr | tests/integration/webhook-signature-fuzz.test.ts > T-033 — webhook signature + replay fuzz (AC-US9-06, AC-NFR2-01) > 100% rejects bad inputs and accepts valid ones across 1000 mutations
[webhook] hmac_attempt outcome=fail event=push deliveryId=malformed-69

stderr | tests/integration/webhook-signature-fuzz.test.ts > T-033 — webhook signature + replay fuzz (AC-US9-06, AC-NFR2-01) > 100% rejects bad inputs and accepts valid ones across 1000 mutations
[webhook] hmac_attempt outcome=fail event=push deliveryId=malformed-70

stderr | tests/integration/webhook-signature-fuzz.test.ts > T-033 — webhook signature + replay fuzz (AC-US9-06, AC-NFR2-01) > 100% rejects bad inputs and accepts valid ones across 1000 mutations
[webhook] hmac_attempt outcome=fail event=push deliveryId=malformed-71

stderr | tests/integration/webhook-signature-fuzz.test.ts > T-033 — webhook signature + replay fuzz (AC-US9-06, AC-NFR2-01) > 100% rejects bad inputs and accepts valid ones across 1000 mutations
[webhook] hmac_attempt outcome=fail event=push deliveryId=malformed-72

stderr | tests/integration/webhook-signature-fuzz.test.ts > T-033 — webhook signature + replay fuzz (AC-US9-06, AC-NFR2-01) > 100% rejects bad inputs and accepts valid ones across 1000 mutations
[webhook] hmac_attempt outcome=fail event=push deliveryId=malformed-73

stderr | tests/integration/webhook-signature-fuzz.test.ts > T-033 — webhook signature + replay fuzz (AC-US9-06, AC-NFR2-01) > 100% rejects bad inputs and accepts valid ones across 1000 mutations
[webhook] hmac_attempt outcome=fail event=push deliveryId=malformed-74

stderr | tests/integration/webhook-signature-fuzz.test.ts > T-033 — webhook signature + replay fuzz (AC-US9-06, AC-NFR2-01) > 100% rejects bad inputs and accepts valid ones across 1000 mutations
[webhook] hmac_attempt outcome=fail event=push deliveryId=malformed-75

stderr | tests/integration/webhook-signature-fuzz.test.ts > T-033 — webhook signature + replay fuzz (AC-US9-06, AC-NFR2-01) > 100% rejects bad inputs and accepts valid ones across 1000 mutations
[webhook] hmac_attempt outcome=fail event=push deliveryId=malformed-76

stderr | tests/integration/webhook-signature-fuzz.test.ts > T-033 — webhook signature + replay fuzz (AC-US9-06, AC-NFR2-01) > 100% rejects bad inputs and accepts valid ones across 1000 mutations
[webhook] hmac_attempt outcome=fail event=push deliveryId=malformed-77

stderr | tests/integration/webhook-signature-fuzz.test.ts > T-033 — webhook signature + replay fuzz (AC-US9-06, AC-NFR2-01) > 100% rejects bad inputs and accepts valid ones across 1000 mutations
[webhook] hmac_attempt outcome=fail event=push deliveryId=malformed-78

stderr | tests/integration/webhook-signature-fuzz.test.ts > T-033 — webhook signature + replay fuzz (AC-US9-06, AC-NFR2-01) > 100% rejects bad inputs and accepts valid ones across 1000 mutations
[webhook] hmac_attempt outcome=fail event=push deliveryId=malformed-79

stderr | tests/integration/webhook-signature-fuzz.test.ts > T-033 — webhook signature + replay fuzz (AC-US9-06, AC-NFR2-01) > 100% rejects bad inputs and accepts valid ones across 1000 mutations
[webhook] hmac_attempt outcome=fail event=push deliveryId=malformed-80

stderr | tests/integration/webhook-signature-fuzz.test.ts > T-033 — webhook signature + replay fuzz (AC-US9-06, AC-NFR2-01) > 100% rejects bad inputs and accepts valid ones across 1000 mutations
[webhook] hmac_attempt outcome=fail event=push deliveryId=malformed-81

stderr | tests/integration/webhook-signature-fuzz.test.ts > T-033 — webhook signature + replay fuzz (AC-US9-06, AC-NFR2-01) > 100% rejects bad inputs and accepts valid ones across 1000 mutations
[webhook] hmac_attempt outcome=fail event=push deliveryId=malformed-82

stderr | tests/integration/webhook-signature-fuzz.test.ts > T-033 — webhook signature + replay fuzz (AC-US9-06, AC-NFR2-01) > 100% rejects bad inputs and accepts valid ones across 1000 mutations
[webhook] hmac_attempt outcome=fail event=push deliveryId=malformed-83

stderr | tests/integration/webhook-signature-fuzz.test.ts > T-033 — webhook signature + replay fuzz (AC-US9-06, AC-NFR2-01) > 100% rejects bad inputs and accepts valid ones across 1000 mutations
[webhook] hmac_attempt outcome=fail event=push deliveryId=malformed-84

 ✓ tests/integration/deploy-vm-env-guard.test.ts (9 tests) 340ms
stderr | tests/integration/webhook-signature-fuzz.test.ts > T-033 — webhook signature + replay fuzz (AC-US9-06, AC-NFR2-01) > 100% rejects bad inputs and accepts valid ones across 1000 mutations
[webhook] hmac_attempt outcome=fail event=push deliveryId=malformed-85

stderr | tests/integration/webhook-signature-fuzz.test.ts > T-033 — webhook signature + replay fuzz (AC-US9-06, AC-NFR2-01) > 100% rejects bad inputs and accepts valid ones across 1000 mutations
[webhook] hmac_attempt outcome=fail event=push deliveryId=malformed-86

stderr | tests/integration/webhook-signature-fuzz.test.ts > T-033 — webhook signature + replay fuzz (AC-US9-06, AC-NFR2-01) > 100% rejects bad inputs and accepts valid ones across 1000 mutations
[webhook] hmac_attempt outcome=fail event=push deliveryId=malformed-87

stderr | tests/integration/webhook-signature-fuzz.test.ts > T-033 — webhook signature + replay fuzz (AC-US9-06, AC-NFR2-01) > 100% rejects bad inputs and accepts valid ones across 1000 mutations
[webhook] hmac_attempt outcome=fail event=push deliveryId=malformed-88

stderr | tests/integration/webhook-signature-fuzz.test.ts > T-033 — webhook signature + replay fuzz (AC-US9-06, AC-NFR2-01) > 100% rejects bad inputs and accepts valid ones across 1000 mutations
[webhook] hmac_attempt outcome=fail event=push deliveryId=malformed-89

stderr | tests/integration/webhook-signature-fuzz.test.ts > T-033 — webhook signature + replay fuzz (AC-US9-06, AC-NFR2-01) > 100% rejects bad inputs and accepts valid ones across 1000 mutations
[webhook] hmac_attempt outcome=fail event=push deliveryId=malformed-90

stderr | tests/integration/webhook-signature-fuzz.test.ts > T-033 — webhook signature + replay fuzz (AC-US9-06, AC-NFR2-01) > 100% rejects bad inputs and accepts valid ones across 1000 mutations
[webhook] hmac_attempt outcome=fail event=push deliveryId=malformed-91

stderr | tests/integration/webhook-signature-fuzz.test.ts > T-033 — webhook signature + replay fuzz (AC-US9-06, AC-NFR2-01) > 100% rejects bad inputs and accepts valid ones across 1000 mutations
[webhook] hmac_attempt outcome=fail event=push deliveryId=malformed-92

stderr | tests/integration/webhook-signature-fuzz.test.ts > T-033 — webhook signature + replay fuzz (AC-US9-06, AC-NFR2-01) > 100% rejects bad inputs and accepts valid ones across 1000 mutations
[webhook] hmac_attempt outcome=fail event=push deliveryId=malformed-93

stderr | tests/integration/webhook-signature-fuzz.test.ts > T-033 — webhook signature + replay fuzz (AC-US9-06, AC-NFR2-01) > 100% rejects bad inputs and accepts valid ones across 1000 mutations
[webhook] hmac_attempt outcome=fail event=push deliveryId=malformed-94

stderr | tests/integration/webhook-signature-fuzz.test.ts > T-033 — webhook signature + replay fuzz (AC-US9-06, AC-NFR2-01) > 100% rejects bad inputs and accepts valid ones across 1000 mutations
[webhook] hmac_attempt outcome=fail event=push deliveryId=malformed-95

stderr | tests/integration/webhook-signature-fuzz.test.ts > T-033 — webhook signature + replay fuzz (AC-US9-06, AC-NFR2-01) > 100% rejects bad inputs and accepts valid ones across 1000 mutations
[webhook] hmac_attempt outcome=fail event=push deliveryId=malformed-96

stderr | tests/integration/webhook-signature-fuzz.test.ts > T-033 — webhook signature + replay fuzz (AC-US9-06, AC-NFR2-01) > 100% rejects bad inputs and accepts valid ones across 1000 mutations
[webhook] hmac_attempt outcome=fail event=push deliveryId=malformed-97

stderr | tests/integration/webhook-signature-fuzz.test.ts > T-033 — webhook signature + replay fuzz (AC-US9-06, AC-NFR2-01) > 100% rejects bad inputs and accepts valid ones across 1000 mutations
[webhook] hmac_attempt outcome=fail event=push deliveryId=malformed-98

stderr | tests/integration/webhook-signature-fuzz.test.ts > T-033 — webhook signature + replay fuzz (AC-US9-06, AC-NFR2-01) > 100% rejects bad inputs and accepts valid ones across 1000 mutations
[webhook] hmac_attempt outcome=fail event=push deliveryId=malformed-99

stderr | tests/integration/webhook-signature-fuzz.test.ts > T-033 — webhook signature + replay fuzz (AC-US9-06, AC-NFR2-01) > 100% rejects bad inputs and accepts valid ones across 1000 mutations
[webhook] hmac_attempt outcome=fail event=push deliveryId=malformed-100

stderr | tests/integration/webhook-signature-fuzz.test.ts > T-033 — webhook signature + replay fuzz (AC-US9-06, AC-NFR2-01) > 100% rejects bad inputs and accepts valid ones across 1000 mutations
[webhook] hmac_attempt outcome=fail event=push deliveryId=malformed-101

stderr | tests/integration/webhook-signature-fuzz.test.ts > T-033 — webhook signature + replay fuzz (AC-US9-06, AC-NFR2-01) > 100% rejects bad inputs and accepts valid ones across 1000 mutations
[webhook] hmac_attempt outcome=fail event=push deliveryId=malformed-102

stderr | tests/integration/webhook-signature-fuzz.test.ts > T-033 — webhook signature + replay fuzz (AC-US9-06, AC-NFR2-01) > 100% rejects bad inputs and accepts valid ones across 1000 mutations
[webhook] hmac_attempt outcome=fail event=push deliveryId=malformed-103

stderr | tests/integration/webhook-signature-fuzz.test.ts > T-033 — webhook signature + replay fuzz (AC-US9-06, AC-NFR2-01) > 100% rejects bad inputs and accepts valid ones across 1000 mutations
[webhook] hmac_attempt outcome=fail event=push deliveryId=malformed-104

stderr | tests/integration/webhook-signature-fuzz.test.ts > T-033 — webhook signature + replay fuzz (AC-US9-06, AC-NFR2-01) > 100% rejects bad inputs and accepts valid ones across 1000 mutations
[webhook] hmac_attempt outcome=fail event=push deliveryId=malformed-105

stderr | tests/integration/webhook-signature-fuzz.test.ts > T-033 — webhook signature + replay fuzz (AC-US9-06, AC-NFR2-01) > 100% rejects bad inputs and accepts valid ones across 1000 mutations
[webhook] hmac_attempt outcome=fail event=push deliveryId=malformed-106

stderr | tests/integration/webhook-signature-fuzz.test.ts > T-033 — webhook signature + replay fuzz (AC-US9-06, AC-NFR2-01) > 100% rejects bad inputs and accepts valid ones across 1000 mutations
[webhook] hmac_attempt outcome=fail event=push deliveryId=malformed-107

stderr | tests/integration/webhook-signature-fuzz.test.ts > T-033 — webhook signature + replay fuzz (AC-US9-06, AC-NFR2-01) > 100% rejects bad inputs and accepts valid ones across 1000 mutations
[webhook] hmac_attempt outcome=fail event=push deliveryId=malformed-108

stderr | tests/integration/webhook-signature-fuzz.test.ts > T-033 — webhook signature + replay fuzz (AC-US9-06, AC-NFR2-01) > 100% rejects bad inputs and accepts valid ones across 1000 mutations
[webhook] hmac_attempt outcome=fail event=push deliveryId=malformed-109

stderr | tests/integration/webhook-signature-fuzz.test.ts > T-033 — webhook signature + replay fuzz (AC-US9-06, AC-NFR2-01) > 100% rejects bad inputs and accepts valid ones across 1000 mutations
[webhook] hmac_attempt outcome=fail event=push deliveryId=malformed-110

stderr | tests/integration/webhook-signature-fuzz.test.ts > T-033 — webhook signature + replay fuzz (AC-US9-06, AC-NFR2-01) > 100% rejects bad inputs and accepts valid ones across 1000 mutations
[webhook] hmac_attempt outcome=fail event=push deliveryId=malformed-111

stderr | tests/integration/webhook-signature-fuzz.test.ts > T-033 — webhook signature + replay fuzz (AC-US9-06, AC-NFR2-01) > 100% rejects bad inputs and accepts valid ones across 1000 mutations
[webhook] hmac_attempt outcome=fail event=push deliveryId=malformed-112

stderr | tests/integration/webhook-signature-fuzz.test.ts > T-033 — webhook signature + replay fuzz (AC-US9-06, AC-NFR2-01) > 100% rejects bad inputs and accepts valid ones across 1000 mutations
[webhook] hmac_attempt outcome=fail event=push deliveryId=malformed-113

stderr | tests/integration/webhook-signature-fuzz.test.ts > T-033 — webhook signature + replay fuzz (AC-US9-06, AC-NFR2-01) > 100% rejects bad inputs and accepts valid ones across 1000 mutations
[webhook] hmac_attempt outcome=fail event=push deliveryId=malformed-114

stderr | src/lib/__tests__/publish-db-only.test.ts > publishSkill — DB-only flow > uses CERTIFIED certTier and VENDOR_AUTO method for vendor submissions
[publishSkill] SkillVersion creation failed for sub_test-publish-001: DegradedDataError: Refusing to persist SkillVersion for skill sk_test (submission sub_test-publish-001): missing contentHash + content. scan.contentHash was empty and skillmd:sub_test-publish-001 is unavailable — re-trigger scan before republishing.
    at /Users/antonabyzov/Projects/github/specweave-umb/repositories/anton-abyzov/0874-intake-identity/src/lib/submission/publish.ts:723:17
    at Object.<anonymous> (/Users/antonabyzov/Projects/github/specweave-umb/repositories/anton-abyzov/0874-intake-identity/src/lib/__tests__/publish-db-only.test.ts:37:48)
    at Object.mockCall (file:///Users/antonabyzov/Projects/github/specweave-umb/repositories/anton-abyzov/0874-bulk-request-memory/node_modules/@vitest/spy/dist/index.js:96:15)
    at Object.spy [as $transaction] (file:///Users/antonabyzov/Projects/github/specweave-umb/repositories/anton-abyzov/0874-bulk-request-memory/node_modules/tinyspy/dist/index.js:47:80)
    at publishSkill (/Users/antonabyzov/Projects/github/specweave-umb/repositories/anton-abyzov/0874-intake-identity/src/lib/submission/publish.ts:693:16)
    at processTicksAndRejections (node:internal/process/task_queues:105:5)
    at /Users/antonabyzov/Projects/github/specweave-umb/repositories/anton-abyzov/0874-intake-identity/src/lib/__tests__/publish-db-only.test.ts:350:5
    at file:///Users/antonabyzov/Projects/github/specweave-umb/repositories/anton-abyzov/0874-bulk-request-memory/node_modules/@vitest/runner/dist/chunk-hooks.js:752:20 {
  code: 'degraded_data',
  skillId: 'sk_test',
  submissionId: 'sub_test-publish-001',
  missing: { contentHash: true, content: true }
}
[publishSkill] skipping post-write steps for submission sub_test-publish-001 — no SkillVersion row was written.

stderr | tests/integration/webhook-signature-fuzz.test.ts > T-033 — webhook signature + replay fuzz (AC-US9-06, AC-NFR2-01) > 100% rejects bad inputs and accepts valid ones across 1000 mutations
[webhook] hmac_attempt outcome=fail event=push deliveryId=malformed-115

stderr | tests/integration/webhook-signature-fuzz.test.ts > T-033 — webhook signature + replay fuzz (AC-US9-06, AC-NFR2-01) > 100% rejects bad inputs and accepts valid ones across 1000 mutations
[webhook] hmac_attempt outcome=fail event=push deliveryId=malformed-116

stderr | tests/integration/webhook-signature-fuzz.test.ts > T-033 — webhook signature + replay fuzz (AC-US9-06, AC-NFR2-01) > 100% rejects bad inputs and accepts valid ones across 1000 mutations
[webhook] hmac_attempt outcome=fail event=push deliveryId=malformed-117

stderr | tests/integration/webhook-signature-fuzz.test.ts > T-033 — webhook signature + replay fuzz (AC-US9-06, AC-NFR2-01) > 100% rejects bad inputs and accepts valid ones across 1000 mutations
[webhook] hmac_attempt outcome=fail event=push deliveryId=malformed-118

stderr | tests/integration/webhook-signature-fuzz.test.ts > T-033 — webhook signature + replay fuzz (AC-US9-06, AC-NFR2-01) > 100% rejects bad inputs and accepts valid ones across 1000 mutations
[webhook] hmac_attempt outcome=fail event=push deliveryId=malformed-119

stderr | tests/integration/webhook-signature-fuzz.test.ts > T-033 — webhook signature + replay fuzz (AC-US9-06, AC-NFR2-01) > 100% rejects bad inputs and accepts valid ones across 1000 mutations
[webhook] hmac_attempt outcome=fail event=push deliveryId=malformed-120

stderr | tests/integration/webhook-signature-fuzz.test.ts > T-033 — webhook signature + replay fuzz (AC-US9-06, AC-NFR2-01) > 100% rejects bad inputs and accepts valid ones across 1000 mutations
[webhook] hmac_attempt outcome=fail event=push deliveryId=malformed-121

stderr | tests/integration/webhook-signature-fuzz.test.ts > T-033 — webhook signature + replay fuzz (AC-US9-06, AC-NFR2-01) > 100% rejects bad inputs and accepts valid ones across 1000 mutations
[webhook] hmac_attempt outcome=fail event=push deliveryId=malformed-122

stderr | tests/integration/webhook-signature-fuzz.test.ts > T-033 — webhook signature + replay fuzz (AC-US9-06, AC-NFR2-01) > 100% rejects bad inputs and accepts valid ones across 1000 mutations
[webhook] hmac_attempt outcome=fail event=push deliveryId=malformed-123

stderr | tests/integration/webhook-signature-fuzz.test.ts > T-033 — webhook signature + replay fuzz (AC-US9-06, AC-NFR2-01) > 100% rejects bad inputs and accepts valid ones across 1000 mutations
[webhook] hmac_attempt outcome=fail event=push deliveryId=malformed-124

stderr | tests/integration/webhook-signature-fuzz.test.ts > T-033 — webhook signature + replay fuzz (AC-US9-06, AC-NFR2-01) > 100% rejects bad inputs and accepts valid ones across 1000 mutations
[webhook] hmac_attempt outcome=fail event=push deliveryId=malformed-125

stderr | tests/integration/webhook-signature-fuzz.test.ts > T-033 — webhook signature + replay fuzz (AC-US9-06, AC-NFR2-01) > 100% rejects bad inputs and accepts valid ones across 1000 mutations
[webhook] hmac_attempt outcome=fail event=push deliveryId=malformed-126

stderr | tests/integration/webhook-signature-fuzz.test.ts > T-033 — webhook signature + replay fuzz (AC-US9-06, AC-NFR2-01) > 100% rejects bad inputs and accepts valid ones across 1000 mutations
[webhook] hmac_attempt outcome=fail event=push deliveryId=malformed-127

stderr | tests/integration/webhook-signature-fuzz.test.ts > T-033 — webhook signature + replay fuzz (AC-US9-06, AC-NFR2-01) > 100% rejects bad inputs and accepts valid ones across 1000 mutations
[webhook] hmac_attempt outcome=fail event=push deliveryId=malformed-128

stderr | tests/integration/webhook-signature-fuzz.test.ts > T-033 — webhook signature + replay fuzz (AC-US9-06, AC-NFR2-01) > 100% rejects bad inputs and accepts valid ones across 1000 mutations
[webhook] hmac_attempt outcome=fail event=push deliveryId=malformed-129

stderr | tests/integration/webhook-signature-fuzz.test.ts > T-033 — webhook signature + replay fuzz (AC-US9-06, AC-NFR2-01) > 100% rejects bad inputs and accepts valid ones across 1000 mutations
[webhook] hmac_attempt outcome=fail event=push deliveryId=malformed-130

stderr | tests/integration/webhook-signature-fuzz.test.ts > T-033 — webhook signature + replay fuzz (AC-US9-06, AC-NFR2-01) > 100% rejects bad inputs and accepts valid ones across 1000 mutations
[webhook] hmac_attempt outcome=fail event=push deliveryId=malformed-131

stderr | tests/integration/webhook-signature-fuzz.test.ts > T-033 — webhook signature + replay fuzz (AC-US9-06, AC-NFR2-01) > 100% rejects bad inputs and accepts valid ones across 1000 mutations
[webhook] hmac_attempt outcome=fail event=push deliveryId=malformed-132

stderr | tests/integration/webhook-signature-fuzz.test.ts > T-033 — webhook signature + replay fuzz (AC-US9-06, AC-NFR2-01) > 100% rejects bad inputs and accepts valid ones across 1000 mutations
[webhook] hmac_attempt outcome=fail event=push deliveryId=malformed-133

stderr | tests/integration/webhook-signature-fuzz.test.ts > T-033 — webhook signature + replay fuzz (AC-US9-06, AC-NFR2-01) > 100% rejects bad inputs and accepts valid ones across 1000 mutations
[webhook] hmac_attempt outcome=fail event=push deliveryId=malformed-134

stderr | tests/integration/webhook-signature-fuzz.test.ts > T-033 — webhook signature + replay fuzz (AC-US9-06, AC-NFR2-01) > 100% rejects bad inputs and accepts valid ones across 1000 mutations
[webhook] hmac_attempt outcome=fail event=push deliveryId=malformed-135

stderr | tests/integration/webhook-signature-fuzz.test.ts > T-033 — webhook signature + replay fuzz (AC-US9-06, AC-NFR2-01) > 100% rejects bad inputs and accepts valid ones across 1000 mutations
[webhook] hmac_attempt outcome=fail event=push deliveryId=malformed-136

stderr | tests/integration/webhook-signature-fuzz.test.ts > T-033 — webhook signature + replay fuzz (AC-US9-06, AC-NFR2-01) > 100% rejects bad inputs and accepts valid ones across 1000 mutations
[webhook] hmac_attempt outcome=fail event=push deliveryId=malformed-137

stderr | tests/integration/webhook-signature-fuzz.test.ts > T-033 — webhook signature + replay fuzz (AC-US9-06, AC-NFR2-01) > 100% rejects bad inputs and accepts valid ones across 1000 mutations
[webhook] hmac_attempt outcome=fail event=push deliveryId=malformed-138

stderr | tests/integration/webhook-signature-fuzz.test.ts > T-033 — webhook signature + replay fuzz (AC-US9-06, AC-NFR2-01) > 100% rejects bad inputs and accepts valid ones across 1000 mutations
[webhook] hmac_attempt outcome=fail event=push deliveryId=malformed-139

stderr | tests/integration/webhook-signature-fuzz.test.ts > T-033 — webhook signature + replay fuzz (AC-US9-06, AC-NFR2-01) > 100% rejects bad inputs and accepts valid ones across 1000 mutations
[webhook] hmac_attempt outcome=fail event=push deliveryId=malformed-140

stderr | tests/integration/webhook-signature-fuzz.test.ts > T-033 — webhook signature + replay fuzz (AC-US9-06, AC-NFR2-01) > 100% rejects bad inputs and accepts valid ones across 1000 mutations
[webhook] hmac_attempt outcome=fail event=push deliveryId=malformed-141

stderr | tests/integration/webhook-signature-fuzz.test.ts > T-033 — webhook signature + replay fuzz (AC-US9-06, AC-NFR2-01) > 100% rejects bad inputs and accepts valid ones across 1000 mutations
[webhook] hmac_attempt outcome=fail event=push deliveryId=malformed-142

stderr | src/lib/cron/__tests__/queue-stats-refresh.test.ts > computeQueueStats — 0763 avg_score behavior > preserves the prior warm avgScore when Phase 1b throws (AC-US1-03)
[queue-stats] Phase 1b skill stats skipped: Phase 1b timeout

stderr | src/lib/cron/__tests__/queue-stats-refresh.test.ts > computeQueueStats — 0763 avg_score behavior > falls back to 0 when there is no prior warm avgScore and Phase 1b throws
[queue-stats] Phase 1b skill stats skipped: Phase 1b timeout

stderr | tests/integration/webhook-signature-fuzz.test.ts > T-033 — webhook signature + replay fuzz (AC-US9-06, AC-NFR2-01) > 100% rejects bad inputs and accepts valid ones across 1000 mutations
[webhook] hmac_attempt outcome=fail event=push deliveryId=malformed-143

stderr | src/lib/cron/__tests__/queue-stats-refresh.test.ts > computeQueueStats — 0763 avg_score behavior > seeds avgScore from SUBMISSIONS_KV when in-memory cache is cold and Phase 1b throws
[queue-stats] Phase 1b skill stats skipped: Phase 1b timeout

stderr | tests/integration/webhook-signature-fuzz.test.ts > T-033 — webhook signature + replay fuzz (AC-US9-06, AC-NFR2-01) > 100% rejects bad inputs and accepts valid ones across 1000 mutations
[webhook] hmac_attempt outcome=fail event=push deliveryId=malformed-144

stderr | tests/integration/webhook-signature-fuzz.test.ts > T-033 — webhook signature + replay fuzz (AC-US9-06, AC-NFR2-01) > 100% rejects bad inputs and accepts valid ones across 1000 mutations
[webhook] hmac_attempt outcome=fail event=push deliveryId=malformed-145

stderr | tests/integration/webhook-signature-fuzz.test.ts > T-033 — webhook signature + replay fuzz (AC-US9-06, AC-NFR2-01) > 100% rejects bad inputs and accepts valid ones across 1000 mutations
[webhook] hmac_attempt outcome=fail event=push deliveryId=malformed-146

stderr | tests/integration/webhook-signature-fuzz.test.ts > T-033 — webhook signature + replay fuzz (AC-US9-06, AC-NFR2-01) > 100% rejects bad inputs and accepts valid ones across 1000 mutations
[webhook] hmac_attempt outcome=fail event=push deliveryId=malformed-147

stderr | tests/integration/webhook-signature-fuzz.test.ts > T-033 — webhook signature + replay fuzz (AC-US9-06, AC-NFR2-01) > 100% rejects bad inputs and accepts valid ones across 1000 mutations
[webhook] hmac_attempt outcome=fail event=push deliveryId=malformed-148

stderr | src/lib/cron/__tests__/queue-stats-refresh.test.ts > computeQueueStats — 0797 admin-dashboard fields > preserves prior totalSkillsAll across a Phase 1b failure (mirrors verifiedSkills carry-forward)
[queue-stats] Phase 1b skill stats skipped: Phase 1b timeout

stderr | tests/integration/webhook-signature-fuzz.test.ts > T-033 — webhook signature + replay fuzz (AC-US9-06, AC-NFR2-01) > 100% rejects bad inputs and accepts valid ones across 1000 mutations
[webhook] hmac_attempt outcome=fail event=push deliveryId=malformed-149

stderr | src/lib/cron/__tests__/queue-stats-refresh.test.ts > ensureFreshStats — 0797 admin field carry-forward > carries totalSkillsAll forward when watchdog Skill query fails
[ensure-fresh-stats] skill stats query failed: Skill query timeout

stderr | tests/integration/webhook-signature-fuzz.test.ts > T-033 — webhook signature + replay fuzz (AC-US9-06, AC-NFR2-01) > 100% rejects bad inputs and accepts valid ones across 1000 mutations
[webhook] hmac_attempt outcome=fail event=push deliveryId=malformed-150

stderr | tests/integration/webhook-signature-fuzz.test.ts > T-033 — webhook signature + replay fuzz (AC-US9-06, AC-NFR2-01) > 100% rejects bad inputs and accepts valid ones across 1000 mutations
[webhook] hmac_attempt outcome=fail event=push deliveryId=malformed-151

stderr | src/lib/__tests__/publish-db-only.test.ts > publishSkill — DB-only flow > vendor submissions get T4 trust tier and score 100
[publishSkill] SkillVersion creation failed for sub_test-publish-001: DegradedDataError: Refusing to persist SkillVersion for skill sk_test (submission sub_test-publish-001): missing contentHash + content. scan.contentHash was empty and skillmd:sub_test-publish-001 is unavailable — re-trigger scan before republishing.
    at /Users/antonabyzov/Projects/github/specweave-umb/repositories/anton-abyzov/0874-intake-identity/src/lib/submission/publish.ts:723:17
    at Object.<anonymous> (/Users/antonabyzov/Projects/github/specweave-umb/repositories/anton-abyzov/0874-intake-identity/src/lib/__tests__/publish-db-only.test.ts:37:48)
    at Object.mockCall (file:///Users/antonabyzov/Projects/github/specweave-umb/repositories/anton-abyzov/0874-bulk-request-memory/node_modules/@vitest/spy/dist/index.js:96:15)
    at Object.spy [as $transaction] (file:///Users/antonabyzov/Projects/github/specweave-umb/repositories/anton-abyzov/0874-bulk-request-memory/node_modules/tinyspy/dist/index.js:47:80)
    at publishSkill (/Users/antonabyzov/Projects/github/specweave-umb/repositories/anton-abyzov/0874-intake-identity/src/lib/submission/publish.ts:693:16)
    at processTicksAndRejections (node:internal/process/task_queues:105:5)
    at /Users/antonabyzov/Projects/github/specweave-umb/repositories/anton-abyzov/0874-intake-identity/src/lib/__tests__/publish-db-only.test.ts:363:5
    at file:///Users/antonabyzov/Projects/github/specweave-umb/repositories/anton-abyzov/0874-bulk-request-memory/node_modules/@vitest/runner/dist/chunk-hooks.js:752:20 {
  code: 'degraded_data',
  skillId: 'sk_test',
  submissionId: 'sub_test-publish-001',
  missing: { contentHash: true, content: true }
}
[publishSkill] skipping post-write steps for submission sub_test-publish-001 — no SkillVersion row was written.

stderr | tests/integration/webhook-signature-fuzz.test.ts > T-033 — webhook signature + replay fuzz (AC-US9-06, AC-NFR2-01) > 100% rejects bad inputs and accepts valid ones across 1000 mutations
[webhook] hmac_attempt outcome=fail event=push deliveryId=malformed-152

stderr | tests/integration/webhook-signature-fuzz.test.ts > T-033 — webhook signature + replay fuzz (AC-US9-06, AC-NFR2-01) > 100% rejects bad inputs and accepts valid ones across 1000 mutations
[webhook] hmac_attempt outcome=fail event=push deliveryId=malformed-153

stderr | tests/integration/webhook-signature-fuzz.test.ts > T-033 — webhook signature + replay fuzz (AC-US9-06, AC-NFR2-01) > 100% rejects bad inputs and accepts valid ones across 1000 mutations
[webhook] hmac_attempt outcome=fail event=push deliveryId=malformed-154

stderr | tests/integration/webhook-signature-fuzz.test.ts > T-033 — webhook signature + replay fuzz (AC-US9-06, AC-NFR2-01) > 100% rejects bad inputs and accepts valid ones across 1000 mutations
[webhook] hmac_attempt outcome=fail event=push deliveryId=malformed-155

stderr | tests/integration/webhook-signature-fuzz.test.ts > T-033 — webhook signature + replay fuzz (AC-US9-06, AC-NFR2-01) > 100% rejects bad inputs and accepts valid ones across 1000 mutations
[webhook] hmac_attempt outcome=fail event=push deliveryId=malformed-156

stderr | tests/integration/webhook-signature-fuzz.test.ts > T-033 — webhook signature + replay fuzz (AC-US9-06, AC-NFR2-01) > 100% rejects bad inputs and accepts valid ones across 1000 mutations
[webhook] hmac_attempt outcome=fail event=push deliveryId=malformed-157

stderr | tests/integration/webhook-signature-fuzz.test.ts > T-033 — webhook signature + replay fuzz (AC-US9-06, AC-NFR2-01) > 100% rejects bad inputs and accepts valid ones across 1000 mutations
[webhook] hmac_attempt outcome=fail event=push deliveryId=malformed-158

stderr | tests/integration/webhook-signature-fuzz.test.ts > T-033 — webhook signature + replay fuzz (AC-US9-06, AC-NFR2-01) > 100% rejects bad inputs and accepts valid ones across 1000 mutations
[webhook] hmac_attempt outcome=fail event=push deliveryId=malformed-159

stderr | tests/integration/webhook-signature-fuzz.test.ts > T-033 — webhook signature + replay fuzz (AC-US9-06, AC-NFR2-01) > 100% rejects bad inputs and accepts valid ones across 1000 mutations
[webhook] hmac_attempt outcome=fail event=push deliveryId=malformed-160

stderr | tests/integration/webhook-signature-fuzz.test.ts > T-033 — webhook signature + replay fuzz (AC-US9-06, AC-NFR2-01) > 100% rejects bad inputs and accepts valid ones across 1000 mutations
[webhook] hmac_attempt outcome=fail event=push deliveryId=malformed-161

stderr | tests/integration/webhook-signature-fuzz.test.ts > T-033 — webhook signature + replay fuzz (AC-US9-06, AC-NFR2-01) > 100% rejects bad inputs and accepts valid ones across 1000 mutations
[webhook] hmac_attempt outcome=fail event=push deliveryId=malformed-162

stderr | tests/integration/webhook-signature-fuzz.test.ts > T-033 — webhook signature + replay fuzz (AC-US9-06, AC-NFR2-01) > 100% rejects bad inputs and accepts valid ones across 1000 mutations
[webhook] hmac_attempt outcome=fail event=push deliveryId=malformed-163

stderr | tests/integration/webhook-signature-fuzz.test.ts > T-033 — webhook signature + replay fuzz (AC-US9-06, AC-NFR2-01) > 100% rejects bad inputs and accepts valid ones across 1000 mutations
[webhook] hmac_attempt outcome=fail event=push deliveryId=malformed-164

stderr | tests/integration/webhook-signature-fuzz.test.ts > T-033 — webhook signature + replay fuzz (AC-US9-06, AC-NFR2-01) > 100% rejects bad inputs and accepts valid ones across 1000 mutations
[webhook] hmac_attempt outcome=fail event=push deliveryId=malformed-165

stderr | tests/integration/webhook-signature-fuzz.test.ts > T-033 — webhook signature + replay fuzz (AC-US9-06, AC-NFR2-01) > 100% rejects bad inputs and accepts valid ones across 1000 mutations
[webhook] hmac_attempt outcome=fail event=push deliveryId=malformed-166

stderr | tests/integration/webhook-signature-fuzz.test.ts > T-033 — webhook signature + replay fuzz (AC-US9-06, AC-NFR2-01) > 100% rejects bad inputs and accepts valid ones across 1000 mutations
[webhook] hmac_attempt outcome=fail event=push deliveryId=malformed-167

stderr | tests/integration/webhook-signature-fuzz.test.ts > T-033 — webhook signature + replay fuzz (AC-US9-06, AC-NFR2-01) > 100% rejects bad inputs and accepts valid ones across 1000 mutations
[webhook] hmac_attempt outcome=fail event=push deliveryId=malformed-168

stderr | tests/integration/webhook-signature-fuzz.test.ts > T-033 — webhook signature + replay fuzz (AC-US9-06, AC-NFR2-01) > 100% rejects bad inputs and accepts valid ones across 1000 mutations
[webhook] hmac_attempt outcome=fail event=push deliveryId=malformed-169

stderr | tests/integration/webhook-signature-fuzz.test.ts > T-033 — webhook signature + replay fuzz (AC-US9-06, AC-NFR2-01) > 100% rejects bad inputs and accepts valid ones across 1000 mutations
[webhook] hmac_attempt outcome=fail event=push deliveryId=malformed-170

stderr | tests/integration/webhook-signature-fuzz.test.ts > T-033 — webhook signature + replay fuzz (AC-US9-06, AC-NFR2-01) > 100% rejects bad inputs and accepts valid ones across 1000 mutations
[webhook] hmac_attempt outcome=fail event=push deliveryId=malformed-171

stderr | tests/integration/webhook-signature-fuzz.test.ts > T-033 — webhook signature + replay fuzz (AC-US9-06, AC-NFR2-01) > 100% rejects bad inputs and accepts valid ones across 1000 mutations
[webhook] hmac_attempt outcome=fail event=push deliveryId=malformed-172

stderr | tests/integration/webhook-signature-fuzz.test.ts > T-033 — webhook signature + replay fuzz (AC-US9-06, AC-NFR2-01) > 100% rejects bad inputs and accepts valid ones across 1000 mutations
[webhook] hmac_attempt outcome=fail event=push deliveryId=malformed-173

stderr | tests/integration/webhook-signature-fuzz.test.ts > T-033 — webhook signature + replay fuzz (AC-US9-06, AC-NFR2-01) > 100% rejects bad inputs and accepts valid ones across 1000 mutations
[webhook] hmac_attempt outcome=fail event=push deliveryId=malformed-174

stderr | tests/integration/webhook-signature-fuzz.test.ts > T-033 — webhook signature + replay fuzz (AC-US9-06, AC-NFR2-01) > 100% rejects bad inputs and accepts valid ones across 1000 mutations
[webhook] hmac_attempt outcome=fail event=push deliveryId=malformed-175

stderr | tests/integration/webhook-signature-fuzz.test.ts > T-033 — webhook signature + replay fuzz (AC-US9-06, AC-NFR2-01) > 100% rejects bad inputs and accepts valid ones across 1000 mutations
[webhook] hmac_attempt outcome=fail event=push deliveryId=malformed-176

stderr | tests/integration/webhook-signature-fuzz.test.ts > T-033 — webhook signature + replay fuzz (AC-US9-06, AC-NFR2-01) > 100% rejects bad inputs and accepts valid ones across 1000 mutations
[webhook] hmac_attempt outcome=fail event=push deliveryId=malformed-177

stderr | tests/integration/webhook-signature-fuzz.test.ts > T-033 — webhook signature + replay fuzz (AC-US9-06, AC-NFR2-01) > 100% rejects bad inputs and accepts valid ones across 1000 mutations
[webhook] hmac_attempt outcome=fail event=push deliveryId=malformed-178

 ✓ src/lib/skill-update/__tests__/architecture.test.ts (3 tests) 716ms
   ✓ architecture: single-consumer invariant (AC-US7-01) > no non-allowlisted source file references api.github.com/repos/  305ms
   ✓ architecture: single writer for SkillVersion rows (AC-US9-01) > no non-allowlisted source file calls skillVersion.create() directly  407ms
stderr | tests/integration/webhook-signature-fuzz.test.ts > T-033 — webhook signature + replay fuzz (AC-US9-06, AC-NFR2-01) > 100% rejects bad inputs and accepts valid ones across 1000 mutations
[webhook] hmac_attempt outcome=fail event=push deliveryId=malformed-179

stderr | tests/integration/webhook-signature-fuzz.test.ts > T-033 — webhook signature + replay fuzz (AC-US9-06, AC-NFR2-01) > 100% rejects bad inputs and accepts valid ones across 1000 mutations
[webhook] hmac_attempt outcome=fail event=push deliveryId=malformed-180

stderr | tests/integration/webhook-signature-fuzz.test.ts > T-033 — webhook signature + replay fuzz (AC-US9-06, AC-NFR2-01) > 100% rejects bad inputs and accepts valid ones across 1000 mutations
[webhook] hmac_attempt outcome=fail event=push deliveryId=malformed-181

stderr | tests/integration/webhook-signature-fuzz.test.ts > T-033 — webhook signature + replay fuzz (AC-US9-06, AC-NFR2-01) > 100% rejects bad inputs and accepts valid ones across 1000 mutations
[webhook] hmac_attempt outcome=fail event=push deliveryId=malformed-182

stderr | tests/integration/webhook-signature-fuzz.test.ts > T-033 — webhook signature + replay fuzz (AC-US9-06, AC-NFR2-01) > 100% rejects bad inputs and accepts valid ones across 1000 mutations
[webhook] hmac_attempt outcome=fail event=push deliveryId=malformed-183

stderr | tests/integration/webhook-signature-fuzz.test.ts > T-033 — webhook signature + replay fuzz (AC-US9-06, AC-NFR2-01) > 100% rejects bad inputs and accepts valid ones across 1000 mutations
[webhook] hmac_attempt outcome=fail event=push deliveryId=malformed-184

 ✓ src/lib/cron/__tests__/queue-stats-refresh.test.ts (27 tests) 186ms
stderr | tests/integration/webhook-signature-fuzz.test.ts > T-033 — webhook signature + replay fuzz (AC-US9-06, AC-NFR2-01) > 100% rejects bad inputs and accepts valid ones across 1000 mutations
[webhook] hmac_attempt outcome=fail event=push deliveryId=malformed-185

stderr | tests/integration/webhook-signature-fuzz.test.ts > T-033 — webhook signature + replay fuzz (AC-US9-06, AC-NFR2-01) > 100% rejects bad inputs and accepts valid ones across 1000 mutations
[webhook] hmac_attempt outcome=fail event=push deliveryId=malformed-186

stderr | tests/integration/webhook-signature-fuzz.test.ts > T-033 — webhook signature + replay fuzz (AC-US9-06, AC-NFR2-01) > 100% rejects bad inputs and accepts valid ones across 1000 mutations
[webhook] hmac_attempt outcome=fail event=push deliveryId=malformed-187

stderr | tests/integration/webhook-signature-fuzz.test.ts > T-033 — webhook signature + replay fuzz (AC-US9-06, AC-NFR2-01) > 100% rejects bad inputs and accepts valid ones across 1000 mutations
[webhook] hmac_attempt outcome=fail event=push deliveryId=malformed-188

stderr | tests/integration/webhook-signature-fuzz.test.ts > T-033 — webhook signature + replay fuzz (AC-US9-06, AC-NFR2-01) > 100% rejects bad inputs and accepts valid ones across 1000 mutations
[webhook] hmac_attempt outcome=fail event=push deliveryId=malformed-189

stderr | tests/integration/webhook-signature-fuzz.test.ts > T-033 — webhook signature + replay fuzz (AC-US9-06, AC-NFR2-01) > 100% rejects bad inputs and accepts valid ones across 1000 mutations
[webhook] hmac_attempt outcome=fail event=push deliveryId=malformed-190

stderr | tests/integration/webhook-signature-fuzz.test.ts > T-033 — webhook signature + replay fuzz (AC-US9-06, AC-NFR2-01) > 100% rejects bad inputs and accepts valid ones across 1000 mutations
[webhook] hmac_attempt outcome=fail event=push deliveryId=malformed-191

stderr | tests/integration/webhook-signature-fuzz.test.ts > T-033 — webhook signature + replay fuzz (AC-US9-06, AC-NFR2-01) > 100% rejects bad inputs and accepts valid ones across 1000 mutations
[webhook] hmac_attempt outcome=fail event=push deliveryId=malformed-192

stderr | tests/integration/webhook-signature-fuzz.test.ts > T-033 — webhook signature + replay fuzz (AC-US9-06, AC-NFR2-01) > 100% rejects bad inputs and accepts valid ones across 1000 mutations
[webhook] hmac_attempt outcome=fail event=push deliveryId=malformed-193

stderr | tests/integration/webhook-signature-fuzz.test.ts > T-033 — webhook signature + replay fuzz (AC-US9-06, AC-NFR2-01) > 100% rejects bad inputs and accepts valid ones across 1000 mutations
[webhook] hmac_attempt outcome=fail event=push deliveryId=malformed-194

stderr | tests/integration/webhook-signature-fuzz.test.ts > T-033 — webhook signature + replay fuzz (AC-US9-06, AC-NFR2-01) > 100% rejects bad inputs and accepts valid ones across 1000 mutations
[webhook] hmac_attempt outcome=fail event=push deliveryId=malformed-195

stderr | tests/integration/webhook-signature-fuzz.test.ts > T-033 — webhook signature + replay fuzz (AC-US9-06, AC-NFR2-01) > 100% rejects bad inputs and accepts valid ones across 1000 mutations
[webhook] hmac_attempt outcome=fail event=push deliveryId=malformed-196

stderr | tests/integration/webhook-signature-fuzz.test.ts > T-033 — webhook signature + replay fuzz (AC-US9-06, AC-NFR2-01) > 100% rejects bad inputs and accepts valid ones across 1000 mutations
[webhook] hmac_attempt outcome=fail event=push deliveryId=malformed-197

stderr | tests/integration/webhook-signature-fuzz.test.ts > T-033 — webhook signature + replay fuzz (AC-US9-06, AC-NFR2-01) > 100% rejects bad inputs and accepts valid ones across 1000 mutations
[webhook] hmac_attempt outcome=fail event=push deliveryId=malformed-198

stderr | tests/integration/webhook-signature-fuzz.test.ts > T-033 — webhook signature + replay fuzz (AC-US9-06, AC-NFR2-01) > 100% rejects bad inputs and accepts valid ones across 1000 mutations
[webhook] hmac_attempt outcome=fail event=push deliveryId=malformed-199

stderr | tests/integration/webhook-signature-fuzz.test.ts > T-033 — webhook signature + replay fuzz (AC-US9-06, AC-NFR2-01) > 100% rejects bad inputs and accepts valid ones across 1000 mutations
[webhook] hmac_attempt outcome=pass event=push deliveryId=replay-0

stderr | tests/integration/webhook-signature-fuzz.test.ts > T-033 — webhook signature + replay fuzz (AC-US9-06, AC-NFR2-01) > 100% rejects bad inputs and accepts valid ones across 1000 mutations
[webhook] hmac_attempt outcome=pass event=push deliveryId=replay-0

stderr | tests/integration/webhook-signature-fuzz.test.ts > T-033 — webhook signature + replay fuzz (AC-US9-06, AC-NFR2-01) > 100% rejects bad inputs and accepts valid ones across 1000 mutations
[webhook] hmac_attempt outcome=pass event=push deliveryId=replay-1

stderr | tests/integration/webhook-signature-fuzz.test.ts > T-033 — webhook signature + replay fuzz (AC-US9-06, AC-NFR2-01) > 100% rejects bad inputs and accepts valid ones across 1000 mutations
[webhook] hmac_attempt outcome=pass event=push deliveryId=replay-1

stderr | tests/integration/webhook-signature-fuzz.test.ts > T-033 — webhook signature + replay fuzz (AC-US9-06, AC-NFR2-01) > 100% rejects bad inputs and accepts valid ones across 1000 mutations
[webhook] hmac_attempt outcome=pass event=push deliveryId=replay-2

stderr | tests/integration/webhook-signature-fuzz.test.ts > T-033 — webhook signature + replay fuzz (AC-US9-06, AC-NFR2-01) > 100% rejects bad inputs and accepts valid ones across 1000 mutations
[webhook] hmac_attempt outcome=pass event=push deliveryId=replay-2

stderr | tests/integration/webhook-signature-fuzz.test.ts > T-033 — webhook signature + replay fuzz (AC-US9-06, AC-NFR2-01) > 100% rejects bad inputs and accepts valid ones across 1000 mutations
[webhook] hmac_attempt outcome=pass event=push deliveryId=replay-3

stderr | tests/integration/webhook-signature-fuzz.test.ts > T-033 — webhook signature + replay fuzz (AC-US9-06, AC-NFR2-01) > 100% rejects bad inputs and accepts valid ones across 1000 mutations
[webhook] hmac_attempt outcome=pass event=push deliveryId=replay-3

stderr | tests/integration/webhook-signature-fuzz.test.ts > T-033 — webhook signature + replay fuzz (AC-US9-06, AC-NFR2-01) > 100% rejects bad inputs and accepts valid ones across 1000 mutations
[webhook] hmac_attempt outcome=pass event=push deliveryId=replay-4

stderr | tests/integration/webhook-signature-fuzz.test.ts > T-033 — webhook signature + replay fuzz (AC-US9-06, AC-NFR2-01) > 100% rejects bad inputs and accepts valid ones across 1000 mutations
[webhook] hmac_attempt outcome=pass event=push deliveryId=replay-4

stderr | tests/integration/webhook-signature-fuzz.test.ts > T-033 — webhook signature + replay fuzz (AC-US9-06, AC-NFR2-01) > 100% rejects bad inputs and accepts valid ones across 1000 mutations
[webhook] hmac_attempt outcome=pass event=push deliveryId=replay-5

stderr | tests/integration/webhook-signature-fuzz.test.ts > T-033 — webhook signature + replay fuzz (AC-US9-06, AC-NFR2-01) > 100% rejects bad inputs and accepts valid ones across 1000 mutations
[webhook] hmac_attempt outcome=pass event=push deliveryId=replay-5

stderr | tests/integration/webhook-signature-fuzz.test.ts > T-033 — webhook signature + replay fuzz (AC-US9-06, AC-NFR2-01) > 100% rejects bad inputs and accepts valid ones across 1000 mutations
[webhook] hmac_attempt outcome=pass event=push deliveryId=replay-6

stderr | tests/integration/webhook-signature-fuzz.test.ts > T-033 — webhook signature + replay fuzz (AC-US9-06, AC-NFR2-01) > 100% rejects bad inputs and accepts valid ones across 1000 mutations
[webhook] hmac_attempt outcome=pass event=push deliveryId=replay-6

stderr | tests/integration/webhook-signature-fuzz.test.ts > T-033 — webhook signature + replay fuzz (AC-US9-06, AC-NFR2-01) > 100% rejects bad inputs and accepts valid ones across 1000 mutations
[webhook] hmac_attempt outcome=pass event=push deliveryId=replay-7

stderr | tests/integration/webhook-signature-fuzz.test.ts > T-033 — webhook signature + replay fuzz (AC-US9-06, AC-NFR2-01) > 100% rejects bad inputs and accepts valid ones across 1000 mutations
[webhook] hmac_attempt outcome=pass event=push deliveryId=replay-7

stderr | tests/integration/webhook-signature-fuzz.test.ts > T-033 — webhook signature + replay fuzz (AC-US9-06, AC-NFR2-01) > 100% rejects bad inputs and accepts valid ones across 1000 mutations
[webhook] hmac_attempt outcome=pass event=push deliveryId=replay-8

stderr | tests/integration/webhook-signature-fuzz.test.ts > T-033 — webhook signature + replay fuzz (AC-US9-06, AC-NFR2-01) > 100% rejects bad inputs and accepts valid ones across 1000 mutations
[webhook] hmac_attempt outcome=pass event=push deliveryId=replay-8

stderr | tests/integration/webhook-signature-fuzz.test.ts > T-033 — webhook signature + replay fuzz (AC-US9-06, AC-NFR2-01) > 100% rejects bad inputs and accepts valid ones across 1000 mutations
[webhook] hmac_attempt outcome=pass event=push deliveryId=replay-9

stderr | tests/integration/webhook-signature-fuzz.test.ts > T-033 — webhook signature + replay fuzz (AC-US9-06, AC-NFR2-01) > 100% rejects bad inputs and accepts valid ones across 1000 mutations
[webhook] hmac_attempt outcome=pass event=push deliveryId=replay-9

stderr | tests/integration/webhook-signature-fuzz.test.ts > T-033 — webhook signature + replay fuzz (AC-US9-06, AC-NFR2-01) > 100% rejects bad inputs and accepts valid ones across 1000 mutations
[webhook] hmac_attempt outcome=pass event=push deliveryId=replay-10

stderr | src/lib/__tests__/publish-db-only.test.ts > publishSkill — DB-only flow > vendor submissions get vendor labels instead of community labels
[publishSkill] SkillVersion creation failed for sub_test-publish-001: DegradedDataError: Refusing to persist SkillVersion for skill sk_test (submission sub_test-publish-001): missing contentHash + content. scan.contentHash was empty and skillmd:sub_test-publish-001 is unavailable — re-trigger scan before republishing.
    at /Users/antonabyzov/Projects/github/specweave-umb/repositories/anton-abyzov/0874-intake-identity/src/lib/submission/publish.ts:723:17
    at Object.<anonymous> (/Users/antonabyzov/Projects/github/specweave-umb/repositories/anton-abyzov/0874-intake-identity/src/lib/__tests__/publish-db-only.test.ts:37:48)
    at Object.mockCall (file:///Users/antonabyzov/Projects/github/specweave-umb/repositories/anton-abyzov/0874-bulk-request-memory/node_modules/@vitest/spy/dist/index.js:96:15)
    at Object.spy [as $transaction] (file:///Users/antonabyzov/Projects/github/specweave-umb/repositories/anton-abyzov/0874-bulk-request-memory/node_modules/tinyspy/dist/index.js:47:80)
    at publishSkill (/Users/antonabyzov/Projects/github/specweave-umb/repositories/anton-abyzov/0874-intake-identity/src/lib/submission/publish.ts:693:16)
    at processTicksAndRejections (node:internal/process/task_queues:105:5)
    at /Users/antonabyzov/Projects/github/specweave-umb/repositories/anton-abyzov/0874-intake-identity/src/lib/__tests__/publish-db-only.test.ts:374:5
    at file:///Users/antonabyzov/Projects/github/specweave-umb/repositories/anton-abyzov/0874-bulk-request-memory/node_modules/@vitest/runner/dist/chunk-hooks.js:752:20 {
  code: 'degraded_data',
  skillId: 'sk_test',
  submissionId: 'sub_test-publish-001',
  missing: { contentHash: true, content: true }
}
[publishSkill] skipping post-write steps for submission sub_test-publish-001 — no SkillVersion row was written.

stderr | tests/integration/webhook-signature-fuzz.test.ts > T-033 — webhook signature + replay fuzz (AC-US9-06, AC-NFR2-01) > 100% rejects bad inputs and accepts valid ones across 1000 mutations
[webhook] hmac_attempt outcome=pass event=push deliveryId=replay-10

 ✓ src/lib/__tests__/publish-db-only.test.ts (22 tests) 3295ms
   ✓ publishSkill — DB-only flow > calls db.skill.upsert when publishing  1528ms
stderr | tests/integration/webhook-signature-fuzz.test.ts > T-033 — webhook signature + replay fuzz (AC-US9-06, AC-NFR2-01) > 100% rejects bad inputs and accepts valid ones across 1000 mutations
[webhook] hmac_attempt outcome=pass event=push deliveryId=replay-11

stderr | tests/integration/webhook-signature-fuzz.test.ts > T-033 — webhook signature + replay fuzz (AC-US9-06, AC-NFR2-01) > 100% rejects bad inputs and accepts valid ones across 1000 mutations
[webhook] hmac_attempt outcome=pass event=push deliveryId=replay-11

stderr | tests/integration/webhook-signature-fuzz.test.ts > T-033 — webhook signature + replay fuzz (AC-US9-06, AC-NFR2-01) > 100% rejects bad inputs and accepts valid ones across 1000 mutations
[webhook] hmac_attempt outcome=pass event=push deliveryId=replay-12

 ✓ src/lib/github-app.test.ts (6 tests) 413ms
stderr | tests/integration/webhook-signature-fuzz.test.ts > T-033 — webhook signature + replay fuzz (AC-US9-06, AC-NFR2-01) > 100% rejects bad inputs and accepts valid ones across 1000 mutations
[webhook] hmac_attempt outcome=pass event=push deliveryId=replay-12

stderr | tests/integration/webhook-signature-fuzz.test.ts > T-033 — webhook signature + replay fuzz (AC-US9-06, AC-NFR2-01) > 100% rejects bad inputs and accepts valid ones across 1000 mutations
[webhook] hmac_attempt outcome=pass event=push deliveryId=replay-13

stderr | tests/integration/webhook-signature-fuzz.test.ts > T-033 — webhook signature + replay fuzz (AC-US9-06, AC-NFR2-01) > 100% rejects bad inputs and accepts valid ones across 1000 mutations
[webhook] hmac_attempt outcome=pass event=push deliveryId=replay-13

stderr | tests/integration/webhook-signature-fuzz.test.ts > T-033 — webhook signature + replay fuzz (AC-US9-06, AC-NFR2-01) > 100% rejects bad inputs and accepts valid ones across 1000 mutations
[webhook] hmac_attempt outcome=pass event=push deliveryId=replay-14

stderr | tests/integration/webhook-signature-fuzz.test.ts > T-033 — webhook signature + replay fuzz (AC-US9-06, AC-NFR2-01) > 100% rejects bad inputs and accepts valid ones across 1000 mutations
[webhook] hmac_attempt outcome=pass event=push deliveryId=replay-14

stderr | tests/integration/webhook-signature-fuzz.test.ts > T-033 — webhook signature + replay fuzz (AC-US9-06, AC-NFR2-01) > 100% rejects bad inputs and accepts valid ones across 1000 mutations
[webhook] hmac_attempt outcome=pass event=push deliveryId=replay-15

stderr | tests/integration/webhook-signature-fuzz.test.ts > T-033 — webhook signature + replay fuzz (AC-US9-06, AC-NFR2-01) > 100% rejects bad inputs and accepts valid ones across 1000 mutations
[webhook] hmac_attempt outcome=pass event=push deliveryId=replay-15

stderr | tests/integration/webhook-signature-fuzz.test.ts > T-033 — webhook signature + replay fuzz (AC-US9-06, AC-NFR2-01) > 100% rejects bad inputs and accepts valid ones across 1000 mutations
[webhook] hmac_attempt outcome=pass event=push deliveryId=replay-16

stderr | tests/integration/webhook-signature-fuzz.test.ts > T-033 — webhook signature + replay fuzz (AC-US9-06, AC-NFR2-01) > 100% rejects bad inputs and accepts valid ones across 1000 mutations
[webhook] hmac_attempt outcome=pass event=push deliveryId=replay-16

stderr | tests/integration/webhook-signature-fuzz.test.ts > T-033 — webhook signature + replay fuzz (AC-US9-06, AC-NFR2-01) > 100% rejects bad inputs and accepts valid ones across 1000 mutations
[webhook] hmac_attempt outcome=pass event=push deliveryId=replay-17

stderr | tests/integration/webhook-signature-fuzz.test.ts > T-033 — webhook signature + replay fuzz (AC-US9-06, AC-NFR2-01) > 100% rejects bad inputs and accepts valid ones across 1000 mutations
[webhook] hmac_attempt outcome=pass event=push deliveryId=replay-17

stderr | tests/integration/webhook-signature-fuzz.test.ts > T-033 — webhook signature + replay fuzz (AC-US9-06, AC-NFR2-01) > 100% rejects bad inputs and accepts valid ones across 1000 mutations
[webhook] hmac_attempt outcome=pass event=push deliveryId=replay-18

stderr | tests/integration/webhook-signature-fuzz.test.ts > T-033 — webhook signature + replay fuzz (AC-US9-06, AC-NFR2-01) > 100% rejects bad inputs and accepts valid ones across 1000 mutations
[webhook] hmac_attempt outcome=pass event=push deliveryId=replay-18

stderr | tests/integration/webhook-signature-fuzz.test.ts > T-033 — webhook signature + replay fuzz (AC-US9-06, AC-NFR2-01) > 100% rejects bad inputs and accepts valid ones across 1000 mutations
[webhook] hmac_attempt outcome=pass event=push deliveryId=replay-19

stderr | tests/integration/webhook-signature-fuzz.test.ts > T-033 — webhook signature + replay fuzz (AC-US9-06, AC-NFR2-01) > 100% rejects bad inputs and accepts valid ones across 1000 mutations
[webhook] hmac_attempt outcome=pass event=push deliveryId=replay-19

stderr | tests/integration/webhook-signature-fuzz.test.ts > T-033 — webhook signature + replay fuzz (AC-US9-06, AC-NFR2-01) > 100% rejects bad inputs and accepts valid ones across 1000 mutations
[webhook] hmac_attempt outcome=pass event=push deliveryId=replay-20

stderr | tests/integration/webhook-signature-fuzz.test.ts > T-033 — webhook signature + replay fuzz (AC-US9-06, AC-NFR2-01) > 100% rejects bad inputs and accepts valid ones across 1000 mutations
[webhook] hmac_attempt outcome=pass event=push deliveryId=replay-20

stderr | tests/integration/webhook-signature-fuzz.test.ts > T-033 — webhook signature + replay fuzz (AC-US9-06, AC-NFR2-01) > 100% rejects bad inputs and accepts valid ones across 1000 mutations
[webhook] hmac_attempt outcome=pass event=push deliveryId=replay-21

stderr | tests/integration/webhook-signature-fuzz.test.ts > T-033 — webhook signature + replay fuzz (AC-US9-06, AC-NFR2-01) > 100% rejects bad inputs and accepts valid ones across 1000 mutations
[webhook] hmac_attempt outcome=pass event=push deliveryId=replay-21

stderr | tests/integration/webhook-signature-fuzz.test.ts > T-033 — webhook signature + replay fuzz (AC-US9-06, AC-NFR2-01) > 100% rejects bad inputs and accepts valid ones across 1000 mutations
[webhook] hmac_attempt outcome=pass event=push deliveryId=replay-22

stderr | tests/integration/webhook-signature-fuzz.test.ts > T-033 — webhook signature + replay fuzz (AC-US9-06, AC-NFR2-01) > 100% rejects bad inputs and accepts valid ones across 1000 mutations
[webhook] hmac_attempt outcome=pass event=push deliveryId=replay-22

stderr | tests/integration/webhook-signature-fuzz.test.ts > T-033 — webhook signature + replay fuzz (AC-US9-06, AC-NFR2-01) > 100% rejects bad inputs and accepts valid ones across 1000 mutations
[webhook] hmac_attempt outcome=pass event=push deliveryId=replay-23

stderr | tests/integration/webhook-signature-fuzz.test.ts > T-033 — webhook signature + replay fuzz (AC-US9-06, AC-NFR2-01) > 100% rejects bad inputs and accepts valid ones across 1000 mutations
[webhook] hmac_attempt outcome=pass event=push deliveryId=replay-23

stderr | tests/integration/webhook-signature-fuzz.test.ts > T-033 — webhook signature + replay fuzz (AC-US9-06, AC-NFR2-01) > 100% rejects bad inputs and accepts valid ones across 1000 mutations
[webhook] hmac_attempt outcome=pass event=push deliveryId=replay-24

stderr | tests/integration/webhook-signature-fuzz.test.ts > T-033 — webhook signature + replay fuzz (AC-US9-06, AC-NFR2-01) > 100% rejects bad inputs and accepts valid ones across 1000 mutations
[webhook] hmac_attempt outcome=pass event=push deliveryId=replay-24

stderr | tests/integration/webhook-signature-fuzz.test.ts > T-033 — webhook signature + replay fuzz (AC-US9-06, AC-NFR2-01) > 100% rejects bad inputs and accepts valid ones across 1000 mutations
[webhook] hmac_attempt outcome=pass event=push deliveryId=replay-25

stderr | tests/integration/webhook-signature-fuzz.test.ts > T-033 — webhook signature + replay fuzz (AC-US9-06, AC-NFR2-01) > 100% rejects bad inputs and accepts valid ones across 1000 mutations
[webhook] hmac_attempt outcome=pass event=push deliveryId=replay-25

stderr | tests/integration/webhook-signature-fuzz.test.ts > T-033 — webhook signature + replay fuzz (AC-US9-06, AC-NFR2-01) > 100% rejects bad inputs and accepts valid ones across 1000 mutations
[webhook] hmac_attempt outcome=pass event=push deliveryId=replay-26

 ✓ src/lib/__tests__/architecture/cert-tier-derivation.test.ts (3 tests) 215ms
stderr | tests/integration/webhook-signature-fuzz.test.ts > T-033 — webhook signature + replay fuzz (AC-US9-06, AC-NFR2-01) > 100% rejects bad inputs and accepts valid ones across 1000 mutations
[webhook] hmac_attempt outcome=pass event=push deliveryId=replay-26

stderr | tests/integration/webhook-signature-fuzz.test.ts > T-033 — webhook signature + replay fuzz (AC-US9-06, AC-NFR2-01) > 100% rejects bad inputs and accepts valid ones across 1000 mutations
[webhook] hmac_attempt outcome=pass event=push deliveryId=replay-27

stderr | tests/integration/webhook-signature-fuzz.test.ts > T-033 — webhook signature + replay fuzz (AC-US9-06, AC-NFR2-01) > 100% rejects bad inputs and accepts valid ones across 1000 mutations
[webhook] hmac_attempt outcome=pass event=push deliveryId=replay-27

stderr | tests/integration/webhook-signature-fuzz.test.ts > T-033 — webhook signature + replay fuzz (AC-US9-06, AC-NFR2-01) > 100% rejects bad inputs and accepts valid ones across 1000 mutations
[webhook] hmac_attempt outcome=pass event=push deliveryId=replay-28

stderr | tests/integration/webhook-signature-fuzz.test.ts > T-033 — webhook signature + replay fuzz (AC-US9-06, AC-NFR2-01) > 100% rejects bad inputs and accepts valid ones across 1000 mutations
[webhook] hmac_attempt outcome=pass event=push deliveryId=replay-28

stderr | tests/integration/webhook-signature-fuzz.test.ts > T-033 — webhook signature + replay fuzz (AC-US9-06, AC-NFR2-01) > 100% rejects bad inputs and accepts valid ones across 1000 mutations
[webhook] hmac_attempt outcome=pass event=push deliveryId=replay-29

stderr | tests/integration/webhook-signature-fuzz.test.ts > T-033 — webhook signature + replay fuzz (AC-US9-06, AC-NFR2-01) > 100% rejects bad inputs and accepts valid ones across 1000 mutations
[webhook] hmac_attempt outcome=pass event=push deliveryId=replay-29

stderr | tests/integration/webhook-signature-fuzz.test.ts > T-033 — webhook signature + replay fuzz (AC-US9-06, AC-NFR2-01) > 100% rejects bad inputs and accepts valid ones across 1000 mutations
[webhook] hmac_attempt outcome=pass event=push deliveryId=replay-30

stderr | tests/integration/webhook-signature-fuzz.test.ts > T-033 — webhook signature + replay fuzz (AC-US9-06, AC-NFR2-01) > 100% rejects bad inputs and accepts valid ones across 1000 mutations
[webhook] hmac_attempt outcome=pass event=push deliveryId=replay-30

stderr | tests/integration/webhook-signature-fuzz.test.ts > T-033 — webhook signature + replay fuzz (AC-US9-06, AC-NFR2-01) > 100% rejects bad inputs and accepts valid ones across 1000 mutations
[webhook] hmac_attempt outcome=pass event=push deliveryId=replay-31

stderr | tests/integration/webhook-signature-fuzz.test.ts > T-033 — webhook signature + replay fuzz (AC-US9-06, AC-NFR2-01) > 100% rejects bad inputs and accepts valid ones across 1000 mutations
[webhook] hmac_attempt outcome=pass event=push deliveryId=replay-31

stderr | tests/integration/webhook-signature-fuzz.test.ts > T-033 — webhook signature + replay fuzz (AC-US9-06, AC-NFR2-01) > 100% rejects bad inputs and accepts valid ones across 1000 mutations
[webhook] hmac_attempt outcome=pass event=push deliveryId=replay-32

stderr | tests/integration/webhook-signature-fuzz.test.ts > T-033 — webhook signature + replay fuzz (AC-US9-06, AC-NFR2-01) > 100% rejects bad inputs and accepts valid ones across 1000 mutations
[webhook] hmac_attempt outcome=pass event=push deliveryId=replay-32

stderr | tests/integration/webhook-signature-fuzz.test.ts > T-033 — webhook signature + replay fuzz (AC-US9-06, AC-NFR2-01) > 100% rejects bad inputs and accepts valid ones across 1000 mutations
[webhook] hmac_attempt outcome=pass event=push deliveryId=replay-33

stderr | tests/integration/webhook-signature-fuzz.test.ts > T-033 — webhook signature + replay fuzz (AC-US9-06, AC-NFR2-01) > 100% rejects bad inputs and accepts valid ones across 1000 mutations
[webhook] hmac_attempt outcome=pass event=push deliveryId=replay-33

stderr | tests/integration/webhook-signature-fuzz.test.ts > T-033 — webhook signature + replay fuzz (AC-US9-06, AC-NFR2-01) > 100% rejects bad inputs and accepts valid ones across 1000 mutations
[webhook] hmac_attempt outcome=pass event=push deliveryId=replay-34

stderr | tests/integration/webhook-signature-fuzz.test.ts > T-033 — webhook signature + replay fuzz (AC-US9-06, AC-NFR2-01) > 100% rejects bad inputs and accepts valid ones across 1000 mutations
[webhook] hmac_attempt outcome=pass event=push deliveryId=replay-34

 ✓ src/lib/search-index/__tests__/state-transition-coverage.test.ts (1 test) 266ms
stderr | tests/integration/webhook-signature-fuzz.test.ts > T-033 — webhook signature + replay fuzz (AC-US9-06, AC-NFR2-01) > 100% rejects bad inputs and accepts valid ones across 1000 mutations
[webhook] hmac_attempt outcome=pass event=push deliveryId=replay-35

stderr | tests/integration/webhook-signature-fuzz.test.ts > T-033 — webhook signature + replay fuzz (AC-US9-06, AC-NFR2-01) > 100% rejects bad inputs and accepts valid ones across 1000 mutations
[webhook] hmac_attempt outcome=pass event=push deliveryId=replay-35

stderr | tests/integration/webhook-signature-fuzz.test.ts > T-033 — webhook signature + replay fuzz (AC-US9-06, AC-NFR2-01) > 100% rejects bad inputs and accepts valid ones across 1000 mutations
[webhook] hmac_attempt outcome=pass event=push deliveryId=replay-36

stderr | tests/integration/webhook-signature-fuzz.test.ts > T-033 — webhook signature + replay fuzz (AC-US9-06, AC-NFR2-01) > 100% rejects bad inputs and accepts valid ones across 1000 mutations
[webhook] hmac_attempt outcome=pass event=push deliveryId=replay-36

stderr | tests/integration/webhook-signature-fuzz.test.ts > T-033 — webhook signature + replay fuzz (AC-US9-06, AC-NFR2-01) > 100% rejects bad inputs and accepts valid ones across 1000 mutations
[webhook] hmac_attempt outcome=pass event=push deliveryId=replay-37

stderr | tests/integration/webhook-signature-fuzz.test.ts > T-033 — webhook signature + replay fuzz (AC-US9-06, AC-NFR2-01) > 100% rejects bad inputs and accepts valid ones across 1000 mutations
[webhook] hmac_attempt outcome=pass event=push deliveryId=replay-37

stderr | tests/integration/webhook-signature-fuzz.test.ts > T-033 — webhook signature + replay fuzz (AC-US9-06, AC-NFR2-01) > 100% rejects bad inputs and accepts valid ones across 1000 mutations
[webhook] hmac_attempt outcome=pass event=push deliveryId=replay-38

stderr | tests/integration/webhook-signature-fuzz.test.ts > T-033 — webhook signature + replay fuzz (AC-US9-06, AC-NFR2-01) > 100% rejects bad inputs and accepts valid ones across 1000 mutations
[webhook] hmac_attempt outcome=pass event=push deliveryId=replay-38

stderr | tests/integration/webhook-signature-fuzz.test.ts > T-033 — webhook signature + replay fuzz (AC-US9-06, AC-NFR2-01) > 100% rejects bad inputs and accepts valid ones across 1000 mutations
[webhook] hmac_attempt outcome=pass event=push deliveryId=replay-39

stderr | tests/integration/webhook-signature-fuzz.test.ts > T-033 — webhook signature + replay fuzz (AC-US9-06, AC-NFR2-01) > 100% rejects bad inputs and accepts valid ones across 1000 mutations
[webhook] hmac_attempt outcome=pass event=push deliveryId=replay-39

stderr | tests/integration/webhook-signature-fuzz.test.ts > T-033 — webhook signature + replay fuzz (AC-US9-06, AC-NFR2-01) > 100% rejects bad inputs and accepts valid ones across 1000 mutations
[webhook] hmac_attempt outcome=pass event=push deliveryId=replay-40

stderr | tests/integration/webhook-signature-fuzz.test.ts > T-033 — webhook signature + replay fuzz (AC-US9-06, AC-NFR2-01) > 100% rejects bad inputs and accepts valid ones across 1000 mutations
[webhook] hmac_attempt outcome=pass event=push deliveryId=replay-40

stderr | tests/integration/webhook-signature-fuzz.test.ts > T-033 — webhook signature + replay fuzz (AC-US9-06, AC-NFR2-01) > 100% rejects bad inputs and accepts valid ones across 1000 mutations
[webhook] hmac_attempt outcome=pass event=push deliveryId=replay-41

stderr | tests/integration/webhook-signature-fuzz.test.ts > T-033 — webhook signature + replay fuzz (AC-US9-06, AC-NFR2-01) > 100% rejects bad inputs and accepts valid ones across 1000 mutations
[webhook] hmac_attempt outcome=pass event=push deliveryId=replay-41

stderr | tests/integration/webhook-signature-fuzz.test.ts > T-033 — webhook signature + replay fuzz (AC-US9-06, AC-NFR2-01) > 100% rejects bad inputs and accepts valid ones across 1000 mutations
[webhook] hmac_attempt outcome=pass event=push deliveryId=replay-42

stderr | tests/integration/webhook-signature-fuzz.test.ts > T-033 — webhook signature + replay fuzz (AC-US9-06, AC-NFR2-01) > 100% rejects bad inputs and accepts valid ones across 1000 mutations
[webhook] hmac_attempt outcome=pass event=push deliveryId=replay-42

stderr | tests/integration/webhook-signature-fuzz.test.ts > T-033 — webhook signature + replay fuzz (AC-US9-06, AC-NFR2-01) > 100% rejects bad inputs and accepts valid ones across 1000 mutations
[webhook] hmac_attempt outcome=pass event=push deliveryId=replay-43

stderr | tests/integration/webhook-signature-fuzz.test.ts > T-033 — webhook signature + replay fuzz (AC-US9-06, AC-NFR2-01) > 100% rejects bad inputs and accepts valid ones across 1000 mutations
[webhook] hmac_attempt outcome=pass event=push deliveryId=replay-43

stderr | tests/integration/webhook-signature-fuzz.test.ts > T-033 — webhook signature + replay fuzz (AC-US9-06, AC-NFR2-01) > 100% rejects bad inputs and accepts valid ones across 1000 mutations
[webhook] hmac_attempt outcome=pass event=push deliveryId=replay-44

stderr | tests/integration/webhook-signature-fuzz.test.ts > T-033 — webhook signature + replay fuzz (AC-US9-06, AC-NFR2-01) > 100% rejects bad inputs and accepts valid ones across 1000 mutations
[webhook] hmac_attempt outcome=pass event=push deliveryId=replay-44

stderr | tests/integration/webhook-signature-fuzz.test.ts > T-033 — webhook signature + replay fuzz (AC-US9-06, AC-NFR2-01) > 100% rejects bad inputs and accepts valid ones across 1000 mutations
[webhook] hmac_attempt outcome=pass event=push deliveryId=replay-45

stderr | tests/integration/webhook-signature-fuzz.test.ts > T-033 — webhook signature + replay fuzz (AC-US9-06, AC-NFR2-01) > 100% rejects bad inputs and accepts valid ones across 1000 mutations
[webhook] hmac_attempt outcome=pass event=push deliveryId=replay-45

stderr | tests/integration/webhook-signature-fuzz.test.ts > T-033 — webhook signature + replay fuzz (AC-US9-06, AC-NFR2-01) > 100% rejects bad inputs and accepts valid ones across 1000 mutations
[webhook] hmac_attempt outcome=pass event=push deliveryId=replay-46

stderr | tests/integration/webhook-signature-fuzz.test.ts > T-033 — webhook signature + replay fuzz (AC-US9-06, AC-NFR2-01) > 100% rejects bad inputs and accepts valid ones across 1000 mutations
[webhook] hmac_attempt outcome=pass event=push deliveryId=replay-46

stderr | tests/integration/webhook-signature-fuzz.test.ts > T-033 — webhook signature + replay fuzz (AC-US9-06, AC-NFR2-01) > 100% rejects bad inputs and accepts valid ones across 1000 mutations
[webhook] hmac_attempt outcome=pass event=push deliveryId=replay-47

stderr | tests/integration/webhook-signature-fuzz.test.ts > T-033 — webhook signature + replay fuzz (AC-US9-06, AC-NFR2-01) > 100% rejects bad inputs and accepts valid ones across 1000 mutations
[webhook] hmac_attempt outcome=pass event=push deliveryId=replay-47

stderr | tests/integration/webhook-signature-fuzz.test.ts > T-033 — webhook signature + replay fuzz (AC-US9-06, AC-NFR2-01) > 100% rejects bad inputs and accepts valid ones across 1000 mutations
[webhook] hmac_attempt outcome=pass event=push deliveryId=replay-48

stderr | tests/integration/webhook-signature-fuzz.test.ts > T-033 — webhook signature + replay fuzz (AC-US9-06, AC-NFR2-01) > 100% rejects bad inputs and accepts valid ones across 1000 mutations
[webhook] hmac_attempt outcome=pass event=push deliveryId=replay-48

stderr | tests/integration/webhook-signature-fuzz.test.ts > T-033 — webhook signature + replay fuzz (AC-US9-06, AC-NFR2-01) > 100% rejects bad inputs and accepts valid ones across 1000 mutations
[webhook] hmac_attempt outcome=pass event=push deliveryId=replay-49

stderr | tests/integration/webhook-signature-fuzz.test.ts > T-033 — webhook signature + replay fuzz (AC-US9-06, AC-NFR2-01) > 100% rejects bad inputs and accepts valid ones across 1000 mutations
[webhook] hmac_attempt outcome=pass event=push deliveryId=replay-49

stderr | src/lib/__tests__/auth-fetch.test.ts > authFetch — 0723 lockdown integration > on 409 WORKSPACE_FINGERPRINT_MISMATCH: fires fire-and-forget telemetry POST with reason='api-409' (AC-US6-01)
lockdown_backfill_failed: Unexpected end of JSON input

stderr | tests/integration/webhook-signature-fuzz.test.ts > T-033 — webhook signature + replay fuzz (AC-US9-06, AC-NFR2-01) > 100% rejects bad inputs and accepts valid ones across 1000 mutations
[webhook] hmac_attempt outcome=pass event=push deliveryId=replay-50

stderr | tests/integration/webhook-signature-fuzz.test.ts > T-033 — webhook signature + replay fuzz (AC-US9-06, AC-NFR2-01) > 100% rejects bad inputs and accepts valid ones across 1000 mutations
[webhook] hmac_attempt outcome=pass event=push deliveryId=replay-50

stderr | tests/integration/webhook-signature-fuzz.test.ts > T-033 — webhook signature + replay fuzz (AC-US9-06, AC-NFR2-01) > 100% rejects bad inputs and accepts valid ones across 1000 mutations
[webhook] hmac_attempt outcome=pass event=push deliveryId=replay-51

stderr | tests/integration/webhook-signature-fuzz.test.ts > T-033 — webhook signature + replay fuzz (AC-US9-06, AC-NFR2-01) > 100% rejects bad inputs and accepts valid ones across 1000 mutations
[webhook] hmac_attempt outcome=pass event=push deliveryId=replay-51

 ✓ src/lib/__tests__/auth-fetch.test.ts (18 tests) 208ms
stderr | tests/integration/webhook-signature-fuzz.test.ts > T-033 — webhook signature + replay fuzz (AC-US9-06, AC-NFR2-01) > 100% rejects bad inputs and accepts valid ones across 1000 mutations
[webhook] hmac_attempt outcome=pass event=push deliveryId=replay-52

stderr | tests/integration/webhook-signature-fuzz.test.ts > T-033 — webhook signature + replay fuzz (AC-US9-06, AC-NFR2-01) > 100% rejects bad inputs and accepts valid ones across 1000 mutations
[webhook] hmac_attempt outcome=pass event=push deliveryId=replay-52

stderr | tests/integration/webhook-signature-fuzz.test.ts > T-033 — webhook signature + replay fuzz (AC-US9-06, AC-NFR2-01) > 100% rejects bad inputs and accepts valid ones across 1000 mutations
[webhook] hmac_attempt outcome=pass event=push deliveryId=replay-53

stderr | tests/integration/webhook-signature-fuzz.test.ts > T-033 — webhook signature + replay fuzz (AC-US9-06, AC-NFR2-01) > 100% rejects bad inputs and accepts valid ones across 1000 mutations
[webhook] hmac_attempt outcome=pass event=push deliveryId=replay-53

stderr | tests/integration/webhook-signature-fuzz.test.ts > T-033 — webhook signature + replay fuzz (AC-US9-06, AC-NFR2-01) > 100% rejects bad inputs and accepts valid ones across 1000 mutations
[webhook] hmac_attempt outcome=pass event=push deliveryId=replay-54

stderr | tests/integration/webhook-signature-fuzz.test.ts > T-033 — webhook signature + replay fuzz (AC-US9-06, AC-NFR2-01) > 100% rejects bad inputs and accepts valid ones across 1000 mutations
[webhook] hmac_attempt outcome=pass event=push deliveryId=replay-54

stderr | tests/integration/webhook-signature-fuzz.test.ts > T-033 — webhook signature + replay fuzz (AC-US9-06, AC-NFR2-01) > 100% rejects bad inputs and accepts valid ones across 1000 mutations
[webhook] hmac_attempt outcome=pass event=push deliveryId=replay-55

stderr | tests/integration/webhook-signature-fuzz.test.ts > T-033 — webhook signature + replay fuzz (AC-US9-06, AC-NFR2-01) > 100% rejects bad inputs and accepts valid ones across 1000 mutations
[webhook] hmac_attempt outcome=pass event=push deliveryId=replay-55

stderr | tests/integration/webhook-signature-fuzz.test.ts > T-033 — webhook signature + replay fuzz (AC-US9-06, AC-NFR2-01) > 100% rejects bad inputs and accepts valid ones across 1000 mutations
[webhook] hmac_attempt outcome=pass event=push deliveryId=replay-56

stderr | tests/integration/webhook-signature-fuzz.test.ts > T-033 — webhook signature + replay fuzz (AC-US9-06, AC-NFR2-01) > 100% rejects bad inputs and accepts valid ones across 1000 mutations
[webhook] hmac_attempt outcome=pass event=push deliveryId=replay-56

stderr | tests/integration/webhook-signature-fuzz.test.ts > T-033 — webhook signature + replay fuzz (AC-US9-06, AC-NFR2-01) > 100% rejects bad inputs and accepts valid ones across 1000 mutations
[webhook] hmac_attempt outcome=pass event=push deliveryId=replay-57

stderr | tests/integration/webhook-signature-fuzz.test.ts > T-033 — webhook signature + replay fuzz (AC-US9-06, AC-NFR2-01) > 100% rejects bad inputs and accepts valid ones across 1000 mutations
[webhook] hmac_attempt outcome=pass event=push deliveryId=replay-57

stderr | tests/integration/webhook-signature-fuzz.test.ts > T-033 — webhook signature + replay fuzz (AC-US9-06, AC-NFR2-01) > 100% rejects bad inputs and accepts valid ones across 1000 mutations
[webhook] hmac_attempt outcome=pass event=push deliveryId=replay-58

stderr | tests/integration/webhook-signature-fuzz.test.ts > T-033 — webhook signature + replay fuzz (AC-US9-06, AC-NFR2-01) > 100% rejects bad inputs and accepts valid ones across 1000 mutations
[webhook] hmac_attempt outcome=pass event=push deliveryId=replay-58

stderr | tests/integration/webhook-signature-fuzz.test.ts > T-033 — webhook signature + replay fuzz (AC-US9-06, AC-NFR2-01) > 100% rejects bad inputs and accepts valid ones across 1000 mutations
[webhook] hmac_attempt outcome=pass event=push deliveryId=replay-59

stderr | tests/integration/webhook-signature-fuzz.test.ts > T-033 — webhook signature + replay fuzz (AC-US9-06, AC-NFR2-01) > 100% rejects bad inputs and accepts valid ones across 1000 mutations
[webhook] hmac_attempt outcome=pass event=push deliveryId=replay-59

stderr | tests/integration/webhook-signature-fuzz.test.ts > T-033 — webhook signature + replay fuzz (AC-US9-06, AC-NFR2-01) > 100% rejects bad inputs and accepts valid ones across 1000 mutations
[webhook] hmac_attempt outcome=pass event=push deliveryId=replay-60

stderr | tests/integration/webhook-signature-fuzz.test.ts > T-033 — webhook signature + replay fuzz (AC-US9-06, AC-NFR2-01) > 100% rejects bad inputs and accepts valid ones across 1000 mutations
[webhook] hmac_attempt outcome=pass event=push deliveryId=replay-60

stderr | tests/integration/webhook-signature-fuzz.test.ts > T-033 — webhook signature + replay fuzz (AC-US9-06, AC-NFR2-01) > 100% rejects bad inputs and accepts valid ones across 1000 mutations
[webhook] hmac_attempt outcome=pass event=push deliveryId=replay-61

stderr | tests/integration/webhook-signature-fuzz.test.ts > T-033 — webhook signature + replay fuzz (AC-US9-06, AC-NFR2-01) > 100% rejects bad inputs and accepts valid ones across 1000 mutations
[webhook] hmac_attempt outcome=pass event=push deliveryId=replay-61

stderr | tests/integration/webhook-signature-fuzz.test.ts > T-033 — webhook signature + replay fuzz (AC-US9-06, AC-NFR2-01) > 100% rejects bad inputs and accepts valid ones across 1000 mutations
[webhook] hmac_attempt outcome=pass event=push deliveryId=replay-62

stderr | tests/integration/webhook-signature-fuzz.test.ts > T-033 — webhook signature + replay fuzz (AC-US9-06, AC-NFR2-01) > 100% rejects bad inputs and accepts valid ones across 1000 mutations
[webhook] hmac_attempt outcome=pass event=push deliveryId=replay-62

stderr | tests/integration/webhook-signature-fuzz.test.ts > T-033 — webhook signature + replay fuzz (AC-US9-06, AC-NFR2-01) > 100% rejects bad inputs and accepts valid ones across 1000 mutations
[webhook] hmac_attempt outcome=pass event=push deliveryId=replay-63

stderr | tests/integration/webhook-signature-fuzz.test.ts > T-033 — webhook signature + replay fuzz (AC-US9-06, AC-NFR2-01) > 100% rejects bad inputs and accepts valid ones across 1000 mutations
[webhook] hmac_attempt outcome=pass event=push deliveryId=replay-63

stderr | tests/integration/webhook-signature-fuzz.test.ts > T-033 — webhook signature + replay fuzz (AC-US9-06, AC-NFR2-01) > 100% rejects bad inputs and accepts valid ones across 1000 mutations
[webhook] hmac_attempt outcome=pass event=push deliveryId=replay-64

stderr | tests/integration/webhook-signature-fuzz.test.ts > T-033 — webhook signature + replay fuzz (AC-US9-06, AC-NFR2-01) > 100% rejects bad inputs and accepts valid ones across 1000 mutations
[webhook] hmac_attempt outcome=pass event=push deliveryId=replay-64

stderr | tests/integration/webhook-signature-fuzz.test.ts > T-033 — webhook signature + replay fuzz (AC-US9-06, AC-NFR2-01) > 100% rejects bad inputs and accepts valid ones across 1000 mutations
[webhook] hmac_attempt outcome=pass event=push deliveryId=replay-65

stderr | tests/integration/webhook-signature-fuzz.test.ts > T-033 — webhook signature + replay fuzz (AC-US9-06, AC-NFR2-01) > 100% rejects bad inputs and accepts valid ones across 1000 mutations
[webhook] hmac_attempt outcome=pass event=push deliveryId=replay-65

stderr | tests/integration/webhook-signature-fuzz.test.ts > T-033 — webhook signature + replay fuzz (AC-US9-06, AC-NFR2-01) > 100% rejects bad inputs and accepts valid ones across 1000 mutations
[webhook] hmac_attempt outcome=pass event=push deliveryId=replay-66

stderr | tests/integration/webhook-signature-fuzz.test.ts > T-033 — webhook signature + replay fuzz (AC-US9-06, AC-NFR2-01) > 100% rejects bad inputs and accepts valid ones across 1000 mutations
[webhook] hmac_attempt outcome=pass event=push deliveryId=replay-66

stderr | tests/integration/webhook-signature-fuzz.test.ts > T-033 — webhook signature + replay fuzz (AC-US9-06, AC-NFR2-01) > 100% rejects bad inputs and accepts valid ones across 1000 mutations
[webhook] hmac_attempt outcome=pass event=push deliveryId=replay-67

stderr | tests/integration/webhook-signature-fuzz.test.ts > T-033 — webhook signature + replay fuzz (AC-US9-06, AC-NFR2-01) > 100% rejects bad inputs and accepts valid ones across 1000 mutations
[webhook] hmac_attempt outcome=pass event=push deliveryId=replay-67

stderr | tests/integration/webhook-signature-fuzz.test.ts > T-033 — webhook signature + replay fuzz (AC-US9-06, AC-NFR2-01) > 100% rejects bad inputs and accepts valid ones across 1000 mutations
[webhook] hmac_attempt outcome=pass event=push deliveryId=replay-68

stderr | tests/integration/webhook-signature-fuzz.test.ts > T-033 — webhook signature + replay fuzz (AC-US9-06, AC-NFR2-01) > 100% rejects bad inputs and accepts valid ones across 1000 mutations
[webhook] hmac_attempt outcome=pass event=push deliveryId=replay-68

stderr | tests/integration/webhook-signature-fuzz.test.ts > T-033 — webhook signature + replay fuzz (AC-US9-06, AC-NFR2-01) > 100% rejects bad inputs and accepts valid ones across 1000 mutations
[webhook] hmac_attempt outcome=pass event=push deliveryId=replay-69

stderr | tests/integration/webhook-signature-fuzz.test.ts > T-033 — webhook signature + replay fuzz (AC-US9-06, AC-NFR2-01) > 100% rejects bad inputs and accepts valid ones across 1000 mutations
[webhook] hmac_attempt outcome=pass event=push deliveryId=replay-69

stderr | tests/integration/webhook-signature-fuzz.test.ts > T-033 — webhook signature + replay fuzz (AC-US9-06, AC-NFR2-01) > 100% rejects bad inputs and accepts valid ones across 1000 mutations
[webhook] hmac_attempt outcome=pass event=push deliveryId=replay-70

stderr | tests/integration/webhook-signature-fuzz.test.ts > T-033 — webhook signature + replay fuzz (AC-US9-06, AC-NFR2-01) > 100% rejects bad inputs and accepts valid ones across 1000 mutations
[webhook] hmac_attempt outcome=pass event=push deliveryId=replay-70

stderr | tests/integration/webhook-signature-fuzz.test.ts > T-033 — webhook signature + replay fuzz (AC-US9-06, AC-NFR2-01) > 100% rejects bad inputs and accepts valid ones across 1000 mutations
[webhook] hmac_attempt outcome=pass event=push deliveryId=replay-71

stderr | tests/integration/webhook-signature-fuzz.test.ts > T-033 — webhook signature + replay fuzz (AC-US9-06, AC-NFR2-01) > 100% rejects bad inputs and accepts valid ones across 1000 mutations
[webhook] hmac_attempt outcome=pass event=push deliveryId=replay-71

stderr | tests/integration/webhook-signature-fuzz.test.ts > T-033 — webhook signature + replay fuzz (AC-US9-06, AC-NFR2-01) > 100% rejects bad inputs and accepts valid ones across 1000 mutations
[webhook] hmac_attempt outcome=pass event=push deliveryId=replay-72

stderr | tests/integration/webhook-signature-fuzz.test.ts > T-033 — webhook signature + replay fuzz (AC-US9-06, AC-NFR2-01) > 100% rejects bad inputs and accepts valid ones across 1000 mutations
[webhook] hmac_attempt outcome=pass event=push deliveryId=replay-72

stderr | tests/integration/webhook-signature-fuzz.test.ts > T-033 — webhook signature + replay fuzz (AC-US9-06, AC-NFR2-01) > 100% rejects bad inputs and accepts valid ones across 1000 mutations
[webhook] hmac_attempt outcome=pass event=push deliveryId=replay-73

stderr | tests/integration/webhook-signature-fuzz.test.ts > T-033 — webhook signature + replay fuzz (AC-US9-06, AC-NFR2-01) > 100% rejects bad inputs and accepts valid ones across 1000 mutations
[webhook] hmac_attempt outcome=pass event=push deliveryId=replay-73

stderr | tests/integration/webhook-signature-fuzz.test.ts > T-033 — webhook signature + replay fuzz (AC-US9-06, AC-NFR2-01) > 100% rejects bad inputs and accepts valid ones across 1000 mutations
[webhook] hmac_attempt outcome=pass event=push deliveryId=replay-74

stderr | src/lib/skill-update/__tests__/scanner.integration.test.ts > scanner → outbox → reconciler (0712 AC-US1-06) > scanner write produces UpdateEvent w/ publishedAt=null; reconciler transitions to publishedAt!=null and publishes
[scanner] SKILL.md fetch failed {
  skillId: 'skill_int_1',
  sha: 'feedfacefeedfacefeedfacefeedfacefeedface',
  error: '404 Not Found'
}

stderr | tests/integration/webhook-signature-fuzz.test.ts > T-033 — webhook signature + replay fuzz (AC-US9-06, AC-NFR2-01) > 100% rejects bad inputs and accepts valid ones across 1000 mutations
[webhook] hmac_attempt outcome=pass event=push deliveryId=replay-74

stderr | tests/integration/webhook-signature-fuzz.test.ts > T-033 — webhook signature + replay fuzz (AC-US9-06, AC-NFR2-01) > 100% rejects bad inputs and accepts valid ones across 1000 mutations
[webhook] hmac_attempt outcome=pass event=push deliveryId=replay-75

stderr | tests/integration/webhook-signature-fuzz.test.ts > T-033 — webhook signature + replay fuzz (AC-US9-06, AC-NFR2-01) > 100% rejects bad inputs and accepts valid ones across 1000 mutations
[webhook] hmac_attempt outcome=pass event=push deliveryId=replay-75

stderr | src/lib/skill-update/__tests__/scanner.integration.test.ts > scanner → outbox → reconciler (0712 AC-US1-06) > scanner write produces UpdateEvent w/ publishedAt=null; reconciler transitions to publishedAt!=null and publishes
[outbox-writer] skipped slug derivation: invalid skill name shape { segments: 2, length: 13 }

stderr | tests/integration/webhook-signature-fuzz.test.ts > T-033 — webhook signature + replay fuzz (AC-US9-06, AC-NFR2-01) > 100% rejects bad inputs and accepts valid ones across 1000 mutations
[webhook] hmac_attempt outcome=pass event=push deliveryId=replay-76

stderr | tests/integration/webhook-signature-fuzz.test.ts > T-033 — webhook signature + replay fuzz (AC-US9-06, AC-NFR2-01) > 100% rejects bad inputs and accepts valid ones across 1000 mutations
[webhook] hmac_attempt outcome=pass event=push deliveryId=replay-76

stderr | tests/integration/webhook-signature-fuzz.test.ts > T-033 — webhook signature + replay fuzz (AC-US9-06, AC-NFR2-01) > 100% rejects bad inputs and accepts valid ones across 1000 mutations
[webhook] hmac_attempt outcome=pass event=push deliveryId=replay-77

stderr | tests/integration/webhook-signature-fuzz.test.ts > T-033 — webhook signature + replay fuzz (AC-US9-06, AC-NFR2-01) > 100% rejects bad inputs and accepts valid ones across 1000 mutations
[webhook] hmac_attempt outcome=pass event=push deliveryId=replay-77

stderr | tests/integration/webhook-signature-fuzz.test.ts > T-033 — webhook signature + replay fuzz (AC-US9-06, AC-NFR2-01) > 100% rejects bad inputs and accepts valid ones across 1000 mutations
[webhook] hmac_attempt outcome=pass event=push deliveryId=replay-78

stderr | tests/integration/webhook-signature-fuzz.test.ts > T-033 — webhook signature + replay fuzz (AC-US9-06, AC-NFR2-01) > 100% rejects bad inputs and accepts valid ones across 1000 mutations
[webhook] hmac_attempt outcome=pass event=push deliveryId=replay-78

stderr | tests/integration/webhook-signature-fuzz.test.ts > T-033 — webhook signature + replay fuzz (AC-US9-06, AC-NFR2-01) > 100% rejects bad inputs and accepts valid ones across 1000 mutations
[webhook] hmac_attempt outcome=pass event=push deliveryId=replay-79

stderr | tests/integration/webhook-signature-fuzz.test.ts > T-033 — webhook signature + replay fuzz (AC-US9-06, AC-NFR2-01) > 100% rejects bad inputs and accepts valid ones across 1000 mutations
[webhook] hmac_attempt outcome=pass event=push deliveryId=replay-79

 ✓ src/lib/skill-update/__tests__/scanner.integration.test.ts (2 tests) 171ms
stderr | tests/integration/webhook-signature-fuzz.test.ts > T-033 — webhook signature + replay fuzz (AC-US9-06, AC-NFR2-01) > 100% rejects bad inputs and accepts valid ones across 1000 mutations
[webhook] hmac_attempt outcome=pass event=push deliveryId=replay-80

stderr | tests/integration/webhook-signature-fuzz.test.ts > T-033 — webhook signature + replay fuzz (AC-US9-06, AC-NFR2-01) > 100% rejects bad inputs and accepts valid ones across 1000 mutations
[webhook] hmac_attempt outcome=pass event=push deliveryId=replay-80

stderr | tests/integration/webhook-signature-fuzz.test.ts > T-033 — webhook signature + replay fuzz (AC-US9-06, AC-NFR2-01) > 100% rejects bad inputs and accepts valid ones across 1000 mutations
[webhook] hmac_attempt outcome=pass event=push deliveryId=replay-81

stderr | tests/integration/webhook-signature-fuzz.test.ts > T-033 — webhook signature + replay fuzz (AC-US9-06, AC-NFR2-01) > 100% rejects bad inputs and accepts valid ones across 1000 mutations
[webhook] hmac_attempt outcome=pass event=push deliveryId=replay-81

stderr | tests/integration/webhook-signature-fuzz.test.ts > T-033 — webhook signature + replay fuzz (AC-US9-06, AC-NFR2-01) > 100% rejects bad inputs and accepts valid ones across 1000 mutations
[webhook] hmac_attempt outcome=pass event=push deliveryId=replay-82

stderr | tests/integration/webhook-signature-fuzz.test.ts > T-033 — webhook signature + replay fuzz (AC-US9-06, AC-NFR2-01) > 100% rejects bad inputs and accepts valid ones across 1000 mutations
[webhook] hmac_attempt outcome=pass event=push deliveryId=replay-82

stderr | tests/integration/webhook-signature-fuzz.test.ts > T-033 — webhook signature + replay fuzz (AC-US9-06, AC-NFR2-01) > 100% rejects bad inputs and accepts valid ones across 1000 mutations
[webhook] hmac_attempt outcome=pass event=push deliveryId=replay-83

stderr | tests/integration/webhook-signature-fuzz.test.ts > T-033 — webhook signature + replay fuzz (AC-US9-06, AC-NFR2-01) > 100% rejects bad inputs and accepts valid ones across 1000 mutations
[webhook] hmac_attempt outcome=pass event=push deliveryId=replay-83

stderr | tests/integration/webhook-signature-fuzz.test.ts > T-033 — webhook signature + replay fuzz (AC-US9-06, AC-NFR2-01) > 100% rejects bad inputs and accepts valid ones across 1000 mutations
[webhook] hmac_attempt outcome=pass event=push deliveryId=replay-84

stderr | tests/integration/webhook-signature-fuzz.test.ts > T-033 — webhook signature + replay fuzz (AC-US9-06, AC-NFR2-01) > 100% rejects bad inputs and accepts valid ones across 1000 mutations
[webhook] hmac_attempt outcome=pass event=push deliveryId=replay-84

stderr | tests/integration/webhook-signature-fuzz.test.ts > T-033 — webhook signature + replay fuzz (AC-US9-06, AC-NFR2-01) > 100% rejects bad inputs and accepts valid ones across 1000 mutations
[webhook] hmac_attempt outcome=pass event=push deliveryId=replay-85

stderr | tests/integration/webhook-signature-fuzz.test.ts > T-033 — webhook signature + replay fuzz (AC-US9-06, AC-NFR2-01) > 100% rejects bad inputs and accepts valid ones across 1000 mutations
[webhook] hmac_attempt outcome=pass event=push deliveryId=replay-85

stderr | tests/integration/webhook-signature-fuzz.test.ts > T-033 — webhook signature + replay fuzz (AC-US9-06, AC-NFR2-01) > 100% rejects bad inputs and accepts valid ones across 1000 mutations
[webhook] hmac_attempt outcome=pass event=push deliveryId=replay-86

stderr | tests/integration/webhook-signature-fuzz.test.ts > T-033 — webhook signature + replay fuzz (AC-US9-06, AC-NFR2-01) > 100% rejects bad inputs and accepts valid ones across 1000 mutations
[webhook] hmac_attempt outcome=pass event=push deliveryId=replay-86

 ✓ src/lib/learn/__tests__/videos.test.ts (9 tests) 203ms
stderr | tests/integration/webhook-signature-fuzz.test.ts > T-033 — webhook signature + replay fuzz (AC-US9-06, AC-NFR2-01) > 100% rejects bad inputs and accepts valid ones across 1000 mutations
[webhook] hmac_attempt outcome=pass event=push deliveryId=replay-87

stderr | tests/integration/webhook-signature-fuzz.test.ts > T-033 — webhook signature + replay fuzz (AC-US9-06, AC-NFR2-01) > 100% rejects bad inputs and accepts valid ones across 1000 mutations
[webhook] hmac_attempt outcome=pass event=push deliveryId=replay-87

stderr | tests/integration/webhook-signature-fuzz.test.ts > T-033 — webhook signature + replay fuzz (AC-US9-06, AC-NFR2-01) > 100% rejects bad inputs and accepts valid ones across 1000 mutations
[webhook] hmac_attempt outcome=pass event=push deliveryId=replay-88

stderr | tests/integration/webhook-signature-fuzz.test.ts > T-033 — webhook signature + replay fuzz (AC-US9-06, AC-NFR2-01) > 100% rejects bad inputs and accepts valid ones across 1000 mutations
[webhook] hmac_attempt outcome=pass event=push deliveryId=replay-88

stderr | tests/integration/webhook-signature-fuzz.test.ts > T-033 — webhook signature + replay fuzz (AC-US9-06, AC-NFR2-01) > 100% rejects bad inputs and accepts valid ones across 1000 mutations
[webhook] hmac_attempt outcome=pass event=push deliveryId=replay-89

stderr | tests/integration/webhook-signature-fuzz.test.ts > T-033 — webhook signature + replay fuzz (AC-US9-06, AC-NFR2-01) > 100% rejects bad inputs and accepts valid ones across 1000 mutations
[webhook] hmac_attempt outcome=pass event=push deliveryId=replay-89

stderr | tests/integration/webhook-signature-fuzz.test.ts > T-033 — webhook signature + replay fuzz (AC-US9-06, AC-NFR2-01) > 100% rejects bad inputs and accepts valid ones across 1000 mutations
[webhook] hmac_attempt outcome=pass event=push deliveryId=replay-90

stderr | tests/integration/webhook-signature-fuzz.test.ts > T-033 — webhook signature + replay fuzz (AC-US9-06, AC-NFR2-01) > 100% rejects bad inputs and accepts valid ones across 1000 mutations
[webhook] hmac_attempt outcome=pass event=push deliveryId=replay-90

stderr | tests/integration/webhook-signature-fuzz.test.ts > T-033 — webhook signature + replay fuzz (AC-US9-06, AC-NFR2-01) > 100% rejects bad inputs and accepts valid ones across 1000 mutations
[webhook] hmac_attempt outcome=pass event=push deliveryId=replay-91

stderr | tests/integration/webhook-signature-fuzz.test.ts > T-033 — webhook signature + replay fuzz (AC-US9-06, AC-NFR2-01) > 100% rejects bad inputs and accepts valid ones across 1000 mutations
[webhook] hmac_attempt outcome=pass event=push deliveryId=replay-91

stderr | tests/integration/webhook-signature-fuzz.test.ts > T-033 — webhook signature + replay fuzz (AC-US9-06, AC-NFR2-01) > 100% rejects bad inputs and accepts valid ones across 1000 mutations
[webhook] hmac_attempt outcome=pass event=push deliveryId=replay-92

stderr | tests/integration/webhook-signature-fuzz.test.ts > T-033 — webhook signature + replay fuzz (AC-US9-06, AC-NFR2-01) > 100% rejects bad inputs and accepts valid ones across 1000 mutations
[webhook] hmac_attempt outcome=pass event=push deliveryId=replay-92

stderr | tests/integration/webhook-signature-fuzz.test.ts > T-033 — webhook signature + replay fuzz (AC-US9-06, AC-NFR2-01) > 100% rejects bad inputs and accepts valid ones across 1000 mutations
[webhook] hmac_attempt outcome=pass event=push deliveryId=replay-93

stderr | tests/integration/webhook-signature-fuzz.test.ts > T-033 — webhook signature + replay fuzz (AC-US9-06, AC-NFR2-01) > 100% rejects bad inputs and accepts valid ones across 1000 mutations
[webhook] hmac_attempt outcome=pass event=push deliveryId=replay-93

stderr | tests/integration/webhook-signature-fuzz.test.ts > T-033 — webhook signature + replay fuzz (AC-US9-06, AC-NFR2-01) > 100% rejects bad inputs and accepts valid ones across 1000 mutations
[webhook] hmac_attempt outcome=pass event=push deliveryId=replay-94

stderr | tests/integration/webhook-signature-fuzz.test.ts > T-033 — webhook signature + replay fuzz (AC-US9-06, AC-NFR2-01) > 100% rejects bad inputs and accepts valid ones across 1000 mutations
[webhook] hmac_attempt outcome=pass event=push deliveryId=replay-94

stderr | tests/integration/webhook-signature-fuzz.test.ts > T-033 — webhook signature + replay fuzz (AC-US9-06, AC-NFR2-01) > 100% rejects bad inputs and accepts valid ones across 1000 mutations
[webhook] hmac_attempt outcome=pass event=push deliveryId=replay-95

stderr | tests/integration/webhook-signature-fuzz.test.ts > T-033 — webhook signature + replay fuzz (AC-US9-06, AC-NFR2-01) > 100% rejects bad inputs and accepts valid ones across 1000 mutations
[webhook] hmac_attempt outcome=pass event=push deliveryId=replay-95

stderr | tests/integration/webhook-signature-fuzz.test.ts > T-033 — webhook signature + replay fuzz (AC-US9-06, AC-NFR2-01) > 100% rejects bad inputs and accepts valid ones across 1000 mutations
[webhook] hmac_attempt outcome=pass event=push deliveryId=replay-96

stderr | tests/integration/webhook-signature-fuzz.test.ts > T-033 — webhook signature + replay fuzz (AC-US9-06, AC-NFR2-01) > 100% rejects bad inputs and accepts valid ones across 1000 mutations
[webhook] hmac_attempt outcome=pass event=push deliveryId=replay-96

stderr | tests/integration/webhook-signature-fuzz.test.ts > T-033 — webhook signature + replay fuzz (AC-US9-06, AC-NFR2-01) > 100% rejects bad inputs and accepts valid ones across 1000 mutations
[webhook] hmac_attempt outcome=pass event=push deliveryId=replay-97

stderr | tests/integration/webhook-signature-fuzz.test.ts > T-033 — webhook signature + replay fuzz (AC-US9-06, AC-NFR2-01) > 100% rejects bad inputs and accepts valid ones across 1000 mutations
[webhook] hmac_attempt outcome=pass event=push deliveryId=replay-97

stderr | tests/integration/webhook-signature-fuzz.test.ts > T-033 — webhook signature + replay fuzz (AC-US9-06, AC-NFR2-01) > 100% rejects bad inputs and accepts valid ones across 1000 mutations
[webhook] hmac_attempt outcome=pass event=push deliveryId=replay-98

stderr | tests/integration/webhook-signature-fuzz.test.ts > T-033 — webhook signature + replay fuzz (AC-US9-06, AC-NFR2-01) > 100% rejects bad inputs and accepts valid ones across 1000 mutations
[webhook] hmac_attempt outcome=pass event=push deliveryId=replay-98

stderr | tests/integration/webhook-signature-fuzz.test.ts > T-033 — webhook signature + replay fuzz (AC-US9-06, AC-NFR2-01) > 100% rejects bad inputs and accepts valid ones across 1000 mutations
[webhook] hmac_attempt outcome=pass event=push deliveryId=replay-99

stderr | tests/integration/webhook-signature-fuzz.test.ts > T-033 — webhook signature + replay fuzz (AC-US9-06, AC-NFR2-01) > 100% rejects bad inputs and accepts valid ones across 1000 mutations
[webhook] hmac_attempt outcome=pass event=push deliveryId=replay-99

stderr | tests/integration/webhook-signature-fuzz.test.ts > T-033 — webhook signature + replay fuzz (AC-US9-06, AC-NFR2-01) > 100% rejects bad inputs and accepts valid ones across 1000 mutations
[webhook] hmac_attempt outcome=pass event=push deliveryId=replay-100

stderr | tests/integration/webhook-signature-fuzz.test.ts > T-033 — webhook signature + replay fuzz (AC-US9-06, AC-NFR2-01) > 100% rejects bad inputs and accepts valid ones across 1000 mutations
[webhook] hmac_attempt outcome=pass event=push deliveryId=replay-100

stderr | tests/integration/webhook-signature-fuzz.test.ts > T-033 — webhook signature + replay fuzz (AC-US9-06, AC-NFR2-01) > 100% rejects bad inputs and accepts valid ones across 1000 mutations
[webhook] hmac_attempt outcome=pass event=push deliveryId=replay-101

stderr | tests/integration/webhook-signature-fuzz.test.ts > T-033 — webhook signature + replay fuzz (AC-US9-06, AC-NFR2-01) > 100% rejects bad inputs and accepts valid ones across 1000 mutations
[webhook] hmac_attempt outcome=pass event=push deliveryId=replay-101

stderr | tests/integration/webhook-signature-fuzz.test.ts > T-033 — webhook signature + replay fuzz (AC-US9-06, AC-NFR2-01) > 100% rejects bad inputs and accepts valid ones across 1000 mutations
[webhook] hmac_attempt outcome=pass event=push deliveryId=replay-102

stderr | tests/integration/webhook-signature-fuzz.test.ts > T-033 — webhook signature + replay fuzz (AC-US9-06, AC-NFR2-01) > 100% rejects bad inputs and accepts valid ones across 1000 mutations
[webhook] hmac_attempt outcome=pass event=push deliveryId=replay-102

stderr | tests/integration/webhook-signature-fuzz.test.ts > T-033 — webhook signature + replay fuzz (AC-US9-06, AC-NFR2-01) > 100% rejects bad inputs and accepts valid ones across 1000 mutations
[webhook] hmac_attempt outcome=pass event=push deliveryId=replay-103

stderr | tests/integration/webhook-signature-fuzz.test.ts > T-033 — webhook signature + replay fuzz (AC-US9-06, AC-NFR2-01) > 100% rejects bad inputs and accepts valid ones across 1000 mutations
[webhook] hmac_attempt outcome=pass event=push deliveryId=replay-103

stderr | tests/integration/webhook-signature-fuzz.test.ts > T-033 — webhook signature + replay fuzz (AC-US9-06, AC-NFR2-01) > 100% rejects bad inputs and accepts valid ones across 1000 mutations
[webhook] hmac_attempt outcome=pass event=push deliveryId=replay-104

stderr | tests/integration/webhook-signature-fuzz.test.ts > T-033 — webhook signature + replay fuzz (AC-US9-06, AC-NFR2-01) > 100% rejects bad inputs and accepts valid ones across 1000 mutations
[webhook] hmac_attempt outcome=pass event=push deliveryId=replay-104

stderr | tests/integration/webhook-signature-fuzz.test.ts > T-033 — webhook signature + replay fuzz (AC-US9-06, AC-NFR2-01) > 100% rejects bad inputs and accepts valid ones across 1000 mutations
[webhook] hmac_attempt outcome=pass event=push deliveryId=replay-105

stderr | tests/integration/webhook-signature-fuzz.test.ts > T-033 — webhook signature + replay fuzz (AC-US9-06, AC-NFR2-01) > 100% rejects bad inputs and accepts valid ones across 1000 mutations
[webhook] hmac_attempt outcome=pass event=push deliveryId=replay-105

stderr | tests/integration/webhook-signature-fuzz.test.ts > T-033 — webhook signature + replay fuzz (AC-US9-06, AC-NFR2-01) > 100% rejects bad inputs and accepts valid ones across 1000 mutations
[webhook] hmac_attempt outcome=pass event=push deliveryId=replay-106

stderr | tests/integration/webhook-signature-fuzz.test.ts > T-033 — webhook signature + replay fuzz (AC-US9-06, AC-NFR2-01) > 100% rejects bad inputs and accepts valid ones across 1000 mutations
[webhook] hmac_attempt outcome=pass event=push deliveryId=replay-106

stderr | tests/integration/webhook-signature-fuzz.test.ts > T-033 — webhook signature + replay fuzz (AC-US9-06, AC-NFR2-01) > 100% rejects bad inputs and accepts valid ones across 1000 mutations
[webhook] hmac_attempt outcome=pass event=push deliveryId=replay-107

stderr | tests/integration/webhook-signature-fuzz.test.ts > T-033 — webhook signature + replay fuzz (AC-US9-06, AC-NFR2-01) > 100% rejects bad inputs and accepts valid ones across 1000 mutations
[webhook] hmac_attempt outcome=pass event=push deliveryId=replay-107

stderr | tests/integration/webhook-signature-fuzz.test.ts > T-033 — webhook signature + replay fuzz (AC-US9-06, AC-NFR2-01) > 100% rejects bad inputs and accepts valid ones across 1000 mutations
[webhook] hmac_attempt outcome=pass event=push deliveryId=replay-108

stderr | tests/integration/webhook-signature-fuzz.test.ts > T-033 — webhook signature + replay fuzz (AC-US9-06, AC-NFR2-01) > 100% rejects bad inputs and accepts valid ones across 1000 mutations
[webhook] hmac_attempt outcome=pass event=push deliveryId=replay-108

stderr | tests/integration/webhook-signature-fuzz.test.ts > T-033 — webhook signature + replay fuzz (AC-US9-06, AC-NFR2-01) > 100% rejects bad inputs and accepts valid ones across 1000 mutations
[webhook] hmac_attempt outcome=pass event=push deliveryId=replay-109

stderr | tests/integration/webhook-signature-fuzz.test.ts > T-033 — webhook signature + replay fuzz (AC-US9-06, AC-NFR2-01) > 100% rejects bad inputs and accepts valid ones across 1000 mutations
[webhook] hmac_attempt outcome=pass event=push deliveryId=replay-109

stderr | tests/integration/webhook-signature-fuzz.test.ts > T-033 — webhook signature + replay fuzz (AC-US9-06, AC-NFR2-01) > 100% rejects bad inputs and accepts valid ones across 1000 mutations
[webhook] hmac_attempt outcome=pass event=push deliveryId=replay-110

stderr | tests/integration/webhook-signature-fuzz.test.ts > T-033 — webhook signature + replay fuzz (AC-US9-06, AC-NFR2-01) > 100% rejects bad inputs and accepts valid ones across 1000 mutations
[webhook] hmac_attempt outcome=pass event=push deliveryId=replay-110

stderr | tests/integration/webhook-signature-fuzz.test.ts > T-033 — webhook signature + replay fuzz (AC-US9-06, AC-NFR2-01) > 100% rejects bad inputs and accepts valid ones across 1000 mutations
[webhook] hmac_attempt outcome=pass event=push deliveryId=replay-111

stderr | tests/integration/webhook-signature-fuzz.test.ts > T-033 — webhook signature + replay fuzz (AC-US9-06, AC-NFR2-01) > 100% rejects bad inputs and accepts valid ones across 1000 mutations
[webhook] hmac_attempt outcome=pass event=push deliveryId=replay-111

stderr | tests/integration/webhook-signature-fuzz.test.ts > T-033 — webhook signature + replay fuzz (AC-US9-06, AC-NFR2-01) > 100% rejects bad inputs and accepts valid ones across 1000 mutations
[webhook] hmac_attempt outcome=pass event=push deliveryId=replay-112

stderr | tests/integration/webhook-signature-fuzz.test.ts > T-033 — webhook signature + replay fuzz (AC-US9-06, AC-NFR2-01) > 100% rejects bad inputs and accepts valid ones across 1000 mutations
[webhook] hmac_attempt outcome=pass event=push deliveryId=replay-112

stderr | tests/integration/webhook-signature-fuzz.test.ts > T-033 — webhook signature + replay fuzz (AC-US9-06, AC-NFR2-01) > 100% rejects bad inputs and accepts valid ones across 1000 mutations
[webhook] hmac_attempt outcome=pass event=push deliveryId=replay-113

stderr | tests/integration/webhook-signature-fuzz.test.ts > T-033 — webhook signature + replay fuzz (AC-US9-06, AC-NFR2-01) > 100% rejects bad inputs and accepts valid ones across 1000 mutations
[webhook] hmac_attempt outcome=pass event=push deliveryId=replay-113

stderr | tests/integration/webhook-signature-fuzz.test.ts > T-033 — webhook signature + replay fuzz (AC-US9-06, AC-NFR2-01) > 100% rejects bad inputs and accepts valid ones across 1000 mutations
[webhook] hmac_attempt outcome=pass event=push deliveryId=replay-114

stderr | tests/integration/webhook-signature-fuzz.test.ts > T-033 — webhook signature + replay fuzz (AC-US9-06, AC-NFR2-01) > 100% rejects bad inputs and accepts valid ones across 1000 mutations
[webhook] hmac_attempt outcome=pass event=push deliveryId=replay-114

stderr | tests/integration/webhook-signature-fuzz.test.ts > T-033 — webhook signature + replay fuzz (AC-US9-06, AC-NFR2-01) > 100% rejects bad inputs and accepts valid ones across 1000 mutations
[webhook] hmac_attempt outcome=pass event=push deliveryId=replay-115

stderr | tests/integration/webhook-signature-fuzz.test.ts > T-033 — webhook signature + replay fuzz (AC-US9-06, AC-NFR2-01) > 100% rejects bad inputs and accepts valid ones across 1000 mutations
[webhook] hmac_attempt outcome=pass event=push deliveryId=replay-115

stderr | tests/integration/webhook-signature-fuzz.test.ts > T-033 — webhook signature + replay fuzz (AC-US9-06, AC-NFR2-01) > 100% rejects bad inputs and accepts valid ones across 1000 mutations
[webhook] hmac_attempt outcome=pass event=push deliveryId=replay-116

stderr | tests/integration/webhook-signature-fuzz.test.ts > T-033 — webhook signature + replay fuzz (AC-US9-06, AC-NFR2-01) > 100% rejects bad inputs and accepts valid ones across 1000 mutations
[webhook] hmac_attempt outcome=pass event=push deliveryId=replay-116

stderr | tests/integration/webhook-signature-fuzz.test.ts > T-033 — webhook signature + replay fuzz (AC-US9-06, AC-NFR2-01) > 100% rejects bad inputs and accepts valid ones across 1000 mutations
[webhook] hmac_attempt outcome=pass event=push deliveryId=replay-117

stderr | tests/integration/webhook-signature-fuzz.test.ts > T-033 — webhook signature + replay fuzz (AC-US9-06, AC-NFR2-01) > 100% rejects bad inputs and accepts valid ones across 1000 mutations
[webhook] hmac_attempt outcome=pass event=push deliveryId=replay-117

stderr | tests/integration/webhook-signature-fuzz.test.ts > T-033 — webhook signature + replay fuzz (AC-US9-06, AC-NFR2-01) > 100% rejects bad inputs and accepts valid ones across 1000 mutations
[webhook] hmac_attempt outcome=pass event=push deliveryId=replay-118

stderr | tests/integration/webhook-signature-fuzz.test.ts > T-033 — webhook signature + replay fuzz (AC-US9-06, AC-NFR2-01) > 100% rejects bad inputs and accepts valid ones across 1000 mutations
[webhook] hmac_attempt outcome=pass event=push deliveryId=replay-118

 ✓ src/lib/skills/__tests__/architecture-skill-pair.test.ts (3 tests) 513ms
   ✓ architecture: single pair-write site for new Skill rows (0819 AC-US3-01..06) > no non-allowlisted source file calls db.skill.create() / db.skill.upsert() directly  511ms
stderr | tests/integration/webhook-signature-fuzz.test.ts > T-033 — webhook signature + replay fuzz (AC-US9-06, AC-NFR2-01) > 100% rejects bad inputs and accepts valid ones across 1000 mutations
[webhook] hmac_attempt outcome=pass event=push deliveryId=replay-119

stderr | tests/integration/webhook-signature-fuzz.test.ts > T-033 — webhook signature + replay fuzz (AC-US9-06, AC-NFR2-01) > 100% rejects bad inputs and accepts valid ones across 1000 mutations
[webhook] hmac_attempt outcome=pass event=push deliveryId=replay-119

stderr | tests/integration/webhook-signature-fuzz.test.ts > T-033 — webhook signature + replay fuzz (AC-US9-06, AC-NFR2-01) > 100% rejects bad inputs and accepts valid ones across 1000 mutations
[webhook] hmac_attempt outcome=pass event=push deliveryId=replay-120

stderr | tests/integration/webhook-signature-fuzz.test.ts > T-033 — webhook signature + replay fuzz (AC-US9-06, AC-NFR2-01) > 100% rejects bad inputs and accepts valid ones across 1000 mutations
[webhook] hmac_attempt outcome=pass event=push deliveryId=replay-120

stderr | tests/integration/webhook-signature-fuzz.test.ts > T-033 — webhook signature + replay fuzz (AC-US9-06, AC-NFR2-01) > 100% rejects bad inputs and accepts valid ones across 1000 mutations
[webhook] hmac_attempt outcome=pass event=push deliveryId=replay-121

stderr | tests/integration/webhook-signature-fuzz.test.ts > T-033 — webhook signature + replay fuzz (AC-US9-06, AC-NFR2-01) > 100% rejects bad inputs and accepts valid ones across 1000 mutations
[webhook] hmac_attempt outcome=pass event=push deliveryId=replay-121

stderr | tests/integration/webhook-signature-fuzz.test.ts > T-033 — webhook signature + replay fuzz (AC-US9-06, AC-NFR2-01) > 100% rejects bad inputs and accepts valid ones across 1000 mutations
[webhook] hmac_attempt outcome=pass event=push deliveryId=replay-122

stderr | tests/integration/webhook-signature-fuzz.test.ts > T-033 — webhook signature + replay fuzz (AC-US9-06, AC-NFR2-01) > 100% rejects bad inputs and accepts valid ones across 1000 mutations
[webhook] hmac_attempt outcome=pass event=push deliveryId=replay-122

stderr | tests/integration/webhook-signature-fuzz.test.ts > T-033 — webhook signature + replay fuzz (AC-US9-06, AC-NFR2-01) > 100% rejects bad inputs and accepts valid ones across 1000 mutations
[webhook] hmac_attempt outcome=pass event=push deliveryId=replay-123

stderr | tests/integration/webhook-signature-fuzz.test.ts > T-033 — webhook signature + replay fuzz (AC-US9-06, AC-NFR2-01) > 100% rejects bad inputs and accepts valid ones across 1000 mutations
[webhook] hmac_attempt outcome=pass event=push deliveryId=replay-123

stderr | tests/integration/webhook-signature-fuzz.test.ts > T-033 — webhook signature + replay fuzz (AC-US9-06, AC-NFR2-01) > 100% rejects bad inputs and accepts valid ones across 1000 mutations
[webhook] hmac_attempt outcome=pass event=push deliveryId=replay-124

stderr | tests/integration/webhook-signature-fuzz.test.ts > T-033 — webhook signature + replay fuzz (AC-US9-06, AC-NFR2-01) > 100% rejects bad inputs and accepts valid ones across 1000 mutations
[webhook] hmac_attempt outcome=pass event=push deliveryId=replay-124

stderr | tests/integration/webhook-signature-fuzz.test.ts > T-033 — webhook signature + replay fuzz (AC-US9-06, AC-NFR2-01) > 100% rejects bad inputs and accepts valid ones across 1000 mutations
[webhook] hmac_attempt outcome=pass event=push deliveryId=replay-125

stderr | tests/integration/webhook-signature-fuzz.test.ts > T-033 — webhook signature + replay fuzz (AC-US9-06, AC-NFR2-01) > 100% rejects bad inputs and accepts valid ones across 1000 mutations
[webhook] hmac_attempt outcome=pass event=push deliveryId=replay-125

stderr | tests/integration/webhook-signature-fuzz.test.ts > T-033 — webhook signature + replay fuzz (AC-US9-06, AC-NFR2-01) > 100% rejects bad inputs and accepts valid ones across 1000 mutations
[webhook] hmac_attempt outcome=pass event=push deliveryId=replay-126

stderr | tests/integration/webhook-signature-fuzz.test.ts > T-033 — webhook signature + replay fuzz (AC-US9-06, AC-NFR2-01) > 100% rejects bad inputs and accepts valid ones across 1000 mutations
[webhook] hmac_attempt outcome=pass event=push deliveryId=replay-126

stderr | tests/integration/webhook-signature-fuzz.test.ts > T-033 — webhook signature + replay fuzz (AC-US9-06, AC-NFR2-01) > 100% rejects bad inputs and accepts valid ones across 1000 mutations
[webhook] hmac_attempt outcome=pass event=push deliveryId=replay-127

stderr | tests/integration/webhook-signature-fuzz.test.ts > T-033 — webhook signature + replay fuzz (AC-US9-06, AC-NFR2-01) > 100% rejects bad inputs and accepts valid ones across 1000 mutations
[webhook] hmac_attempt outcome=pass event=push deliveryId=replay-127

stderr | tests/integration/webhook-signature-fuzz.test.ts > T-033 — webhook signature + replay fuzz (AC-US9-06, AC-NFR2-01) > 100% rejects bad inputs and accepts valid ones across 1000 mutations
[webhook] hmac_attempt outcome=pass event=push deliveryId=replay-128

stderr | tests/integration/webhook-signature-fuzz.test.ts > T-033 — webhook signature + replay fuzz (AC-US9-06, AC-NFR2-01) > 100% rejects bad inputs and accepts valid ones across 1000 mutations
[webhook] hmac_attempt outcome=pass event=push deliveryId=replay-128

stderr | tests/integration/webhook-signature-fuzz.test.ts > T-033 — webhook signature + replay fuzz (AC-US9-06, AC-NFR2-01) > 100% rejects bad inputs and accepts valid ones across 1000 mutations
[webhook] hmac_attempt outcome=pass event=push deliveryId=replay-129

stderr | tests/integration/webhook-signature-fuzz.test.ts > T-033 — webhook signature + replay fuzz (AC-US9-06, AC-NFR2-01) > 100% rejects bad inputs and accepts valid ones across 1000 mutations
[webhook] hmac_attempt outcome=pass event=push deliveryId=replay-129

stderr | tests/integration/webhook-signature-fuzz.test.ts > T-033 — webhook signature + replay fuzz (AC-US9-06, AC-NFR2-01) > 100% rejects bad inputs and accepts valid ones across 1000 mutations
[webhook] hmac_attempt outcome=pass event=push deliveryId=replay-130

stderr | tests/integration/webhook-signature-fuzz.test.ts > T-033 — webhook signature + replay fuzz (AC-US9-06, AC-NFR2-01) > 100% rejects bad inputs and accepts valid ones across 1000 mutations
[webhook] hmac_attempt outcome=pass event=push deliveryId=replay-130

stderr | tests/integration/webhook-signature-fuzz.test.ts > T-033 — webhook signature + replay fuzz (AC-US9-06, AC-NFR2-01) > 100% rejects bad inputs and accepts valid ones across 1000 mutations
[webhook] hmac_attempt outcome=pass event=push deliveryId=replay-131

stderr | tests/integration/webhook-signature-fuzz.test.ts > T-033 — webhook signature + replay fuzz (AC-US9-06, AC-NFR2-01) > 100% rejects bad inputs and accepts valid ones across 1000 mutations
[webhook] hmac_attempt outcome=pass event=push deliveryId=replay-131

stderr | tests/integration/webhook-signature-fuzz.test.ts > T-033 — webhook signature + replay fuzz (AC-US9-06, AC-NFR2-01) > 100% rejects bad inputs and accepts valid ones across 1000 mutations
[webhook] hmac_attempt outcome=pass event=push deliveryId=replay-132

stderr | tests/integration/webhook-signature-fuzz.test.ts > T-033 — webhook signature + replay fuzz (AC-US9-06, AC-NFR2-01) > 100% rejects bad inputs and accepts valid ones across 1000 mutations
[webhook] hmac_attempt outcome=pass event=push deliveryId=replay-132

stderr | tests/integration/webhook-signature-fuzz.test.ts > T-033 — webhook signature + replay fuzz (AC-US9-06, AC-NFR2-01) > 100% rejects bad inputs and accepts valid ones across 1000 mutations
[webhook] hmac_attempt outcome=pass event=push deliveryId=replay-133

stderr | tests/integration/webhook-signature-fuzz.test.ts > T-033 — webhook signature + replay fuzz (AC-US9-06, AC-NFR2-01) > 100% rejects bad inputs and accepts valid ones across 1000 mutations
[webhook] hmac_attempt outcome=pass event=push deliveryId=replay-133

stderr | tests/integration/webhook-signature-fuzz.test.ts > T-033 — webhook signature + replay fuzz (AC-US9-06, AC-NFR2-01) > 100% rejects bad inputs and accepts valid ones across 1000 mutations
[webhook] hmac_attempt outcome=pass event=push deliveryId=replay-134

stderr | tests/integration/webhook-signature-fuzz.test.ts > T-033 — webhook signature + replay fuzz (AC-US9-06, AC-NFR2-01) > 100% rejects bad inputs and accepts valid ones across 1000 mutations
[webhook] hmac_attempt outcome=pass event=push deliveryId=replay-134

stderr | tests/integration/webhook-signature-fuzz.test.ts > T-033 — webhook signature + replay fuzz (AC-US9-06, AC-NFR2-01) > 100% rejects bad inputs and accepts valid ones across 1000 mutations
[webhook] hmac_attempt outcome=pass event=push deliveryId=replay-135

stderr | tests/integration/webhook-signature-fuzz.test.ts > T-033 — webhook signature + replay fuzz (AC-US9-06, AC-NFR2-01) > 100% rejects bad inputs and accepts valid ones across 1000 mutations
[webhook] hmac_attempt outcome=pass event=push deliveryId=replay-135

stderr | tests/integration/webhook-signature-fuzz.test.ts > T-033 — webhook signature + replay fuzz (AC-US9-06, AC-NFR2-01) > 100% rejects bad inputs and accepts valid ones across 1000 mutations
[webhook] hmac_attempt outcome=pass event=push deliveryId=replay-136

stderr | tests/integration/webhook-signature-fuzz.test.ts > T-033 — webhook signature + replay fuzz (AC-US9-06, AC-NFR2-01) > 100% rejects bad inputs and accepts valid ones across 1000 mutations
[webhook] hmac_attempt outcome=pass event=push deliveryId=replay-136

stderr | tests/integration/webhook-signature-fuzz.test.ts > T-033 — webhook signature + replay fuzz (AC-US9-06, AC-NFR2-01) > 100% rejects bad inputs and accepts valid ones across 1000 mutations
[webhook] hmac_attempt outcome=pass event=push deliveryId=replay-137

stderr | tests/integration/webhook-signature-fuzz.test.ts > T-033 — webhook signature + replay fuzz (AC-US9-06, AC-NFR2-01) > 100% rejects bad inputs and accepts valid ones across 1000 mutations
[webhook] hmac_attempt outcome=pass event=push deliveryId=replay-137

stderr | tests/integration/webhook-signature-fuzz.test.ts > T-033 — webhook signature + replay fuzz (AC-US9-06, AC-NFR2-01) > 100% rejects bad inputs and accepts valid ones across 1000 mutations
[webhook] hmac_attempt outcome=pass event=push deliveryId=replay-138

 ✓ tests/integration/installation-callback.test.ts (5 tests) 198ms
stderr | tests/integration/webhook-signature-fuzz.test.ts > T-033 — webhook signature + replay fuzz (AC-US9-06, AC-NFR2-01) > 100% rejects bad inputs and accepts valid ones across 1000 mutations
[webhook] hmac_attempt outcome=pass event=push deliveryId=replay-138

stderr | tests/integration/webhook-signature-fuzz.test.ts > T-033 — webhook signature + replay fuzz (AC-US9-06, AC-NFR2-01) > 100% rejects bad inputs and accepts valid ones across 1000 mutations
[webhook] hmac_attempt outcome=pass event=push deliveryId=replay-139

stderr | tests/integration/webhook-signature-fuzz.test.ts > T-033 — webhook signature + replay fuzz (AC-US9-06, AC-NFR2-01) > 100% rejects bad inputs and accepts valid ones across 1000 mutations
[webhook] hmac_attempt outcome=pass event=push deliveryId=replay-139

stderr | tests/integration/webhook-signature-fuzz.test.ts > T-033 — webhook signature + replay fuzz (AC-US9-06, AC-NFR2-01) > 100% rejects bad inputs and accepts valid ones across 1000 mutations
[webhook] hmac_attempt outcome=pass event=push deliveryId=replay-140

stderr | tests/integration/webhook-signature-fuzz.test.ts > T-033 — webhook signature + replay fuzz (AC-US9-06, AC-NFR2-01) > 100% rejects bad inputs and accepts valid ones across 1000 mutations
[webhook] hmac_attempt outcome=pass event=push deliveryId=replay-140

stderr | tests/integration/webhook-signature-fuzz.test.ts > T-033 — webhook signature + replay fuzz (AC-US9-06, AC-NFR2-01) > 100% rejects bad inputs and accepts valid ones across 1000 mutations
[webhook] hmac_attempt outcome=pass event=push deliveryId=replay-141

stderr | tests/integration/webhook-signature-fuzz.test.ts > T-033 — webhook signature + replay fuzz (AC-US9-06, AC-NFR2-01) > 100% rejects bad inputs and accepts valid ones across 1000 mutations
[webhook] hmac_attempt outcome=pass event=push deliveryId=replay-141

stderr | tests/integration/webhook-signature-fuzz.test.ts > T-033 — webhook signature + replay fuzz (AC-US9-06, AC-NFR2-01) > 100% rejects bad inputs and accepts valid ones across 1000 mutations
[webhook] hmac_attempt outcome=pass event=push deliveryId=replay-142

stderr | tests/integration/webhook-signature-fuzz.test.ts > T-033 — webhook signature + replay fuzz (AC-US9-06, AC-NFR2-01) > 100% rejects bad inputs and accepts valid ones across 1000 mutations
[webhook] hmac_attempt outcome=pass event=push deliveryId=replay-142

stderr | tests/integration/webhook-signature-fuzz.test.ts > T-033 — webhook signature + replay fuzz (AC-US9-06, AC-NFR2-01) > 100% rejects bad inputs and accepts valid ones across 1000 mutations
[webhook] hmac_attempt outcome=pass event=push deliveryId=replay-143

stderr | tests/integration/webhook-signature-fuzz.test.ts > T-033 — webhook signature + replay fuzz (AC-US9-06, AC-NFR2-01) > 100% rejects bad inputs and accepts valid ones across 1000 mutations
[webhook] hmac_attempt outcome=pass event=push deliveryId=replay-143

stderr | tests/integration/webhook-signature-fuzz.test.ts > T-033 — webhook signature + replay fuzz (AC-US9-06, AC-NFR2-01) > 100% rejects bad inputs and accepts valid ones across 1000 mutations
[webhook] hmac_attempt outcome=pass event=push deliveryId=replay-144

stderr | tests/integration/webhook-signature-fuzz.test.ts > T-033 — webhook signature + replay fuzz (AC-US9-06, AC-NFR2-01) > 100% rejects bad inputs and accepts valid ones across 1000 mutations
[webhook] hmac_attempt outcome=pass event=push deliveryId=replay-144

stderr | tests/integration/webhook-signature-fuzz.test.ts > T-033 — webhook signature + replay fuzz (AC-US9-06, AC-NFR2-01) > 100% rejects bad inputs and accepts valid ones across 1000 mutations
[webhook] hmac_attempt outcome=pass event=push deliveryId=replay-145

stderr | tests/integration/webhook-signature-fuzz.test.ts > T-033 — webhook signature + replay fuzz (AC-US9-06, AC-NFR2-01) > 100% rejects bad inputs and accepts valid ones across 1000 mutations
[webhook] hmac_attempt outcome=pass event=push deliveryId=replay-145

stderr | tests/integration/webhook-signature-fuzz.test.ts > T-033 — webhook signature + replay fuzz (AC-US9-06, AC-NFR2-01) > 100% rejects bad inputs and accepts valid ones across 1000 mutations
[webhook] hmac_attempt outcome=pass event=push deliveryId=replay-146

stderr | tests/integration/webhook-signature-fuzz.test.ts > T-033 — webhook signature + replay fuzz (AC-US9-06, AC-NFR2-01) > 100% rejects bad inputs and accepts valid ones across 1000 mutations
[webhook] hmac_attempt outcome=pass event=push deliveryId=replay-146

stderr | tests/integration/webhook-signature-fuzz.test.ts > T-033 — webhook signature + replay fuzz (AC-US9-06, AC-NFR2-01) > 100% rejects bad inputs and accepts valid ones across 1000 mutations
[webhook] hmac_attempt outcome=pass event=push deliveryId=replay-147

stderr | tests/integration/webhook-signature-fuzz.test.ts > T-033 — webhook signature + replay fuzz (AC-US9-06, AC-NFR2-01) > 100% rejects bad inputs and accepts valid ones across 1000 mutations
[webhook] hmac_attempt outcome=pass event=push deliveryId=replay-147

stderr | tests/integration/webhook-signature-fuzz.test.ts > T-033 — webhook signature + replay fuzz (AC-US9-06, AC-NFR2-01) > 100% rejects bad inputs and accepts valid ones across 1000 mutations
[webhook] hmac_attempt outcome=pass event=push deliveryId=replay-148

stderr | tests/integration/webhook-signature-fuzz.test.ts > T-033 — webhook signature + replay fuzz (AC-US9-06, AC-NFR2-01) > 100% rejects bad inputs and accepts valid ones across 1000 mutations
[webhook] hmac_attempt outcome=pass event=push deliveryId=replay-148

 ✓ src/lib/__tests__/auth-perf.test.ts (5 tests) 4167ms
   ✓ Dynamic bcryptjs import (T-003) > Given hashPassword called → bcryptjs is loaded and works  1907ms
   ✓ Dynamic bcryptjs import (T-003) > Given wrong password → verifyPassword returns false  2181ms
stderr | tests/integration/webhook-signature-fuzz.test.ts > T-033 — webhook signature + replay fuzz (AC-US9-06, AC-NFR2-01) > 100% rejects bad inputs and accepts valid ones across 1000 mutations
[webhook] hmac_attempt outcome=pass event=push deliveryId=replay-149

stderr | tests/integration/webhook-signature-fuzz.test.ts > T-033 — webhook signature + replay fuzz (AC-US9-06, AC-NFR2-01) > 100% rejects bad inputs and accepts valid ones across 1000 mutations
[webhook] hmac_attempt outcome=pass event=push deliveryId=replay-149

stderr | tests/integration/webhook-signature-fuzz.test.ts > T-033 — webhook signature + replay fuzz (AC-US9-06, AC-NFR2-01) > 100% rejects bad inputs and accepts valid ones across 1000 mutations
[webhook] hmac_attempt outcome=pass event=push deliveryId=replay-150

stdout | src/lib/queue/__tests__/recovery.test.ts > recoverStuckSubmissions > returns zeroes when no stuck submissions
[recovery] found 0 stuck submissions to process

stdout | src/lib/queue/__tests__/recovery.test.ts > recoverStuckSubmissions > returns zeroes when no stuck submissions
[recovery] found=0 requeued=0 reconciled=0 failed=0

stdout | src/lib/queue/__tests__/recovery.test.ts > recoverStuckSubmissions > re-enqueues a first-time stuck submission
[recovery] found 1 stuck submissions to process

stderr | tests/integration/webhook-signature-fuzz.test.ts > T-033 — webhook signature + replay fuzz (AC-US9-06, AC-NFR2-01) > 100% rejects bad inputs and accepts valid ones across 1000 mutations
[webhook] hmac_attempt outcome=pass event=push deliveryId=replay-150

stdout | src/lib/queue/__tests__/recovery.test.ts > recoverStuckSubmissions > re-enqueues a first-time stuck submission
[recovery] found=1 requeued=1 reconciled=0 failed=0

stdout | src/lib/queue/__tests__/recovery.test.ts > recoverStuckSubmissions > marks as REJECTED when already retried
[recovery] found 1 stuck submissions to process

stderr | tests/integration/webhook-signature-fuzz.test.ts > T-033 — webhook signature + replay fuzz (AC-US9-06, AC-NFR2-01) > 100% rejects bad inputs and accepts valid ones across 1000 mutations
[webhook] hmac_attempt outcome=pass event=push deliveryId=replay-151

stderr | tests/integration/webhook-signature-fuzz.test.ts > T-033 — webhook signature + replay fuzz (AC-US9-06, AC-NFR2-01) > 100% rejects bad inputs and accepts valid ones across 1000 mutations
[webhook] hmac_attempt outcome=pass event=push deliveryId=replay-151

stderr | tests/integration/webhook-signature-fuzz.test.ts > T-033 — webhook signature + replay fuzz (AC-US9-06, AC-NFR2-01) > 100% rejects bad inputs and accepts valid ones across 1000 mutations
[webhook] hmac_attempt outcome=pass event=push deliveryId=replay-152

stderr | tests/integration/webhook-signature-fuzz.test.ts > T-033 — webhook signature + replay fuzz (AC-US9-06, AC-NFR2-01) > 100% rejects bad inputs and accepts valid ones across 1000 mutations
[webhook] hmac_attempt outcome=pass event=push deliveryId=replay-152

stderr | tests/integration/webhook-signature-fuzz.test.ts > T-033 — webhook signature + replay fuzz (AC-US9-06, AC-NFR2-01) > 100% rejects bad inputs and accepts valid ones across 1000 mutations
[webhook] hmac_attempt outcome=pass event=push deliveryId=replay-153

stderr | tests/integration/webhook-signature-fuzz.test.ts > T-033 — webhook signature + replay fuzz (AC-US9-06, AC-NFR2-01) > 100% rejects bad inputs and accepts valid ones across 1000 mutations
[webhook] hmac_attempt outcome=pass event=push deliveryId=replay-153

stderr | tests/integration/webhook-signature-fuzz.test.ts > T-033 — webhook signature + replay fuzz (AC-US9-06, AC-NFR2-01) > 100% rejects bad inputs and accepts valid ones across 1000 mutations
[webhook] hmac_attempt outcome=pass event=push deliveryId=replay-154

stderr | tests/integration/webhook-signature-fuzz.test.ts > T-033 — webhook signature + replay fuzz (AC-US9-06, AC-NFR2-01) > 100% rejects bad inputs and accepts valid ones across 1000 mutations
[webhook] hmac_attempt outcome=pass event=push deliveryId=replay-154

stderr | tests/integration/webhook-signature-fuzz.test.ts > T-033 — webhook signature + replay fuzz (AC-US9-06, AC-NFR2-01) > 100% rejects bad inputs and accepts valid ones across 1000 mutations
[webhook] hmac_attempt outcome=pass event=push deliveryId=replay-155

stderr | tests/integration/webhook-signature-fuzz.test.ts > T-033 — webhook signature + replay fuzz (AC-US9-06, AC-NFR2-01) > 100% rejects bad inputs and accepts valid ones across 1000 mutations
[webhook] hmac_attempt outcome=pass event=push deliveryId=replay-155

stderr | tests/integration/webhook-signature-fuzz.test.ts > T-033 — webhook signature + replay fuzz (AC-US9-06, AC-NFR2-01) > 100% rejects bad inputs and accepts valid ones across 1000 mutations
[webhook] hmac_attempt outcome=pass event=push deliveryId=replay-156

stderr | tests/integration/webhook-signature-fuzz.test.ts > T-033 — webhook signature + replay fuzz (AC-US9-06, AC-NFR2-01) > 100% rejects bad inputs and accepts valid ones across 1000 mutations
[webhook] hmac_attempt outcome=pass event=push deliveryId=replay-156

stderr | tests/integration/webhook-signature-fuzz.test.ts > T-033 — webhook signature + replay fuzz (AC-US9-06, AC-NFR2-01) > 100% rejects bad inputs and accepts valid ones across 1000 mutations
[webhook] hmac_attempt outcome=pass event=push deliveryId=replay-157

stderr | tests/integration/webhook-signature-fuzz.test.ts > T-033 — webhook signature + replay fuzz (AC-US9-06, AC-NFR2-01) > 100% rejects bad inputs and accepts valid ones across 1000 mutations
[webhook] hmac_attempt outcome=pass event=push deliveryId=replay-157

stderr | tests/integration/webhook-signature-fuzz.test.ts > T-033 — webhook signature + replay fuzz (AC-US9-06, AC-NFR2-01) > 100% rejects bad inputs and accepts valid ones across 1000 mutations
[webhook] hmac_attempt outcome=pass event=push deliveryId=replay-158

stderr | tests/integration/webhook-signature-fuzz.test.ts > T-033 — webhook signature + replay fuzz (AC-US9-06, AC-NFR2-01) > 100% rejects bad inputs and accepts valid ones across 1000 mutations
[webhook] hmac_attempt outcome=pass event=push deliveryId=replay-158

stderr | tests/integration/webhook-signature-fuzz.test.ts > T-033 — webhook signature + replay fuzz (AC-US9-06, AC-NFR2-01) > 100% rejects bad inputs and accepts valid ones across 1000 mutations
[webhook] hmac_attempt outcome=pass event=push deliveryId=replay-159

stderr | tests/integration/webhook-signature-fuzz.test.ts > T-033 — webhook signature + replay fuzz (AC-US9-06, AC-NFR2-01) > 100% rejects bad inputs and accepts valid ones across 1000 mutations
[webhook] hmac_attempt outcome=pass event=push deliveryId=replay-159

stderr | tests/integration/webhook-signature-fuzz.test.ts > T-033 — webhook signature + replay fuzz (AC-US9-06, AC-NFR2-01) > 100% rejects bad inputs and accepts valid ones across 1000 mutations
[webhook] hmac_attempt outcome=pass event=push deliveryId=replay-160

stderr | tests/integration/webhook-signature-fuzz.test.ts > T-033 — webhook signature + replay fuzz (AC-US9-06, AC-NFR2-01) > 100% rejects bad inputs and accepts valid ones across 1000 mutations
[webhook] hmac_attempt outcome=pass event=push deliveryId=replay-160

stderr | tests/integration/webhook-signature-fuzz.test.ts > T-033 — webhook signature + replay fuzz (AC-US9-06, AC-NFR2-01) > 100% rejects bad inputs and accepts valid ones across 1000 mutations
[webhook] hmac_attempt outcome=pass event=push deliveryId=replay-161

stderr | tests/integration/webhook-signature-fuzz.test.ts > T-033 — webhook signature + replay fuzz (AC-US9-06, AC-NFR2-01) > 100% rejects bad inputs and accepts valid ones across 1000 mutations
[webhook] hmac_attempt outcome=pass event=push deliveryId=replay-161

stderr | tests/integration/webhook-signature-fuzz.test.ts > T-033 — webhook signature + replay fuzz (AC-US9-06, AC-NFR2-01) > 100% rejects bad inputs and accepts valid ones across 1000 mutations
[webhook] hmac_attempt outcome=pass event=push deliveryId=replay-162

stderr | tests/integration/webhook-signature-fuzz.test.ts > T-033 — webhook signature + replay fuzz (AC-US9-06, AC-NFR2-01) > 100% rejects bad inputs and accepts valid ones across 1000 mutations
[webhook] hmac_attempt outcome=pass event=push deliveryId=replay-162

stderr | tests/integration/webhook-signature-fuzz.test.ts > T-033 — webhook signature + replay fuzz (AC-US9-06, AC-NFR2-01) > 100% rejects bad inputs and accepts valid ones across 1000 mutations
[webhook] hmac_attempt outcome=pass event=push deliveryId=replay-163

stderr | tests/integration/webhook-signature-fuzz.test.ts > T-033 — webhook signature + replay fuzz (AC-US9-06, AC-NFR2-01) > 100% rejects bad inputs and accepts valid ones across 1000 mutations
[webhook] hmac_attempt outcome=pass event=push deliveryId=replay-163

stderr | tests/integration/webhook-signature-fuzz.test.ts > T-033 — webhook signature + replay fuzz (AC-US9-06, AC-NFR2-01) > 100% rejects bad inputs and accepts valid ones across 1000 mutations
[webhook] hmac_attempt outcome=pass event=push deliveryId=replay-164

stderr | tests/integration/webhook-signature-fuzz.test.ts > T-033 — webhook signature + replay fuzz (AC-US9-06, AC-NFR2-01) > 100% rejects bad inputs and accepts valid ones across 1000 mutations
[webhook] hmac_attempt outcome=pass event=push deliveryId=replay-164

stderr | tests/integration/webhook-signature-fuzz.test.ts > T-033 — webhook signature + replay fuzz (AC-US9-06, AC-NFR2-01) > 100% rejects bad inputs and accepts valid ones across 1000 mutations
[webhook] hmac_attempt outcome=pass event=push deliveryId=replay-165

stderr | tests/integration/webhook-signature-fuzz.test.ts > T-033 — webhook signature + replay fuzz (AC-US9-06, AC-NFR2-01) > 100% rejects bad inputs and accepts valid ones across 1000 mutations
[webhook] hmac_attempt outcome=pass event=push deliveryId=replay-165

stderr | tests/integration/webhook-signature-fuzz.test.ts > T-033 — webhook signature + replay fuzz (AC-US9-06, AC-NFR2-01) > 100% rejects bad inputs and accepts valid ones across 1000 mutations
[webhook] hmac_attempt outcome=pass event=push deliveryId=replay-166

stderr | tests/integration/webhook-signature-fuzz.test.ts > T-033 — webhook signature + replay fuzz (AC-US9-06, AC-NFR2-01) > 100% rejects bad inputs and accepts valid ones across 1000 mutations
[webhook] hmac_attempt outcome=pass event=push deliveryId=replay-166

stderr | tests/integration/webhook-signature-fuzz.test.ts > T-033 — webhook signature + replay fuzz (AC-US9-06, AC-NFR2-01) > 100% rejects bad inputs and accepts valid ones across 1000 mutations
[webhook] hmac_attempt outcome=pass event=push deliveryId=replay-167

stderr | tests/integration/webhook-signature-fuzz.test.ts > T-033 — webhook signature + replay fuzz (AC-US9-06, AC-NFR2-01) > 100% rejects bad inputs and accepts valid ones across 1000 mutations
[webhook] hmac_attempt outcome=pass event=push deliveryId=replay-167

stderr | tests/integration/webhook-signature-fuzz.test.ts > T-033 — webhook signature + replay fuzz (AC-US9-06, AC-NFR2-01) > 100% rejects bad inputs and accepts valid ones across 1000 mutations
[webhook] hmac_attempt outcome=pass event=push deliveryId=replay-168

stderr | tests/integration/webhook-signature-fuzz.test.ts > T-033 — webhook signature + replay fuzz (AC-US9-06, AC-NFR2-01) > 100% rejects bad inputs and accepts valid ones across 1000 mutations
[webhook] hmac_attempt outcome=pass event=push deliveryId=replay-168

stderr | tests/integration/webhook-signature-fuzz.test.ts > T-033 — webhook signature + replay fuzz (AC-US9-06, AC-NFR2-01) > 100% rejects bad inputs and accepts valid ones across 1000 mutations
[webhook] hmac_attempt outcome=pass event=push deliveryId=replay-169

stderr | tests/integration/webhook-signature-fuzz.test.ts > T-033 — webhook signature + replay fuzz (AC-US9-06, AC-NFR2-01) > 100% rejects bad inputs and accepts valid ones across 1000 mutations
[webhook] hmac_attempt outcome=pass event=push deliveryId=replay-169

stderr | tests/integration/webhook-signature-fuzz.test.ts > T-033 — webhook signature + replay fuzz (AC-US9-06, AC-NFR2-01) > 100% rejects bad inputs and accepts valid ones across 1000 mutations
[webhook] hmac_attempt outcome=pass event=push deliveryId=replay-170

stderr | tests/integration/webhook-signature-fuzz.test.ts > T-033 — webhook signature + replay fuzz (AC-US9-06, AC-NFR2-01) > 100% rejects bad inputs and accepts valid ones across 1000 mutations
[webhook] hmac_attempt outcome=pass event=push deliveryId=replay-170

stderr | tests/integration/webhook-signature-fuzz.test.ts > T-033 — webhook signature + replay fuzz (AC-US9-06, AC-NFR2-01) > 100% rejects bad inputs and accepts valid ones across 1000 mutations
[webhook] hmac_attempt outcome=pass event=push deliveryId=replay-171

stderr | tests/integration/webhook-signature-fuzz.test.ts > T-033 — webhook signature + replay fuzz (AC-US9-06, AC-NFR2-01) > 100% rejects bad inputs and accepts valid ones across 1000 mutations
[webhook] hmac_attempt outcome=pass event=push deliveryId=replay-171

stderr | tests/integration/webhook-signature-fuzz.test.ts > T-033 — webhook signature + replay fuzz (AC-US9-06, AC-NFR2-01) > 100% rejects bad inputs and accepts valid ones across 1000 mutations
[webhook] hmac_attempt outcome=pass event=push deliveryId=replay-172

stderr | tests/integration/webhook-signature-fuzz.test.ts > T-033 — webhook signature + replay fuzz (AC-US9-06, AC-NFR2-01) > 100% rejects bad inputs and accepts valid ones across 1000 mutations
[webhook] hmac_attempt outcome=pass event=push deliveryId=replay-172

stderr | tests/integration/webhook-signature-fuzz.test.ts > T-033 — webhook signature + replay fuzz (AC-US9-06, AC-NFR2-01) > 100% rejects bad inputs and accepts valid ones across 1000 mutations
[webhook] hmac_attempt outcome=pass event=push deliveryId=replay-173

stderr | tests/integration/webhook-signature-fuzz.test.ts > T-033 — webhook signature + replay fuzz (AC-US9-06, AC-NFR2-01) > 100% rejects bad inputs and accepts valid ones across 1000 mutations
[webhook] hmac_attempt outcome=pass event=push deliveryId=replay-173

stderr | tests/integration/webhook-signature-fuzz.test.ts > T-033 — webhook signature + replay fuzz (AC-US9-06, AC-NFR2-01) > 100% rejects bad inputs and accepts valid ones across 1000 mutations
[webhook] hmac_attempt outcome=pass event=push deliveryId=replay-174

stderr | tests/integration/webhook-signature-fuzz.test.ts > T-033 — webhook signature + replay fuzz (AC-US9-06, AC-NFR2-01) > 100% rejects bad inputs and accepts valid ones across 1000 mutations
[webhook] hmac_attempt outcome=pass event=push deliveryId=replay-174

stderr | tests/integration/webhook-signature-fuzz.test.ts > T-033 — webhook signature + replay fuzz (AC-US9-06, AC-NFR2-01) > 100% rejects bad inputs and accepts valid ones across 1000 mutations
[webhook] hmac_attempt outcome=pass event=push deliveryId=replay-175

stderr | tests/integration/webhook-signature-fuzz.test.ts > T-033 — webhook signature + replay fuzz (AC-US9-06, AC-NFR2-01) > 100% rejects bad inputs and accepts valid ones across 1000 mutations
[webhook] hmac_attempt outcome=pass event=push deliveryId=replay-175

stderr | tests/integration/webhook-signature-fuzz.test.ts > T-033 — webhook signature + replay fuzz (AC-US9-06, AC-NFR2-01) > 100% rejects bad inputs and accepts valid ones across 1000 mutations
[webhook] hmac_attempt outcome=pass event=push deliveryId=replay-176

stderr | src/lib/queue/__tests__/recovery.test.ts > recoverStuckSubmissions > marks as REJECTED when already retried
[synthetic-scan-result] write failed for sub_abc: Error: SUBMISSIONS_KV unavailable: not in worker or Next.js request context
    at getKV (/Users/antonabyzov/Projects/github/specweave-umb/repositories/anton-abyzov/0874-intake-identity/src/lib/submission/kv-store.ts:42:11)
    at processTicksAndRejections (node:internal/process/task_queues:105:5)
    at storeScanResult (/Users/antonabyzov/Projects/github/specweave-umb/repositories/anton-abyzov/0874-intake-identity/src/lib/submission/kv-store.ts:286:14)
    at writeSyntheticScanResult (/Users/antonabyzov/Projects/github/specweave-umb/repositories/anton-abyzov/0874-intake-identity/src/lib/submission/synthetic-scan-result.ts:130:5)
    at resolveStuckTargetState (/Users/antonabyzov/Projects/github/specweave-umb/repositories/anton-abyzov/0874-intake-identity/src/lib/queue/recovery.ts:108:5)
    at Module.recoverStuckSubmissions (/Users/antonabyzov/Projects/github/specweave-umb/repositories/anton-abyzov/0874-intake-identity/src/lib/queue/recovery.ts:391:55)
    at /Users/antonabyzov/Projects/github/specweave-umb/repositories/anton-abyzov/0874-intake-identity/src/lib/queue/__tests__/recovery.test.ts:120:20
    at file:///Users/antonabyzov/Projects/github/specweave-umb/repositories/anton-abyzov/0874-bulk-request-memory/node_modules/@vitest/runner/dist/chunk-hooks.js:752:20

stdout | src/lib/queue/__tests__/recovery.test.ts > recoverStuckSubmissions > marks as REJECTED when already retried
[recovery] found=1 requeued=0 reconciled=0 failed=1

stdout | src/lib/queue/__tests__/recovery.test.ts > recoverStuckSubmissions > marks as REJECTED when re-enqueue fails
[recovery] found 1 stuck submissions to process

stderr | src/lib/queue/__tests__/recovery.test.ts > recoverStuckSubmissions > marks as REJECTED when re-enqueue fails
[recovery] error processing sub_abc: Error: Queue unavailable
    at /Users/antonabyzov/Projects/github/specweave-umb/repositories/anton-abyzov/0874-intake-identity/src/lib/queue/__tests__/recovery.test.ts:136:49
    at file:///Users/antonabyzov/Projects/github/specweave-umb/repositories/anton-abyzov/0874-bulk-request-memory/node_modules/@vitest/runner/dist/chunk-hooks.js:155:11
    at file:///Users/antonabyzov/Projects/github/specweave-umb/repositories/anton-abyzov/0874-bulk-request-memory/node_modules/@vitest/runner/dist/chunk-hooks.js:752:26
    at file:///Users/antonabyzov/Projects/github/specweave-umb/repositories/anton-abyzov/0874-bulk-request-memory/node_modules/@vitest/runner/dist/chunk-hooks.js:1897:20
    at new Promise (<anonymous>)
    at runWithTimeout (file:///Users/antonabyzov/Projects/github/specweave-umb/repositories/anton-abyzov/0874-bulk-request-memory/node_modules/@vitest/runner/dist/chunk-hooks.js:1863:10)
    at runTest (file:///Users/antonabyzov/Projects/github/specweave-umb/repositories/anton-abyzov/0874-bulk-request-memory/node_modules/@vitest/runner/dist/chunk-hooks.js:1574:12)
    at processTicksAndRejections (node:internal/process/task_queues:105:5)
    at runSuite (file:///Users/antonabyzov/Projects/github/specweave-umb/repositories/anton-abyzov/0874-bulk-request-memory/node_modules/@vitest/runner/dist/chunk-hooks.js:1729:8)
    at runSuite (file:///Users/antonabyzov/Projects/github/specweave-umb/repositories/anton-abyzov/0874-bulk-request-memory/node_modules/@vitest/runner/dist/chunk-hooks.js:1729:8)

stderr | tests/integration/webhook-signature-fuzz.test.ts > T-033 — webhook signature + replay fuzz (AC-US9-06, AC-NFR2-01) > 100% rejects bad inputs and accepts valid ones across 1000 mutations
[webhook] hmac_attempt outcome=pass event=push deliveryId=replay-176

stderr | tests/integration/webhook-signature-fuzz.test.ts > T-033 — webhook signature + replay fuzz (AC-US9-06, AC-NFR2-01) > 100% rejects bad inputs and accepts valid ones across 1000 mutations
[webhook] hmac_attempt outcome=pass event=push deliveryId=replay-177

stderr | src/lib/queue/__tests__/recovery.test.ts > recoverStuckSubmissions > marks as REJECTED when re-enqueue fails
[synthetic-scan-result] write failed for sub_abc: Error: SUBMISSIONS_KV unavailable: not in worker or Next.js request context
    at getKV (/Users/antonabyzov/Projects/github/specweave-umb/repositories/anton-abyzov/0874-intake-identity/src/lib/submission/kv-store.ts:42:11)
    at processTicksAndRejections (node:internal/process/task_queues:105:5)
    at storeScanResult (/Users/antonabyzov/Projects/github/specweave-umb/repositories/anton-abyzov/0874-intake-identity/src/lib/submission/kv-store.ts:286:14)
    at writeSyntheticScanResult (/Users/antonabyzov/Projects/github/specweave-umb/repositories/anton-abyzov/0874-intake-identity/src/lib/submission/synthetic-scan-result.ts:130:5)
    at resolveStuckTargetState (/Users/antonabyzov/Projects/github/specweave-umb/repositories/anton-abyzov/0874-intake-identity/src/lib/queue/recovery.ts:108:5)
    at Module.recoverStuckSubmissions (/Users/antonabyzov/Projects/github/specweave-umb/repositories/anton-abyzov/0874-intake-identity/src/lib/queue/recovery.ts:417:53)
    at /Users/antonabyzov/Projects/github/specweave-umb/repositories/anton-abyzov/0874-intake-identity/src/lib/queue/__tests__/recovery.test.ts:138:20
    at file:///Users/antonabyzov/Projects/github/specweave-umb/repositories/anton-abyzov/0874-bulk-request-memory/node_modules/@vitest/runner/dist/chunk-hooks.js:752:20

stdout | src/lib/queue/__tests__/recovery.test.ts > recoverStuckSubmissions > marks as REJECTED when re-enqueue fails
[recovery] found=1 requeued=0 reconciled=0 failed=1

stdout | src/lib/queue/__tests__/recovery.test.ts > recoverStuckSubmissions > skips submission that moved to terminal state since detection
[recovery] found 1 stuck submissions to process

stdout | src/lib/queue/__tests__/recovery.test.ts > recoverStuckSubmissions > skips submission that moved to terminal state since detection
[recovery] found=1 requeued=0 reconciled=0 failed=0

stdout | src/lib/queue/__tests__/recovery.test.ts > recoverStuckSubmissions > skips submission that was deleted
[recovery] found 1 stuck submissions to process

stdout | src/lib/queue/__tests__/recovery.test.ts > recoverStuckSubmissions > skips submission that was deleted
[recovery] found=1 requeued=0 reconciled=0 failed=0

stdout | src/lib/queue/__tests__/recovery.test.ts > recoverStuckSubmissions > reconciles DB when KV shows terminal state but DB shows active
[recovery] found 1 stuck submissions to process

stdout | src/lib/queue/__tests__/recovery.test.ts > recoverStuckSubmissions > reconciles DB when KV shows terminal state but DB shows active
[recovery] reconciled sub_abc: DB TIER1_SCANNING → PUBLISHED
[recovery] found=1 requeued=0 reconciled=1 failed=0

stdout | src/lib/queue/__tests__/recovery.test.ts > reconcileActiveFromKv > reconciles item when KV shows terminal state but DB shows RECEIVED
[reconcile-active] checking 1 active items against KV

stdout | src/lib/queue/__tests__/recovery.test.ts > reconcileActiveFromKv > reconciles item when KV shows terminal state but DB shows RECEIVED
[reconcile-active] checked=1 reconciled=1 missing=0

stdout | src/lib/queue/__tests__/recovery.test.ts > reconcileActiveFromKv > reconciles item when KV shows terminal state but DB shows TIER1_SCANNING
[reconcile-active] checking 1 active items against KV

stdout | src/lib/queue/__tests__/recovery.test.ts > reconcileActiveFromKv > reconciles item when KV shows terminal state but DB shows TIER1_SCANNING
[reconcile-active] checked=1 reconciled=1 missing=0

stdout | src/lib/queue/__tests__/recovery.test.ts > reconcileActiveFromKv > resets to RECEIVED when KV entry is missing and no scan results
[reconcile-active] checking 1 active items against KV

stderr | tests/integration/webhook-signature-fuzz.test.ts > T-033 — webhook signature + replay fuzz (AC-US9-06, AC-NFR2-01) > 100% rejects bad inputs and accepts valid ones across 1000 mutations
[webhook] hmac_attempt outcome=pass event=push deliveryId=replay-177

stdout | src/lib/queue/__tests__/recovery.test.ts > reconcileActiveFromKv > resets to RECEIVED when KV entry is missing and no scan results
[reconcile-active] reset sub_3 to RECEIVED (no KV, no scan results)

stdout | src/lib/queue/__tests__/recovery.test.ts > reconcileActiveFromKv > resets to RECEIVED when KV entry is missing and no scan results
[reconcile-active] checked=1 reconciled=0 missing=1

stdout | src/lib/queue/__tests__/recovery.test.ts > reconcileActiveFromKv > handles mixed states in same batch
[reconcile-active] checking 3 active items against KV

stdout | src/lib/queue/__tests__/recovery.test.ts > reconcileActiveFromKv > handles mixed states in same batch
[reconcile-active] checked=3 reconciled=2 missing=0

stdout | src/lib/queue/__tests__/recovery.test.ts > reconcileActiveFromKv > invalidates stats cache when reconciliations happen
[reconcile-active] checking 1 active items against KV

stdout | src/lib/queue/__tests__/recovery.test.ts > reconcileActiveFromKv > invalidates stats cache when reconciliations happen
[reconcile-active] checked=1 reconciled=1 missing=0

 ✓ src/lib/queue/__tests__/recovery.test.ts (13 tests) 224ms
stderr | tests/integration/webhook-signature-fuzz.test.ts > T-033 — webhook signature + replay fuzz (AC-US9-06, AC-NFR2-01) > 100% rejects bad inputs and accepts valid ones across 1000 mutations
[webhook] hmac_attempt outcome=pass event=push deliveryId=replay-178

stderr | tests/integration/webhook-signature-fuzz.test.ts > T-033 — webhook signature + replay fuzz (AC-US9-06, AC-NFR2-01) > 100% rejects bad inputs and accepts valid ones across 1000 mutations
[webhook] hmac_attempt outcome=pass event=push deliveryId=replay-178

 ✓ src/lib/skills-repo.test.ts (8 tests) 141ms
stderr | tests/integration/webhook-signature-fuzz.test.ts > T-033 — webhook signature + replay fuzz (AC-US9-06, AC-NFR2-01) > 100% rejects bad inputs and accepts valid ones across 1000 mutations
[webhook] hmac_attempt outcome=pass event=push deliveryId=replay-179

stderr | tests/integration/webhook-signature-fuzz.test.ts > T-033 — webhook signature + replay fuzz (AC-US9-06, AC-NFR2-01) > 100% rejects bad inputs and accepts valid ones across 1000 mutations
[webhook] hmac_attempt outcome=pass event=push deliveryId=replay-179

stderr | tests/integration/webhook-signature-fuzz.test.ts > T-033 — webhook signature + replay fuzz (AC-US9-06, AC-NFR2-01) > 100% rejects bad inputs and accepts valid ones across 1000 mutations
[webhook] hmac_attempt outcome=pass event=push deliveryId=replay-180

stderr | tests/integration/webhook-signature-fuzz.test.ts > T-033 — webhook signature + replay fuzz (AC-US9-06, AC-NFR2-01) > 100% rejects bad inputs and accepts valid ones across 1000 mutations
[webhook] hmac_attempt outcome=pass event=push deliveryId=replay-180

stderr | tests/integration/webhook-signature-fuzz.test.ts > T-033 — webhook signature + replay fuzz (AC-US9-06, AC-NFR2-01) > 100% rejects bad inputs and accepts valid ones across 1000 mutations
[webhook] hmac_attempt outcome=pass event=push deliveryId=replay-181

stderr | tests/integration/webhook-signature-fuzz.test.ts > T-033 — webhook signature + replay fuzz (AC-US9-06, AC-NFR2-01) > 100% rejects bad inputs and accepts valid ones across 1000 mutations
[webhook] hmac_attempt outcome=pass event=push deliveryId=replay-181

stderr | tests/integration/webhook-signature-fuzz.test.ts > T-033 — webhook signature + replay fuzz (AC-US9-06, AC-NFR2-01) > 100% rejects bad inputs and accepts valid ones across 1000 mutations
[webhook] hmac_attempt outcome=pass event=push deliveryId=replay-182

stderr | tests/integration/webhook-signature-fuzz.test.ts > T-033 — webhook signature + replay fuzz (AC-US9-06, AC-NFR2-01) > 100% rejects bad inputs and accepts valid ones across 1000 mutations
[webhook] hmac_attempt outcome=pass event=push deliveryId=replay-182

stderr | src/lib/__tests__/skill-version-creation.test.ts > publishSkill — SkillVersion creation (T-005) > SkillVersion failure does not abort publish
[publishSkill] SkillVersion creation failed for sub_1: Error: DB error
    at /Users/antonabyzov/Projects/github/specweave-umb/repositories/anton-abyzov/0874-intake-identity/src/lib/__tests__/skill-version-creation.test.ts:269:50
    at file:///Users/antonabyzov/Projects/github/specweave-umb/repositories/anton-abyzov/0874-bulk-request-memory/node_modules/@vitest/runner/dist/chunk-hooks.js:155:11
    at file:///Users/antonabyzov/Projects/github/specweave-umb/repositories/anton-abyzov/0874-bulk-request-memory/node_modules/@vitest/runner/dist/chunk-hooks.js:752:26
    at file:///Users/antonabyzov/Projects/github/specweave-umb/repositories/anton-abyzov/0874-bulk-request-memory/node_modules/@vitest/runner/dist/chunk-hooks.js:1897:20
    at new Promise (<anonymous>)
    at runWithTimeout (file:///Users/antonabyzov/Projects/github/specweave-umb/repositories/anton-abyzov/0874-bulk-request-memory/node_modules/@vitest/runner/dist/chunk-hooks.js:1863:10)
    at runTest (file:///Users/antonabyzov/Projects/github/specweave-umb/repositories/anton-abyzov/0874-bulk-request-memory/node_modules/@vitest/runner/dist/chunk-hooks.js:1574:12)
    at processTicksAndRejections (node:internal/process/task_queues:105:5)
    at runSuite (file:///Users/antonabyzov/Projects/github/specweave-umb/repositories/anton-abyzov/0874-bulk-request-memory/node_modules/@vitest/runner/dist/chunk-hooks.js:1729:8)
    at runSuite (file:///Users/antonabyzov/Projects/github/specweave-umb/repositories/anton-abyzov/0874-bulk-request-memory/node_modules/@vitest/runner/dist/chunk-hooks.js:1729:8)
[publishSkill] skipping post-write steps for submission sub_1 — no SkillVersion row was written.

stderr | tests/integration/webhook-signature-fuzz.test.ts > T-033 — webhook signature + replay fuzz (AC-US9-06, AC-NFR2-01) > 100% rejects bad inputs and accepts valid ones across 1000 mutations
[webhook] hmac_attempt outcome=pass event=push deliveryId=replay-183

stderr | tests/integration/webhook-signature-fuzz.test.ts > T-033 — webhook signature + replay fuzz (AC-US9-06, AC-NFR2-01) > 100% rejects bad inputs and accepts valid ones across 1000 mutations
[webhook] hmac_attempt outcome=pass event=push deliveryId=replay-183

stderr | tests/integration/webhook-signature-fuzz.test.ts > T-033 — webhook signature + replay fuzz (AC-US9-06, AC-NFR2-01) > 100% rejects bad inputs and accepts valid ones across 1000 mutations
[webhook] hmac_attempt outcome=pass event=push deliveryId=replay-184

stdout | src/lib/crawler/__tests__/github-discovery.test.ts > runGitHubDiscovery — DB dedup wiring > skips already-discovered skills
[discovery:code] query "filename:SKILL.md+path:/": total_count=1
[discovery:code] query "filename:SKILL.md+path:/": 1 fetched

stdout | src/lib/crawler/__tests__/github-discovery.test.ts > runGitHubDiscovery — DB dedup wiring > skips already-discovered skills
[discovery:code] query "filename:SKILL.md+path:/skills/": total_count=0
[discovery:code] query "filename:SKILL.md+path:/skills/": 0 fetched

stdout | src/lib/crawler/__tests__/github-discovery.test.ts > runGitHubDiscovery — DB dedup wiring > skips already-discovered skills
[discovery:code] query "filename:skill.md": total_count=0
[discovery:code] query "filename:skill.md": 0 fetched

stdout | src/lib/crawler/__tests__/github-discovery.test.ts > runGitHubDiscovery — DB dedup wiring > skips already-discovered skills
[discovery:code] query "filename:SKILL.md": total_count=0
[discovery:code] query "filename:SKILL.md": 0 fetched

stdout | src/lib/crawler/__tests__/github-discovery.test.ts > runGitHubDiscovery — DB dedup wiring > skips already-discovered skills
[discovery:code] query "filename:SKILL.md path:skills/": total_count=0
[discovery:code] query "filename:SKILL.md path:skills/": 0 fetched

stderr | tests/integration/webhook-signature-fuzz.test.ts > T-033 — webhook signature + replay fuzz (AC-US9-06, AC-NFR2-01) > 100% rejects bad inputs and accepts valid ones across 1000 mutations
[webhook] hmac_attempt outcome=pass event=push deliveryId=replay-184

stdout | src/lib/crawler/__tests__/github-discovery.test.ts > runGitHubDiscovery — DB dedup wiring > skips already-discovered skills
[discovery:code] query "filename:SKILL.md path:packages/": total_count=0
[discovery:code] query "filename:SKILL.md path:packages/": 0 fetched

stdout | src/lib/crawler/__tests__/github-discovery.test.ts > runGitHubDiscovery — DB dedup wiring > skips already-discovered skills
[discovery] found 1 candidates (github-code:1)

stdout | src/lib/crawler/__tests__/github-discovery.test.ts > runGitHubDiscovery — DB dedup wiring > skips already-discovered skills
[discovery] owner/repo: submitted 0 new, skipped 1 already-verified
[discovery] run complete — 0 new skills enqueued from 1 candidates

stdout | src/lib/crawler/__tests__/github-discovery.test.ts > runGitHubDiscovery — DB dedup wiring > creates DiscoveryRecord for new skills
[discovery:code] query "filename:SKILL.md+path:/": total_count=1
[discovery:code] query "filename:SKILL.md+path:/": 1 fetched

stderr | tests/integration/webhook-signature-fuzz.test.ts > T-033 — webhook signature + replay fuzz (AC-US9-06, AC-NFR2-01) > 100% rejects bad inputs and accepts valid ones across 1000 mutations
[webhook] hmac_attempt outcome=pass event=push deliveryId=replay-185

 ✓ src/lib/__tests__/skill-version-creation.test.ts (9 tests) 308ms
stdout | src/lib/crawler/__tests__/github-discovery.test.ts > runGitHubDiscovery — DB dedup wiring > creates DiscoveryRecord for new skills
[discovery:code] query "filename:SKILL.md+path:/skills/": total_count=0
[discovery:code] query "filename:SKILL.md+path:/skills/": 0 fetched

stderr | tests/integration/webhook-signature-fuzz.test.ts > T-033 — webhook signature + replay fuzz (AC-US9-06, AC-NFR2-01) > 100% rejects bad inputs and accepts valid ones across 1000 mutations
[webhook] hmac_attempt outcome=pass event=push deliveryId=replay-185

stderr | src/lib/queue/__tests__/process-submission.test.ts > processSubmission > tier 2 fallback > falls back to tier 1 scoring when tier 2 fails (code skill)
Tier 2 scan failed, falling back to Tier 1: Error: AI unavailable
    at /Users/antonabyzov/Projects/github/specweave-umb/repositories/anton-abyzov/0874-intake-identity/src/lib/queue/__tests__/process-submission.test.ts:381:42
    at file:///Users/antonabyzov/Projects/github/specweave-umb/repositories/anton-abyzov/0874-bulk-request-memory/node_modules/@vitest/runner/dist/chunk-hooks.js:155:11
    at file:///Users/antonabyzov/Projects/github/specweave-umb/repositories/anton-abyzov/0874-bulk-request-memory/node_modules/@vitest/runner/dist/chunk-hooks.js:752:26
    at file:///Users/antonabyzov/Projects/github/specweave-umb/repositories/anton-abyzov/0874-bulk-request-memory/node_modules/@vitest/runner/dist/chunk-hooks.js:1897:20
    at new Promise (<anonymous>)
    at runWithTimeout (file:///Users/antonabyzov/Projects/github/specweave-umb/repositories/anton-abyzov/0874-bulk-request-memory/node_modules/@vitest/runner/dist/chunk-hooks.js:1863:10)
    at runTest (file:///Users/antonabyzov/Projects/github/specweave-umb/repositories/anton-abyzov/0874-bulk-request-memory/node_modules/@vitest/runner/dist/chunk-hooks.js:1574:12)
    at processTicksAndRejections (node:internal/process/task_queues:105:5)
    at runSuite (file:///Users/antonabyzov/Projects/github/specweave-umb/repositories/anton-abyzov/0874-bulk-request-memory/node_modules/@vitest/runner/dist/chunk-hooks.js:1729:8)
    at runSuite (file:///Users/antonabyzov/Projects/github/specweave-umb/repositories/anton-abyzov/0874-bulk-request-memory/node_modules/@vitest/runner/dist/chunk-hooks.js:1729:8)

 ✓ src/lib/queue/__tests__/queue-stats-cache.backfill.test.ts (2 tests) 279ms
stderr | tests/integration/webhook-signature-fuzz.test.ts > T-033 — webhook signature + replay fuzz (AC-US9-06, AC-NFR2-01) > 100% rejects bad inputs and accepts valid ones across 1000 mutations
[webhook] hmac_attempt outcome=pass event=push deliveryId=replay-186

stderr | tests/integration/webhook-signature-fuzz.test.ts > T-033 — webhook signature + replay fuzz (AC-US9-06, AC-NFR2-01) > 100% rejects bad inputs and accepts valid ones across 1000 mutations
[webhook] hmac_attempt outcome=pass event=push deliveryId=replay-186

stdout | src/lib/crawler/__tests__/github-discovery.test.ts > runGitHubDiscovery — DB dedup wiring > creates DiscoveryRecord for new skills
[discovery:code] query "filename:skill.md": total_count=0
[discovery:code] query "filename:skill.md": 0 fetched

stdout | src/lib/crawler/__tests__/github-discovery.test.ts > runGitHubDiscovery — DB dedup wiring > creates DiscoveryRecord for new skills
[discovery:code] query "filename:SKILL.md": total_count=0
[discovery:code] query "filename:SKILL.md": 0 fetched

stdout | src/lib/crawler/__tests__/github-discovery.test.ts > runGitHubDiscovery — DB dedup wiring > creates DiscoveryRecord for new skills
[discovery:code] query "filename:SKILL.md path:skills/": total_count=0
[discovery:code] query "filename:SKILL.md path:skills/": 0 fetched

stdout | src/lib/crawler/__tests__/github-discovery.test.ts > runGitHubDiscovery — DB dedup wiring > creates DiscoveryRecord for new skills
[discovery:code] query "filename:SKILL.md path:packages/": total_count=0
[discovery:code] query "filename:SKILL.md path:packages/": 0 fetched

stderr | tests/integration/webhook-signature-fuzz.test.ts > T-033 — webhook signature + replay fuzz (AC-US9-06, AC-NFR2-01) > 100% rejects bad inputs and accepts valid ones across 1000 mutations
[webhook] hmac_attempt outcome=pass event=push deliveryId=replay-187

stderr | tests/integration/webhook-signature-fuzz.test.ts > T-033 — webhook signature + replay fuzz (AC-US9-06, AC-NFR2-01) > 100% rejects bad inputs and accepts valid ones across 1000 mutations
[webhook] hmac_attempt outcome=pass event=push deliveryId=replay-187

stdout | src/lib/queue/__tests__/process-submission.test.ts > processSubmission > multi-skill expansion > forceRescan does NOT reset a BLOCKED submission (admin-authoritative)
[processSubmission] skipping sub-test-1: blocked by admin/blocklist

stdout | src/lib/queue/__tests__/process-submission.test.ts > processSubmission > multi-skill expansion > skips processing when submission is already EXPANDED
[processSubmission] skipping sub-test-1: already EXPANDED

stdout | src/lib/crawler/__tests__/github-discovery.test.ts > runGitHubDiscovery — DB dedup wiring > creates DiscoveryRecord for new skills
[discovery] found 1 candidates (github-code:1)

stdout | src/lib/crawler/__tests__/github-discovery.test.ts > runGitHubDiscovery — DB dedup wiring > creates DiscoveryRecord for new skills
[discovery] owner/new-repo: submitted 1 new, skipped 0 already-verified
[discovery] run complete — 1 new skills enqueued from 1 candidates

stderr | tests/integration/webhook-signature-fuzz.test.ts > T-033 — webhook signature + replay fuzz (AC-US9-06, AC-NFR2-01) > 100% rejects bad inputs and accepts valid ones across 1000 mutations
[webhook] hmac_attempt outcome=pass event=push deliveryId=replay-188

 ✓ src/lib/submission/__tests__/publish-v2.test.ts (9 tests) 433ms
stderr | tests/integration/webhook-signature-fuzz.test.ts > T-033 — webhook signature + replay fuzz (AC-US9-06, AC-NFR2-01) > 100% rejects bad inputs and accepts valid ones across 1000 mutations
[webhook] hmac_attempt outcome=pass event=push deliveryId=replay-188

stderr | tests/integration/webhook-signature-fuzz.test.ts > T-033 — webhook signature + replay fuzz (AC-US9-06, AC-NFR2-01) > 100% rejects bad inputs and accepts valid ones across 1000 mutations
[webhook] hmac_attempt outcome=pass event=push deliveryId=replay-189

stderr | src/lib/crawler/__tests__/github-discovery.test.ts > runGitHubDiscovery — DB dedup wiring > vendor-orgs candidates bypass dedup even when hasBeenDiscovered returns true
[discovery:vendor-orgs] error scanning openai: TypeError: items is not iterable
    at discoverFromVendorOrgs (/Users/antonabyzov/Projects/github/specweave-umb/repositories/anton-abyzov/0874-intake-identity/src/lib/crawler/github-discovery.ts:609:28)
    at /Users/antonabyzov/Projects/github/specweave-umb/repositories/anton-abyzov/0874-intake-identity/src/lib/crawler/github-discovery.ts:755:21
    at async Promise.allSettled (index 0)
    at Module.runGitHubDiscovery (/Users/antonabyzov/Projects/github/specweave-umb/repositories/anton-abyzov/0874-intake-identity/src/lib/crawler/github-discovery.ts:759:19)

stderr | tests/integration/webhook-signature-fuzz.test.ts > T-033 — webhook signature + replay fuzz (AC-US9-06, AC-NFR2-01) > 100% rejects bad inputs and accepts valid ones across 1000 mutations
[webhook] hmac_attempt outcome=pass event=push deliveryId=replay-189

stderr | tests/integration/webhook-signature-fuzz.test.ts > T-033 — webhook signature + replay fuzz (AC-US9-06, AC-NFR2-01) > 100% rejects bad inputs and accepts valid ones across 1000 mutations
[webhook] hmac_attempt outcome=pass event=push deliveryId=replay-190

stderr | tests/integration/webhook-signature-fuzz.test.ts > T-033 — webhook signature + replay fuzz (AC-US9-06, AC-NFR2-01) > 100% rejects bad inputs and accepts valid ones across 1000 mutations
[webhook] hmac_attempt outcome=pass event=push deliveryId=replay-190

stderr | tests/integration/webhook-signature-fuzz.test.ts > T-033 — webhook signature + replay fuzz (AC-US9-06, AC-NFR2-01) > 100% rejects bad inputs and accepts valid ones across 1000 mutations
[webhook] hmac_attempt outcome=pass event=push deliveryId=replay-191

stderr | tests/integration/webhook-signature-fuzz.test.ts > T-033 — webhook signature + replay fuzz (AC-US9-06, AC-NFR2-01) > 100% rejects bad inputs and accepts valid ones across 1000 mutations
[webhook] hmac_attempt outcome=pass event=push deliveryId=replay-191

stderr | tests/integration/webhook-signature-fuzz.test.ts > T-033 — webhook signature + replay fuzz (AC-US9-06, AC-NFR2-01) > 100% rejects bad inputs and accepts valid ones across 1000 mutations
[webhook] hmac_attempt outcome=pass event=push deliveryId=replay-192

stderr | tests/integration/webhook-signature-fuzz.test.ts > T-033 — webhook signature + replay fuzz (AC-US9-06, AC-NFR2-01) > 100% rejects bad inputs and accepts valid ones across 1000 mutations
[webhook] hmac_attempt outcome=pass event=push deliveryId=replay-192

stderr | tests/integration/webhook-signature-fuzz.test.ts > T-033 — webhook signature + replay fuzz (AC-US9-06, AC-NFR2-01) > 100% rejects bad inputs and accepts valid ones across 1000 mutations
[webhook] hmac_attempt outcome=pass event=push deliveryId=replay-193

stderr | tests/integration/webhook-signature-fuzz.test.ts > T-033 — webhook signature + replay fuzz (AC-US9-06, AC-NFR2-01) > 100% rejects bad inputs and accepts valid ones across 1000 mutations
[webhook] hmac_attempt outcome=pass event=push deliveryId=replay-193

stderr | src/lib/crawler/__tests__/github-discovery.test.ts > runGitHubDiscovery — DB dedup wiring > vendor-orgs candidates bypass dedup even when hasBeenDiscovered returns true
[discovery:vendor-orgs] error scanning google-gemini: TypeError: items is not iterable
    at discoverFromVendorOrgs (/Users/antonabyzov/Projects/github/specweave-umb/repositories/anton-abyzov/0874-intake-identity/src/lib/crawler/github-discovery.ts:609:28)
    at /Users/antonabyzov/Projects/github/specweave-umb/repositories/anton-abyzov/0874-intake-identity/src/lib/crawler/github-discovery.ts:755:21
    at async Promise.allSettled (index 0)
    at Module.runGitHubDiscovery (/Users/antonabyzov/Projects/github/specweave-umb/repositories/anton-abyzov/0874-intake-identity/src/lib/crawler/github-discovery.ts:759:19)

stderr | src/lib/crawler/__tests__/github-discovery.test.ts > runGitHubDiscovery — DB dedup wiring > vendor-orgs candidates bypass dedup even when hasBeenDiscovered returns true
[discovery:vendor-orgs] error scanning google: TypeError: items is not iterable
    at discoverFromVendorOrgs (/Users/antonabyzov/Projects/github/specweave-umb/repositories/anton-abyzov/0874-intake-identity/src/lib/crawler/github-discovery.ts:609:28)
    at /Users/antonabyzov/Projects/github/specweave-umb/repositories/anton-abyzov/0874-intake-identity/src/lib/crawler/github-discovery.ts:755:21
    at async Promise.allSettled (index 0)
    at Module.runGitHubDiscovery (/Users/antonabyzov/Projects/github/specweave-umb/repositories/anton-abyzov/0874-intake-identity/src/lib/crawler/github-discovery.ts:759:19)

stderr | tests/integration/webhook-signature-fuzz.test.ts > T-033 — webhook signature + replay fuzz (AC-US9-06, AC-NFR2-01) > 100% rejects bad inputs and accepts valid ones across 1000 mutations
[webhook] hmac_attempt outcome=pass event=push deliveryId=replay-194

stderr | tests/integration/webhook-signature-fuzz.test.ts > T-033 — webhook signature + replay fuzz (AC-US9-06, AC-NFR2-01) > 100% rejects bad inputs and accepts valid ones across 1000 mutations
[webhook] hmac_attempt outcome=pass event=push deliveryId=replay-194

stderr | src/lib/crawler/__tests__/github-discovery.test.ts > runGitHubDiscovery — DB dedup wiring > vendor-orgs candidates bypass dedup even when hasBeenDiscovered returns true
[discovery:vendor-orgs] error scanning microsoft: TypeError: items is not iterable
    at discoverFromVendorOrgs (/Users/antonabyzov/Projects/github/specweave-umb/repositories/anton-abyzov/0874-intake-identity/src/lib/crawler/github-discovery.ts:609:28)
    at /Users/antonabyzov/Projects/github/specweave-umb/repositories/anton-abyzov/0874-intake-identity/src/lib/crawler/github-discovery.ts:755:21
    at async Promise.allSettled (index 0)
    at Module.runGitHubDiscovery (/Users/antonabyzov/Projects/github/specweave-umb/repositories/anton-abyzov/0874-intake-identity/src/lib/crawler/github-discovery.ts:759:19)

stderr | tests/integration/webhook-signature-fuzz.test.ts > T-033 — webhook signature + replay fuzz (AC-US9-06, AC-NFR2-01) > 100% rejects bad inputs and accepts valid ones across 1000 mutations
[webhook] hmac_attempt outcome=pass event=push deliveryId=replay-195

stderr | tests/integration/webhook-signature-fuzz.test.ts > T-033 — webhook signature + replay fuzz (AC-US9-06, AC-NFR2-01) > 100% rejects bad inputs and accepts valid ones across 1000 mutations
[webhook] hmac_attempt outcome=pass event=push deliveryId=replay-195

stderr | tests/integration/webhook-signature-fuzz.test.ts > T-033 — webhook signature + replay fuzz (AC-US9-06, AC-NFR2-01) > 100% rejects bad inputs and accepts valid ones across 1000 mutations
[webhook] hmac_attempt outcome=pass event=push deliveryId=replay-196

stderr | tests/integration/webhook-signature-fuzz.test.ts > T-033 — webhook signature + replay fuzz (AC-US9-06, AC-NFR2-01) > 100% rejects bad inputs and accepts valid ones across 1000 mutations
[webhook] hmac_attempt outcome=pass event=push deliveryId=replay-196

stderr | src/lib/crawler/__tests__/github-discovery.test.ts > runGitHubDiscovery — DB dedup wiring > vendor-orgs candidates bypass dedup even when hasBeenDiscovered returns true
[discovery:vendor-orgs] error scanning vercel: TypeError: items is not iterable
    at discoverFromVendorOrgs (/Users/antonabyzov/Projects/github/specweave-umb/repositories/anton-abyzov/0874-intake-identity/src/lib/crawler/github-discovery.ts:609:28)
    at /Users/antonabyzov/Projects/github/specweave-umb/repositories/anton-abyzov/0874-intake-identity/src/lib/crawler/github-discovery.ts:755:21
    at async Promise.allSettled (index 0)
    at Module.runGitHubDiscovery (/Users/antonabyzov/Projects/github/specweave-umb/repositories/anton-abyzov/0874-intake-identity/src/lib/crawler/github-discovery.ts:759:19)

stderr | src/lib/crawler/__tests__/github-discovery.test.ts > runGitHubDiscovery — DB dedup wiring > vendor-orgs candidates bypass dedup even when hasBeenDiscovered returns true
[discovery:vendor-orgs] error scanning cloudflare: TypeError: items is not iterable
    at discoverFromVendorOrgs (/Users/antonabyzov/Projects/github/specweave-umb/repositories/anton-abyzov/0874-intake-identity/src/lib/crawler/github-discovery.ts:609:28)
    at /Users/antonabyzov/Projects/github/specweave-umb/repositories/anton-abyzov/0874-intake-identity/src/lib/crawler/github-discovery.ts:755:21
    at async Promise.allSettled (index 0)
    at Module.runGitHubDiscovery (/Users/antonabyzov/Projects/github/specweave-umb/repositories/anton-abyzov/0874-intake-identity/src/lib/crawler/github-discovery.ts:759:19)

stderr | tests/integration/webhook-signature-fuzz.test.ts > T-033 — webhook signature + replay fuzz (AC-US9-06, AC-NFR2-01) > 100% rejects bad inputs and accepts valid ones across 1000 mutations
[webhook] hmac_attempt outcome=pass event=push deliveryId=replay-197

stderr | tests/integration/webhook-signature-fuzz.test.ts > T-033 — webhook signature + replay fuzz (AC-US9-06, AC-NFR2-01) > 100% rejects bad inputs and accepts valid ones across 1000 mutations
[webhook] hmac_attempt outcome=pass event=push deliveryId=replay-197

stderr | tests/integration/webhook-signature-fuzz.test.ts > T-033 — webhook signature + replay fuzz (AC-US9-06, AC-NFR2-01) > 100% rejects bad inputs and accepts valid ones across 1000 mutations
[webhook] hmac_attempt outcome=pass event=push deliveryId=replay-198

stderr | src/lib/crawler/__tests__/github-discovery.test.ts > runGitHubDiscovery — DB dedup wiring > vendor-orgs candidates bypass dedup even when hasBeenDiscovered returns true
[discovery:vendor-orgs] error scanning anton-abyzov: TypeError: items is not iterable
    at discoverFromVendorOrgs (/Users/antonabyzov/Projects/github/specweave-umb/repositories/anton-abyzov/0874-intake-identity/src/lib/crawler/github-discovery.ts:609:28)
    at /Users/antonabyzov/Projects/github/specweave-umb/repositories/anton-abyzov/0874-intake-identity/src/lib/crawler/github-discovery.ts:755:21
    at async Promise.allSettled (index 0)
    at Module.runGitHubDiscovery (/Users/antonabyzov/Projects/github/specweave-umb/repositories/anton-abyzov/0874-intake-identity/src/lib/crawler/github-discovery.ts:759:19)

stderr | tests/integration/webhook-signature-fuzz.test.ts > T-033 — webhook signature + replay fuzz (AC-US9-06, AC-NFR2-01) > 100% rejects bad inputs and accepts valid ones across 1000 mutations
[webhook] hmac_attempt outcome=pass event=push deliveryId=replay-198

stderr | tests/integration/webhook-signature-fuzz.test.ts > T-033 — webhook signature + replay fuzz (AC-US9-06, AC-NFR2-01) > 100% rejects bad inputs and accepts valid ones across 1000 mutations
[webhook] hmac_attempt outcome=pass event=push deliveryId=replay-199

stderr | tests/integration/webhook-signature-fuzz.test.ts > T-033 — webhook signature + replay fuzz (AC-US9-06, AC-NFR2-01) > 100% rejects bad inputs and accepts valid ones across 1000 mutations
[webhook] hmac_attempt outcome=pass event=push deliveryId=replay-199

stdout | src/lib/crawler/__tests__/github-discovery.test.ts > runGitHubDiscovery — DB dedup wiring > vendor-orgs candidates bypass dedup even when hasBeenDiscovered returns true
[discovery] found 1 candidates (vendor-orgs:1)

stdout | src/lib/crawler/__tests__/github-discovery.test.ts > runGitHubDiscovery — DB dedup wiring > vendor-orgs candidates bypass dedup even when hasBeenDiscovered returns true
[discovery] anthropics/skills: submitted 1 new, skipped 0 already-verified
[discovery] run complete — 1 new skills enqueued from 1 candidates

stderr | tests/integration/webhook-signature-fuzz.test.ts > T-033 — webhook signature + replay fuzz (AC-US9-06, AC-NFR2-01) > HMAC compare timing variance is bounded (<5ms p99 over 200 samples)
[webhook] hmac_attempt outcome=pass event=push deliveryId=timing-0

stderr | tests/integration/webhook-signature-fuzz.test.ts > T-033 — webhook signature + replay fuzz (AC-US9-06, AC-NFR2-01) > HMAC compare timing variance is bounded (<5ms p99 over 200 samples)
[webhook] hmac_attempt outcome=fail event=push deliveryId=timing-1

stderr | tests/integration/webhook-signature-fuzz.test.ts > T-033 — webhook signature + replay fuzz (AC-US9-06, AC-NFR2-01) > HMAC compare timing variance is bounded (<5ms p99 over 200 samples)
[webhook] hmac_attempt outcome=pass event=push deliveryId=timing-2

stderr | tests/integration/webhook-signature-fuzz.test.ts > T-033 — webhook signature + replay fuzz (AC-US9-06, AC-NFR2-01) > HMAC compare timing variance is bounded (<5ms p99 over 200 samples)
[webhook] hmac_attempt outcome=fail event=push deliveryId=timing-3

stderr | tests/integration/webhook-signature-fuzz.test.ts > T-033 — webhook signature + replay fuzz (AC-US9-06, AC-NFR2-01) > HMAC compare timing variance is bounded (<5ms p99 over 200 samples)
[webhook] hmac_attempt outcome=pass event=push deliveryId=timing-4

stdout | src/lib/crawler/__tests__/github-discovery.test.ts > runGitHubDiscovery — DB dedup wiring > non-vendor candidates still respect dedup when hasBeenDiscovered returns true
[discovery:code] query "filename:SKILL.md+path:/": total_count=1
[discovery:code] query "filename:SKILL.md+path:/": 1 fetched

stderr | tests/integration/webhook-signature-fuzz.test.ts > T-033 — webhook signature + replay fuzz (AC-US9-06, AC-NFR2-01) > HMAC compare timing variance is bounded (<5ms p99 over 200 samples)
[webhook] hmac_attempt outcome=fail event=push deliveryId=timing-5

stdout | src/lib/crawler/__tests__/github-discovery.test.ts > runGitHubDiscovery — DB dedup wiring > non-vendor candidates still respect dedup when hasBeenDiscovered returns true
[discovery:code] query "filename:SKILL.md+path:/skills/": total_count=0
[discovery:code] query "filename:SKILL.md+path:/skills/": 0 fetched

stderr | tests/integration/webhook-signature-fuzz.test.ts > T-033 — webhook signature + replay fuzz (AC-US9-06, AC-NFR2-01) > HMAC compare timing variance is bounded (<5ms p99 over 200 samples)
[webhook] hmac_attempt outcome=pass event=push deliveryId=timing-6

stdout | src/lib/crawler/__tests__/github-discovery.test.ts > runGitHubDiscovery — DB dedup wiring > non-vendor candidates still respect dedup when hasBeenDiscovered returns true
[discovery:code] query "filename:skill.md": total_count=0
[discovery:code] query "filename:skill.md": 0 fetched

stdout | src/lib/crawler/__tests__/github-discovery.test.ts > runGitHubDiscovery — DB dedup wiring > non-vendor candidates still respect dedup when hasBeenDiscovered returns true
[discovery:code] query "filename:SKILL.md": total_count=0
[discovery:code] query "filename:SKILL.md": 0 fetched

stdout | src/lib/crawler/__tests__/github-discovery.test.ts > runGitHubDiscovery — DB dedup wiring > non-vendor candidates still respect dedup when hasBeenDiscovered returns true
[discovery:code] query "filename:SKILL.md path:skills/": total_count=0
[discovery:code] query "filename:SKILL.md path:skills/": 0 fetched

stderr | tests/integration/webhook-signature-fuzz.test.ts > T-033 — webhook signature + replay fuzz (AC-US9-06, AC-NFR2-01) > HMAC compare timing variance is bounded (<5ms p99 over 200 samples)
[webhook] hmac_attempt outcome=fail event=push deliveryId=timing-7

stdout | src/lib/crawler/__tests__/github-discovery.test.ts > runGitHubDiscovery — DB dedup wiring > non-vendor candidates still respect dedup when hasBeenDiscovered returns true
[discovery:code] query "filename:SKILL.md path:packages/": total_count=0
[discovery:code] query "filename:SKILL.md path:packages/": 0 fetched

stderr | tests/integration/webhook-signature-fuzz.test.ts > T-033 — webhook signature + replay fuzz (AC-US9-06, AC-NFR2-01) > HMAC compare timing variance is bounded (<5ms p99 over 200 samples)
[webhook] hmac_attempt outcome=pass event=push deliveryId=timing-8

stdout | src/lib/crawler/__tests__/github-discovery.test.ts > runGitHubDiscovery — DB dedup wiring > non-vendor candidates still respect dedup when hasBeenDiscovered returns true
[discovery] found 1 candidates (github-code:1)

stdout | src/lib/crawler/__tests__/github-discovery.test.ts > runGitHubDiscovery — DB dedup wiring > non-vendor candidates still respect dedup when hasBeenDiscovered returns true
[discovery] community/some-skill: submitted 0 new, skipped 1 already-verified
[discovery] run complete — 0 new skills enqueued from 1 candidates

stderr | tests/integration/webhook-signature-fuzz.test.ts > T-033 — webhook signature + replay fuzz (AC-US9-06, AC-NFR2-01) > HMAC compare timing variance is bounded (<5ms p99 over 200 samples)
[webhook] hmac_attempt outcome=fail event=push deliveryId=timing-9

stderr | tests/integration/webhook-signature-fuzz.test.ts > T-033 — webhook signature + replay fuzz (AC-US9-06, AC-NFR2-01) > HMAC compare timing variance is bounded (<5ms p99 over 200 samples)
[webhook] hmac_attempt outcome=pass event=push deliveryId=timing-10

stderr | tests/integration/webhook-signature-fuzz.test.ts > T-033 — webhook signature + replay fuzz (AC-US9-06, AC-NFR2-01) > HMAC compare timing variance is bounded (<5ms p99 over 200 samples)
[webhook] hmac_attempt outcome=fail event=push deliveryId=timing-11

stderr | tests/integration/webhook-signature-fuzz.test.ts > T-033 — webhook signature + replay fuzz (AC-US9-06, AC-NFR2-01) > HMAC compare timing variance is bounded (<5ms p99 over 200 samples)
[webhook] hmac_attempt outcome=pass event=push deliveryId=timing-12

stderr | tests/integration/webhook-signature-fuzz.test.ts > T-033 — webhook signature + replay fuzz (AC-US9-06, AC-NFR2-01) > HMAC compare timing variance is bounded (<5ms p99 over 200 samples)
[webhook] hmac_attempt outcome=fail event=push deliveryId=timing-13

stderr | tests/integration/webhook-signature-fuzz.test.ts > T-033 — webhook signature + replay fuzz (AC-US9-06, AC-NFR2-01) > HMAC compare timing variance is bounded (<5ms p99 over 200 samples)
[webhook] hmac_attempt outcome=pass event=push deliveryId=timing-14

stderr | tests/integration/webhook-signature-fuzz.test.ts > T-033 — webhook signature + replay fuzz (AC-US9-06, AC-NFR2-01) > HMAC compare timing variance is bounded (<5ms p99 over 200 samples)
[webhook] hmac_attempt outcome=fail event=push deliveryId=timing-15

stderr | src/lib/crawler/__tests__/github-discovery.test.ts > runGitHubDiscovery — DB dedup wiring > aborts discovery when GitHub rate limit remaining is below reserve
[discovery] rate limit too low (50/5000), aborting

stderr | tests/integration/webhook-signature-fuzz.test.ts > T-033 — webhook signature + replay fuzz (AC-US9-06, AC-NFR2-01) > HMAC compare timing variance is bounded (<5ms p99 over 200 samples)
[webhook] hmac_attempt outcome=pass event=push deliveryId=timing-16

stderr | tests/integration/webhook-signature-fuzz.test.ts > T-033 — webhook signature + replay fuzz (AC-US9-06, AC-NFR2-01) > HMAC compare timing variance is bounded (<5ms p99 over 200 samples)
[webhook] hmac_attempt outcome=fail event=push deliveryId=timing-17

stdout | src/lib/crawler/__tests__/github-discovery.test.ts > runGitHubDiscovery — DB dedup wiring > proceeds with discovery when rate limit remaining is sufficient
[discovery:code] query "filename:SKILL.md+path:/": total_count=0
[discovery:code] query "filename:SKILL.md+path:/": 0 fetched

stderr | tests/integration/webhook-signature-fuzz.test.ts > T-033 — webhook signature + replay fuzz (AC-US9-06, AC-NFR2-01) > HMAC compare timing variance is bounded (<5ms p99 over 200 samples)
[webhook] hmac_attempt outcome=pass event=push deliveryId=timing-18

stderr | tests/integration/webhook-signature-fuzz.test.ts > T-033 — webhook signature + replay fuzz (AC-US9-06, AC-NFR2-01) > HMAC compare timing variance is bounded (<5ms p99 over 200 samples)
[webhook] hmac_attempt outcome=fail event=push deliveryId=timing-19

stderr | tests/integration/webhook-signature-fuzz.test.ts > T-033 — webhook signature + replay fuzz (AC-US9-06, AC-NFR2-01) > HMAC compare timing variance is bounded (<5ms p99 over 200 samples)
[webhook] hmac_attempt outcome=pass event=push deliveryId=timing-20

stderr | tests/integration/webhook-signature-fuzz.test.ts > T-033 — webhook signature + replay fuzz (AC-US9-06, AC-NFR2-01) > HMAC compare timing variance is bounded (<5ms p99 over 200 samples)
[webhook] hmac_attempt outcome=fail event=push deliveryId=timing-21

stderr | tests/integration/webhook-signature-fuzz.test.ts > T-033 — webhook signature + replay fuzz (AC-US9-06, AC-NFR2-01) > HMAC compare timing variance is bounded (<5ms p99 over 200 samples)
[webhook] hmac_attempt outcome=pass event=push deliveryId=timing-22

stderr | tests/integration/webhook-signature-fuzz.test.ts > T-033 — webhook signature + replay fuzz (AC-US9-06, AC-NFR2-01) > HMAC compare timing variance is bounded (<5ms p99 over 200 samples)
[webhook] hmac_attempt outcome=fail event=push deliveryId=timing-23

stderr | tests/integration/webhook-signature-fuzz.test.ts > T-033 — webhook signature + replay fuzz (AC-US9-06, AC-NFR2-01) > HMAC compare timing variance is bounded (<5ms p99 over 200 samples)
[webhook] hmac_attempt outcome=pass event=push deliveryId=timing-24

stderr | tests/integration/webhook-signature-fuzz.test.ts > T-033 — webhook signature + replay fuzz (AC-US9-06, AC-NFR2-01) > HMAC compare timing variance is bounded (<5ms p99 over 200 samples)
[webhook] hmac_attempt outcome=fail event=push deliveryId=timing-25

stderr | tests/integration/webhook-signature-fuzz.test.ts > T-033 — webhook signature + replay fuzz (AC-US9-06, AC-NFR2-01) > HMAC compare timing variance is bounded (<5ms p99 over 200 samples)
[webhook] hmac_attempt outcome=pass event=push deliveryId=timing-26

stderr | tests/integration/webhook-signature-fuzz.test.ts > T-033 — webhook signature + replay fuzz (AC-US9-06, AC-NFR2-01) > HMAC compare timing variance is bounded (<5ms p99 over 200 samples)
[webhook] hmac_attempt outcome=fail event=push deliveryId=timing-27

stderr | tests/integration/webhook-signature-fuzz.test.ts > T-033 — webhook signature + replay fuzz (AC-US9-06, AC-NFR2-01) > HMAC compare timing variance is bounded (<5ms p99 over 200 samples)
[webhook] hmac_attempt outcome=pass event=push deliveryId=timing-28

stderr | tests/integration/webhook-signature-fuzz.test.ts > T-033 — webhook signature + replay fuzz (AC-US9-06, AC-NFR2-01) > HMAC compare timing variance is bounded (<5ms p99 over 200 samples)
[webhook] hmac_attempt outcome=fail event=push deliveryId=timing-29

stdout | src/lib/crawler/__tests__/github-discovery.test.ts > runGitHubDiscovery — DB dedup wiring > proceeds with discovery when rate limit remaining is sufficient
[discovery:code] query "filename:SKILL.md+path:/skills/": total_count=0
[discovery:code] query "filename:SKILL.md+path:/skills/": 0 fetched

stdout | src/lib/crawler/__tests__/github-discovery.test.ts > runGitHubDiscovery — DB dedup wiring > proceeds with discovery when rate limit remaining is sufficient
[discovery:code] query "filename:skill.md": total_count=0
[discovery:code] query "filename:skill.md": 0 fetched

stderr | src/lib/queue/__tests__/process-submission.test.ts > processSubmission > Socket.dev supply chain integration > gracefully degrades when Socket enrichment throws
Socket enrichment failed, using local-only analysis: Error: Socket API timeout
    at /Users/antonabyzov/Projects/github/specweave-umb/repositories/anton-abyzov/0874-intake-identity/src/lib/queue/__tests__/process-submission.test.ts:1226:52
    at file:///Users/antonabyzov/Projects/github/specweave-umb/repositories/anton-abyzov/0874-bulk-request-memory/node_modules/@vitest/runner/dist/chunk-hooks.js:155:11
    at file:///Users/antonabyzov/Projects/github/specweave-umb/repositories/anton-abyzov/0874-bulk-request-memory/node_modules/@vitest/runner/dist/chunk-hooks.js:752:26
    at file:///Users/antonabyzov/Projects/github/specweave-umb/repositories/anton-abyzov/0874-bulk-request-memory/node_modules/@vitest/runner/dist/chunk-hooks.js:1897:20
    at new Promise (<anonymous>)
    at runWithTimeout (file:///Users/antonabyzov/Projects/github/specweave-umb/repositories/anton-abyzov/0874-bulk-request-memory/node_modules/@vitest/runner/dist/chunk-hooks.js:1863:10)
    at runTest (file:///Users/antonabyzov/Projects/github/specweave-umb/repositories/anton-abyzov/0874-bulk-request-memory/node_modules/@vitest/runner/dist/chunk-hooks.js:1574:12)
    at processTicksAndRejections (node:internal/process/task_queues:105:5)
    at runSuite (file:///Users/antonabyzov/Projects/github/specweave-umb/repositories/anton-abyzov/0874-bulk-request-memory/node_modules/@vitest/runner/dist/chunk-hooks.js:1729:8)
    at runSuite (file:///Users/antonabyzov/Projects/github/specweave-umb/repositories/anton-abyzov/0874-bulk-request-memory/node_modules/@vitest/runner/dist/chunk-hooks.js:1729:8)

stderr | tests/integration/webhook-signature-fuzz.test.ts > T-033 — webhook signature + replay fuzz (AC-US9-06, AC-NFR2-01) > HMAC compare timing variance is bounded (<5ms p99 over 200 samples)
[webhook] hmac_attempt outcome=pass event=push deliveryId=timing-30

stderr | tests/integration/webhook-signature-fuzz.test.ts > T-033 — webhook signature + replay fuzz (AC-US9-06, AC-NFR2-01) > HMAC compare timing variance is bounded (<5ms p99 over 200 samples)
[webhook] hmac_attempt outcome=fail event=push deliveryId=timing-31

stderr | tests/integration/webhook-signature-fuzz.test.ts > T-033 — webhook signature + replay fuzz (AC-US9-06, AC-NFR2-01) > HMAC compare timing variance is bounded (<5ms p99 over 200 samples)
[webhook] hmac_attempt outcome=pass event=push deliveryId=timing-32

stderr | tests/integration/webhook-signature-fuzz.test.ts > T-033 — webhook signature + replay fuzz (AC-US9-06, AC-NFR2-01) > HMAC compare timing variance is bounded (<5ms p99 over 200 samples)
[webhook] hmac_attempt outcome=fail event=push deliveryId=timing-33

stderr | tests/integration/webhook-signature-fuzz.test.ts > T-033 — webhook signature + replay fuzz (AC-US9-06, AC-NFR2-01) > HMAC compare timing variance is bounded (<5ms p99 over 200 samples)
[webhook] hmac_attempt outcome=pass event=push deliveryId=timing-34

stderr | tests/integration/webhook-signature-fuzz.test.ts > T-033 — webhook signature + replay fuzz (AC-US9-06, AC-NFR2-01) > HMAC compare timing variance is bounded (<5ms p99 over 200 samples)
[webhook] hmac_attempt outcome=fail event=push deliveryId=timing-35

stderr | tests/integration/webhook-signature-fuzz.test.ts > T-033 — webhook signature + replay fuzz (AC-US9-06, AC-NFR2-01) > HMAC compare timing variance is bounded (<5ms p99 over 200 samples)
[webhook] hmac_attempt outcome=pass event=push deliveryId=timing-36

stderr | tests/integration/webhook-signature-fuzz.test.ts > T-033 — webhook signature + replay fuzz (AC-US9-06, AC-NFR2-01) > HMAC compare timing variance is bounded (<5ms p99 over 200 samples)
[webhook] hmac_attempt outcome=fail event=push deliveryId=timing-37

stderr | tests/integration/webhook-signature-fuzz.test.ts > T-033 — webhook signature + replay fuzz (AC-US9-06, AC-NFR2-01) > HMAC compare timing variance is bounded (<5ms p99 over 200 samples)
[webhook] hmac_attempt outcome=pass event=push deliveryId=timing-38

stderr | tests/integration/webhook-signature-fuzz.test.ts > T-033 — webhook signature + replay fuzz (AC-US9-06, AC-NFR2-01) > HMAC compare timing variance is bounded (<5ms p99 over 200 samples)
[webhook] hmac_attempt outcome=fail event=push deliveryId=timing-39

stderr | tests/integration/webhook-signature-fuzz.test.ts > T-033 — webhook signature + replay fuzz (AC-US9-06, AC-NFR2-01) > HMAC compare timing variance is bounded (<5ms p99 over 200 samples)
[webhook] hmac_attempt outcome=pass event=push deliveryId=timing-40

stderr | tests/integration/webhook-signature-fuzz.test.ts > T-033 — webhook signature + replay fuzz (AC-US9-06, AC-NFR2-01) > HMAC compare timing variance is bounded (<5ms p99 over 200 samples)
[webhook] hmac_attempt outcome=fail event=push deliveryId=timing-41

stderr | tests/integration/webhook-signature-fuzz.test.ts > T-033 — webhook signature + replay fuzz (AC-US9-06, AC-NFR2-01) > HMAC compare timing variance is bounded (<5ms p99 over 200 samples)
[webhook] hmac_attempt outcome=pass event=push deliveryId=timing-42

stderr | tests/integration/webhook-signature-fuzz.test.ts > T-033 — webhook signature + replay fuzz (AC-US9-06, AC-NFR2-01) > HMAC compare timing variance is bounded (<5ms p99 over 200 samples)
[webhook] hmac_attempt outcome=fail event=push deliveryId=timing-43

stdout | src/lib/crawler/__tests__/github-discovery.test.ts > runGitHubDiscovery — DB dedup wiring > proceeds with discovery when rate limit remaining is sufficient
[discovery:code] query "filename:SKILL.md": total_count=0
[discovery:code] query "filename:SKILL.md": 0 fetched

stderr | tests/integration/webhook-signature-fuzz.test.ts > T-033 — webhook signature + replay fuzz (AC-US9-06, AC-NFR2-01) > HMAC compare timing variance is bounded (<5ms p99 over 200 samples)
[webhook] hmac_attempt outcome=pass event=push deliveryId=timing-44

stderr | tests/integration/webhook-signature-fuzz.test.ts > T-033 — webhook signature + replay fuzz (AC-US9-06, AC-NFR2-01) > HMAC compare timing variance is bounded (<5ms p99 over 200 samples)
[webhook] hmac_attempt outcome=fail event=push deliveryId=timing-45

stderr | tests/integration/webhook-signature-fuzz.test.ts > T-033 — webhook signature + replay fuzz (AC-US9-06, AC-NFR2-01) > HMAC compare timing variance is bounded (<5ms p99 over 200 samples)
[webhook] hmac_attempt outcome=pass event=push deliveryId=timing-46

stderr | tests/integration/webhook-signature-fuzz.test.ts > T-033 — webhook signature + replay fuzz (AC-US9-06, AC-NFR2-01) > HMAC compare timing variance is bounded (<5ms p99 over 200 samples)
[webhook] hmac_attempt outcome=fail event=push deliveryId=timing-47

stderr | tests/integration/webhook-signature-fuzz.test.ts > T-033 — webhook signature + replay fuzz (AC-US9-06, AC-NFR2-01) > HMAC compare timing variance is bounded (<5ms p99 over 200 samples)
[webhook] hmac_attempt outcome=pass event=push deliveryId=timing-48

stderr | tests/integration/webhook-signature-fuzz.test.ts > T-033 — webhook signature + replay fuzz (AC-US9-06, AC-NFR2-01) > HMAC compare timing variance is bounded (<5ms p99 over 200 samples)
[webhook] hmac_attempt outcome=fail event=push deliveryId=timing-49

stderr | tests/integration/webhook-signature-fuzz.test.ts > T-033 — webhook signature + replay fuzz (AC-US9-06, AC-NFR2-01) > HMAC compare timing variance is bounded (<5ms p99 over 200 samples)
[webhook] hmac_attempt outcome=pass event=push deliveryId=timing-50

stderr | tests/integration/webhook-signature-fuzz.test.ts > T-033 — webhook signature + replay fuzz (AC-US9-06, AC-NFR2-01) > HMAC compare timing variance is bounded (<5ms p99 over 200 samples)
[webhook] hmac_attempt outcome=fail event=push deliveryId=timing-51

stderr | tests/integration/webhook-signature-fuzz.test.ts > T-033 — webhook signature + replay fuzz (AC-US9-06, AC-NFR2-01) > HMAC compare timing variance is bounded (<5ms p99 over 200 samples)
[webhook] hmac_attempt outcome=pass event=push deliveryId=timing-52

stderr | tests/integration/webhook-signature-fuzz.test.ts > T-033 — webhook signature + replay fuzz (AC-US9-06, AC-NFR2-01) > HMAC compare timing variance is bounded (<5ms p99 over 200 samples)
[webhook] hmac_attempt outcome=fail event=push deliveryId=timing-53

stderr | tests/integration/webhook-signature-fuzz.test.ts > T-033 — webhook signature + replay fuzz (AC-US9-06, AC-NFR2-01) > HMAC compare timing variance is bounded (<5ms p99 over 200 samples)
[webhook] hmac_attempt outcome=pass event=push deliveryId=timing-54

stderr | tests/integration/webhook-signature-fuzz.test.ts > T-033 — webhook signature + replay fuzz (AC-US9-06, AC-NFR2-01) > HMAC compare timing variance is bounded (<5ms p99 over 200 samples)
[webhook] hmac_attempt outcome=fail event=push deliveryId=timing-55

stderr | tests/integration/webhook-signature-fuzz.test.ts > T-033 — webhook signature + replay fuzz (AC-US9-06, AC-NFR2-01) > HMAC compare timing variance is bounded (<5ms p99 over 200 samples)
[webhook] hmac_attempt outcome=pass event=push deliveryId=timing-56

stdout | src/lib/crawler/__tests__/github-discovery.test.ts > runGitHubDiscovery — DB dedup wiring > proceeds with discovery when rate limit remaining is sufficient
[discovery:code] query "filename:SKILL.md path:skills/": total_count=0
[discovery:code] query "filename:SKILL.md path:skills/": 0 fetched

stderr | tests/integration/webhook-signature-fuzz.test.ts > T-033 — webhook signature + replay fuzz (AC-US9-06, AC-NFR2-01) > HMAC compare timing variance is bounded (<5ms p99 over 200 samples)
[webhook] hmac_attempt outcome=fail event=push deliveryId=timing-57

stderr | tests/integration/webhook-signature-fuzz.test.ts > T-033 — webhook signature + replay fuzz (AC-US9-06, AC-NFR2-01) > HMAC compare timing variance is bounded (<5ms p99 over 200 samples)
[webhook] hmac_attempt outcome=pass event=push deliveryId=timing-58

stdout | src/lib/crawler/__tests__/github-discovery.test.ts > runGitHubDiscovery — DB dedup wiring > proceeds with discovery when rate limit remaining is sufficient
[discovery:code] query "filename:SKILL.md path:packages/": total_count=0
[discovery:code] query "filename:SKILL.md path:packages/": 0 fetched

stderr | tests/integration/webhook-signature-fuzz.test.ts > T-033 — webhook signature + replay fuzz (AC-US9-06, AC-NFR2-01) > HMAC compare timing variance is bounded (<5ms p99 over 200 samples)
[webhook] hmac_attempt outcome=fail event=push deliveryId=timing-59

stderr | tests/integration/webhook-signature-fuzz.test.ts > T-033 — webhook signature + replay fuzz (AC-US9-06, AC-NFR2-01) > HMAC compare timing variance is bounded (<5ms p99 over 200 samples)
[webhook] hmac_attempt outcome=pass event=push deliveryId=timing-60

stderr | tests/integration/webhook-signature-fuzz.test.ts > T-033 — webhook signature + replay fuzz (AC-US9-06, AC-NFR2-01) > HMAC compare timing variance is bounded (<5ms p99 over 200 samples)
[webhook] hmac_attempt outcome=fail event=push deliveryId=timing-61

stdout | src/lib/crawler/__tests__/github-discovery.test.ts > runGitHubDiscovery — DB dedup wiring > proceeds with discovery when rate limit remaining is sufficient
[discovery] found 0 candidates (github-code:0)
[discovery] run complete — 0 new skills enqueued from 0 candidates

stderr | tests/integration/webhook-signature-fuzz.test.ts > T-033 — webhook signature + replay fuzz (AC-US9-06, AC-NFR2-01) > HMAC compare timing variance is bounded (<5ms p99 over 200 samples)
[webhook] hmac_attempt outcome=pass event=push deliveryId=timing-62

stderr | tests/integration/webhook-signature-fuzz.test.ts > T-033 — webhook signature + replay fuzz (AC-US9-06, AC-NFR2-01) > HMAC compare timing variance is bounded (<5ms p99 over 200 samples)
[webhook] hmac_attempt outcome=fail event=push deliveryId=timing-63

stderr | tests/integration/webhook-signature-fuzz.test.ts > T-033 — webhook signature + replay fuzz (AC-US9-06, AC-NFR2-01) > HMAC compare timing variance is bounded (<5ms p99 over 200 samples)
[webhook] hmac_attempt outcome=pass event=push deliveryId=timing-64

stderr | tests/integration/webhook-signature-fuzz.test.ts > T-033 — webhook signature + replay fuzz (AC-US9-06, AC-NFR2-01) > HMAC compare timing variance is bounded (<5ms p99 over 200 samples)
[webhook] hmac_attempt outcome=fail event=push deliveryId=timing-65

stdout | src/lib/crawler/__tests__/github-discovery.test.ts > runGitHubDiscovery — DB dedup wiring > writes DiscoveryRunLog at end of run
[discovery:code] query "filename:SKILL.md+path:/": total_count=0
[discovery:code] query "filename:SKILL.md+path:/": 0 fetched

stderr | tests/integration/webhook-signature-fuzz.test.ts > T-033 — webhook signature + replay fuzz (AC-US9-06, AC-NFR2-01) > HMAC compare timing variance is bounded (<5ms p99 over 200 samples)
[webhook] hmac_attempt outcome=pass event=push deliveryId=timing-66

stdout | src/lib/crawler/__tests__/github-discovery.test.ts > runGitHubDiscovery — DB dedup wiring > writes DiscoveryRunLog at end of run
[discovery:code] query "filename:SKILL.md+path:/skills/": total_count=0
[discovery:code] query "filename:SKILL.md+path:/skills/": 0 fetched

stderr | tests/integration/webhook-signature-fuzz.test.ts > T-033 — webhook signature + replay fuzz (AC-US9-06, AC-NFR2-01) > HMAC compare timing variance is bounded (<5ms p99 over 200 samples)
[webhook] hmac_attempt outcome=fail event=push deliveryId=timing-67

stdout | src/lib/crawler/__tests__/github-discovery.test.ts > runGitHubDiscovery — DB dedup wiring > writes DiscoveryRunLog at end of run
[discovery:code] query "filename:skill.md": total_count=0
[discovery:code] query "filename:skill.md": 0 fetched

stdout | src/lib/crawler/__tests__/github-discovery.test.ts > runGitHubDiscovery — DB dedup wiring > writes DiscoveryRunLog at end of run
[discovery:code] query "filename:SKILL.md": total_count=0
[discovery:code] query "filename:SKILL.md": 0 fetched

stderr | tests/integration/webhook-signature-fuzz.test.ts > T-033 — webhook signature + replay fuzz (AC-US9-06, AC-NFR2-01) > HMAC compare timing variance is bounded (<5ms p99 over 200 samples)
[webhook] hmac_attempt outcome=pass event=push deliveryId=timing-68

stdout | src/lib/crawler/__tests__/github-discovery.test.ts > runGitHubDiscovery — DB dedup wiring > writes DiscoveryRunLog at end of run
[discovery:code] query "filename:SKILL.md path:skills/": total_count=0
[discovery:code] query "filename:SKILL.md path:skills/": 0 fetched

stderr | tests/integration/webhook-signature-fuzz.test.ts > T-033 — webhook signature + replay fuzz (AC-US9-06, AC-NFR2-01) > HMAC compare timing variance is bounded (<5ms p99 over 200 samples)
[webhook] hmac_attempt outcome=fail event=push deliveryId=timing-69

stdout | src/lib/crawler/__tests__/github-discovery.test.ts > runGitHubDiscovery — DB dedup wiring > writes DiscoveryRunLog at end of run
[discovery:code] query "filename:SKILL.md path:packages/": total_count=0
[discovery:code] query "filename:SKILL.md path:packages/": 0 fetched

stderr | tests/integration/webhook-signature-fuzz.test.ts > T-033 — webhook signature + replay fuzz (AC-US9-06, AC-NFR2-01) > HMAC compare timing variance is bounded (<5ms p99 over 200 samples)
[webhook] hmac_attempt outcome=pass event=push deliveryId=timing-70

stdout | src/lib/crawler/__tests__/github-discovery.test.ts > runGitHubDiscovery — DB dedup wiring > writes DiscoveryRunLog at end of run
[discovery] found 0 candidates (github-code:0)
[discovery] run complete — 0 new skills enqueued from 0 candidates

stderr | tests/integration/webhook-signature-fuzz.test.ts > T-033 — webhook signature + replay fuzz (AC-US9-06, AC-NFR2-01) > HMAC compare timing variance is bounded (<5ms p99 over 200 samples)
[webhook] hmac_attempt outcome=fail event=push deliveryId=timing-71

 ✓ src/lib/queue/__tests__/process-submission.test.ts (38 tests) 450ms
stderr | tests/integration/webhook-signature-fuzz.test.ts > T-033 — webhook signature + replay fuzz (AC-US9-06, AC-NFR2-01) > HMAC compare timing variance is bounded (<5ms p99 over 200 samples)
[webhook] hmac_attempt outcome=pass event=push deliveryId=timing-72

stderr | tests/integration/webhook-signature-fuzz.test.ts > T-033 — webhook signature + replay fuzz (AC-US9-06, AC-NFR2-01) > HMAC compare timing variance is bounded (<5ms p99 over 200 samples)
[webhook] hmac_attempt outcome=fail event=push deliveryId=timing-73

stderr | tests/integration/webhook-signature-fuzz.test.ts > T-033 — webhook signature + replay fuzz (AC-US9-06, AC-NFR2-01) > HMAC compare timing variance is bounded (<5ms p99 over 200 samples)
[webhook] hmac_attempt outcome=pass event=push deliveryId=timing-74

stderr | tests/integration/webhook-signature-fuzz.test.ts > T-033 — webhook signature + replay fuzz (AC-US9-06, AC-NFR2-01) > HMAC compare timing variance is bounded (<5ms p99 over 200 samples)
[webhook] hmac_attempt outcome=fail event=push deliveryId=timing-75

stderr | tests/integration/webhook-signature-fuzz.test.ts > T-033 — webhook signature + replay fuzz (AC-US9-06, AC-NFR2-01) > HMAC compare timing variance is bounded (<5ms p99 over 200 samples)
[webhook] hmac_attempt outcome=pass event=push deliveryId=timing-76

stderr | tests/integration/webhook-signature-fuzz.test.ts > T-033 — webhook signature + replay fuzz (AC-US9-06, AC-NFR2-01) > HMAC compare timing variance is bounded (<5ms p99 over 200 samples)
[webhook] hmac_attempt outcome=fail event=push deliveryId=timing-77

stderr | tests/integration/webhook-signature-fuzz.test.ts > T-033 — webhook signature + replay fuzz (AC-US9-06, AC-NFR2-01) > HMAC compare timing variance is bounded (<5ms p99 over 200 samples)
[webhook] hmac_attempt outcome=pass event=push deliveryId=timing-78

stderr | tests/integration/webhook-signature-fuzz.test.ts > T-033 — webhook signature + replay fuzz (AC-US9-06, AC-NFR2-01) > HMAC compare timing variance is bounded (<5ms p99 over 200 samples)
[webhook] hmac_attempt outcome=fail event=push deliveryId=timing-79

stderr | tests/integration/webhook-signature-fuzz.test.ts > T-033 — webhook signature + replay fuzz (AC-US9-06, AC-NFR2-01) > HMAC compare timing variance is bounded (<5ms p99 over 200 samples)
[webhook] hmac_attempt outcome=pass event=push deliveryId=timing-80

stderr | tests/integration/webhook-signature-fuzz.test.ts > T-033 — webhook signature + replay fuzz (AC-US9-06, AC-NFR2-01) > HMAC compare timing variance is bounded (<5ms p99 over 200 samples)
[webhook] hmac_attempt outcome=fail event=push deliveryId=timing-81

stderr | tests/integration/webhook-signature-fuzz.test.ts > T-033 — webhook signature + replay fuzz (AC-US9-06, AC-NFR2-01) > HMAC compare timing variance is bounded (<5ms p99 over 200 samples)
[webhook] hmac_attempt outcome=pass event=push deliveryId=timing-82

 ✓ src/lib/crawler/__tests__/github-discovery.test.ts (7 tests) 337ms
stderr | tests/integration/webhook-signature-fuzz.test.ts > T-033 — webhook signature + replay fuzz (AC-US9-06, AC-NFR2-01) > HMAC compare timing variance is bounded (<5ms p99 over 200 samples)
[webhook] hmac_attempt outcome=fail event=push deliveryId=timing-83

stderr | tests/integration/webhook-signature-fuzz.test.ts > T-033 — webhook signature + replay fuzz (AC-US9-06, AC-NFR2-01) > HMAC compare timing variance is bounded (<5ms p99 over 200 samples)
[webhook] hmac_attempt outcome=pass event=push deliveryId=timing-84

stderr | tests/integration/webhook-signature-fuzz.test.ts > T-033 — webhook signature + replay fuzz (AC-US9-06, AC-NFR2-01) > HMAC compare timing variance is bounded (<5ms p99 over 200 samples)
[webhook] hmac_attempt outcome=fail event=push deliveryId=timing-85

stderr | tests/integration/webhook-signature-fuzz.test.ts > T-033 — webhook signature + replay fuzz (AC-US9-06, AC-NFR2-01) > HMAC compare timing variance is bounded (<5ms p99 over 200 samples)
[webhook] hmac_attempt outcome=pass event=push deliveryId=timing-86

stderr | tests/integration/webhook-signature-fuzz.test.ts > T-033 — webhook signature + replay fuzz (AC-US9-06, AC-NFR2-01) > HMAC compare timing variance is bounded (<5ms p99 over 200 samples)
[webhook] hmac_attempt outcome=fail event=push deliveryId=timing-87

stderr | tests/integration/webhook-signature-fuzz.test.ts > T-033 — webhook signature + replay fuzz (AC-US9-06, AC-NFR2-01) > HMAC compare timing variance is bounded (<5ms p99 over 200 samples)
[webhook] hmac_attempt outcome=pass event=push deliveryId=timing-88

stderr | tests/integration/webhook-signature-fuzz.test.ts > T-033 — webhook signature + replay fuzz (AC-US9-06, AC-NFR2-01) > HMAC compare timing variance is bounded (<5ms p99 over 200 samples)
[webhook] hmac_attempt outcome=fail event=push deliveryId=timing-89

stderr | tests/integration/webhook-signature-fuzz.test.ts > T-033 — webhook signature + replay fuzz (AC-US9-06, AC-NFR2-01) > HMAC compare timing variance is bounded (<5ms p99 over 200 samples)
[webhook] hmac_attempt outcome=pass event=push deliveryId=timing-90

stderr | tests/integration/webhook-signature-fuzz.test.ts > T-033 — webhook signature + replay fuzz (AC-US9-06, AC-NFR2-01) > HMAC compare timing variance is bounded (<5ms p99 over 200 samples)
[webhook] hmac_attempt outcome=fail event=push deliveryId=timing-91

stderr | tests/integration/webhook-signature-fuzz.test.ts > T-033 — webhook signature + replay fuzz (AC-US9-06, AC-NFR2-01) > HMAC compare timing variance is bounded (<5ms p99 over 200 samples)
[webhook] hmac_attempt outcome=pass event=push deliveryId=timing-92

stderr | tests/integration/webhook-signature-fuzz.test.ts > T-033 — webhook signature + replay fuzz (AC-US9-06, AC-NFR2-01) > HMAC compare timing variance is bounded (<5ms p99 over 200 samples)
[webhook] hmac_attempt outcome=fail event=push deliveryId=timing-93

stderr | tests/integration/webhook-signature-fuzz.test.ts > T-033 — webhook signature + replay fuzz (AC-US9-06, AC-NFR2-01) > HMAC compare timing variance is bounded (<5ms p99 over 200 samples)
[webhook] hmac_attempt outcome=pass event=push deliveryId=timing-94

stderr | tests/integration/webhook-signature-fuzz.test.ts > T-033 — webhook signature + replay fuzz (AC-US9-06, AC-NFR2-01) > HMAC compare timing variance is bounded (<5ms p99 over 200 samples)
[webhook] hmac_attempt outcome=fail event=push deliveryId=timing-95

stderr | tests/integration/webhook-signature-fuzz.test.ts > T-033 — webhook signature + replay fuzz (AC-US9-06, AC-NFR2-01) > HMAC compare timing variance is bounded (<5ms p99 over 200 samples)
[webhook] hmac_attempt outcome=pass event=push deliveryId=timing-96

stderr | tests/integration/webhook-signature-fuzz.test.ts > T-033 — webhook signature + replay fuzz (AC-US9-06, AC-NFR2-01) > HMAC compare timing variance is bounded (<5ms p99 over 200 samples)
[webhook] hmac_attempt outcome=fail event=push deliveryId=timing-97

stderr | tests/integration/webhook-signature-fuzz.test.ts > T-033 — webhook signature + replay fuzz (AC-US9-06, AC-NFR2-01) > HMAC compare timing variance is bounded (<5ms p99 over 200 samples)
[webhook] hmac_attempt outcome=pass event=push deliveryId=timing-98

stderr | tests/integration/webhook-signature-fuzz.test.ts > T-033 — webhook signature + replay fuzz (AC-US9-06, AC-NFR2-01) > HMAC compare timing variance is bounded (<5ms p99 over 200 samples)
[webhook] hmac_attempt outcome=fail event=push deliveryId=timing-99

 ✓ tests/integration/webhook-signature-fuzz.test.ts (2 tests) 4807ms
   ✓ T-033 — webhook signature + replay fuzz (AC-US9-06, AC-NFR2-01) > 100% rejects bad inputs and accepts valid ones across 1000 mutations  4726ms
stderr | src/lib/__tests__/email.test.ts > sendSubmissionReceived > returns error result when sgMail.send throws
[email] Failed to send to user@example.com: SendGrid API rate limit

stderr | src/lib/__tests__/email.test.ts > sendSubmissionReceived > handles non-Error throws gracefully
[email] Failed to send to user@example.com: Unknown SendGrid error

stderr | src/lib/__tests__/email.test.ts > sendAutoApproved > returns error on failure
[email] Failed to send to user@example.com: Network timeout

stderr | src/lib/__tests__/email.test.ts > sendRejected > returns error on failure
[email] Failed to send to user@example.com: Service unavailable

stderr | src/lib/__tests__/email.test.ts > sendVersionPublished > returns error on failure
[email] Failed to send to user@example.com: Forbidden

 ✓ src/lib/__tests__/email.test.ts (30 tests) 73ms
stderr | src/lib/__tests__/submission-store-db.test.ts > createSubmission — DB dual-write (T-004) > does not throw when DB write fails
[persistSubmissionToDb] sub_c43ca1c6-aff1-4c09-96e4-66241e76530f: Error: DB timeout
    at /Users/antonabyzov/Projects/github/specweave-umb/repositories/anton-abyzov/0874-intake-identity/src/lib/__tests__/submission-store-db.test.ts:98:52
    at file:///Users/antonabyzov/Projects/github/specweave-umb/repositories/anton-abyzov/0874-bulk-request-memory/node_modules/@vitest/runner/dist/chunk-hooks.js:155:11
    at file:///Users/antonabyzov/Projects/github/specweave-umb/repositories/anton-abyzov/0874-bulk-request-memory/node_modules/@vitest/runner/dist/chunk-hooks.js:752:26
    at file:///Users/antonabyzov/Projects/github/specweave-umb/repositories/anton-abyzov/0874-bulk-request-memory/node_modules/@vitest/runner/dist/chunk-hooks.js:1897:20
    at new Promise (<anonymous>)
    at runWithTimeout (file:///Users/antonabyzov/Projects/github/specweave-umb/repositories/anton-abyzov/0874-bulk-request-memory/node_modules/@vitest/runner/dist/chunk-hooks.js:1863:10)
    at runTest (file:///Users/antonabyzov/Projects/github/specweave-umb/repositories/anton-abyzov/0874-bulk-request-memory/node_modules/@vitest/runner/dist/chunk-hooks.js:1574:12)
    at processTicksAndRejections (node:internal/process/task_queues:105:5)
    at runSuite (file:///Users/antonabyzov/Projects/github/specweave-umb/repositories/anton-abyzov/0874-bulk-request-memory/node_modules/@vitest/runner/dist/chunk-hooks.js:1729:8)
    at runSuite (file:///Users/antonabyzov/Projects/github/specweave-umb/repositories/anton-abyzov/0874-bulk-request-memory/node_modules/@vitest/runner/dist/chunk-hooks.js:1729:8)

 ✓ src/__tests__/account/tokens.test.ts (12 tests) 87ms
 ✓ src/lib/__tests__/submission-store-db.test.ts (9 tests) 125ms
stdout | src/lib/crawler/__tests__/github-discovery-options.test.ts > runGitHubDiscovery options > default max is 5000
[discovery] found 600 candidates (npm:600)

stdout | src/lib/crawler/__tests__/github-discovery-options.test.ts > runGitHubDiscovery options > default max is 5000
[discovery] org/npm-skill-0: submitted 1 new, skipped 0 already-verified
[discovery] org/npm-skill-1: submitted 1 new, skipped 0 already-verified
[discovery] org/npm-skill-2: submitted 1 new, skipped 0 already-verified
[discovery] org/npm-skill-3: submitted 1 new, skipped 0 already-verified
[discovery] org/npm-skill-4: submitted 1 new, skipped 0 already-verified
[discovery] org/npm-skill-5: submitted 1 new, skipped 0 already-verified
[discovery] org/npm-skill-6: submitted 1 new, skipped 0 already-verified
[discovery] org/npm-skill-7: submitted 1 new, skipped 0 already-verified
[discovery] org/npm-skill-8: submitted 1 new, skipped 0 already-verified
[discovery] org/npm-skill-9: submitted 1 new, skipped 0 already-verified
[discovery] org/npm-skill-10: submitted 1 new, skipped 0 already-verified
[discovery] org/npm-skill-11: submitted 1 new, skipped 0 already-verified
[discovery] org/npm-skill-12: submitted 1 new, skipped 0 already-verified
[discovery] org/npm-skill-13: submitted 1 new, skipped 0 already-verified
[discovery] org/npm-skill-14: submitted 1 new, skipped 0 already-verified
[discovery] org/npm-skill-15: submitted 1 new, skipped 0 already-verified
[discovery] org/npm-skill-16: submitted 1 new, skipped 0 already-verified
[discovery] org/npm-skill-17: submitted 1 new, skipped 0 already-verified
[discovery] org/npm-skill-18: submitted 1 new, skipped 0 already-verified
[discovery] org/npm-skill-19: submitted 1 new, skipped 0 already-verified
[discovery] org/npm-skill-20: submitted 1 new, skipped 0 already-verified
[discovery] org/npm-skill-21: submitted 1 new, skipped 0 already-verified
[discovery] org/npm-skill-22: submitted 1 new, skipped 0 already-verified
[discovery] org/npm-skill-23: submitted 1 new, skipped 0 already-verified
[discovery] org/npm-skill-24: submitted 1 new, skipped 0 already-verified
[discovery] org/npm-skill-25: submitted 1 new, skipped 0 already-verified
[discovery] org/npm-skill-26: submitted 1 new, skipped 0 already-verified
[discovery] org/npm-skill-27: submitted 1 new, skipped 0 already-verified
[discovery] org/npm-skill-28: submitted 1 new, skipped 0 already-verified
[discovery] org/npm-skill-29: submitted 1 new, skipped 0 already-verified
[discovery] org/npm-skill-30: submitted 1 new, skipped 0 already-verified
[discovery] org/npm-skill-31: submitted 1 new, skipped 0 already-verified
[discovery] org/npm-skill-32: submitted 1 new, skipped 0 already-verified
[discovery] org/npm-skill-33: submitted 1 new, skipped 0 already-verified
[discovery] org/npm-skill-34: submitted 1 new, skipped 0 already-verified
[discovery] org/npm-skill-35: submitted 1 new, skipped 0 already-verified
[discovery] org/npm-skill-36: submitted 1 new, skipped 0 already-verified
[discovery] org/npm-skill-37: submitted 1 new, skipped 0 already-verified
[discovery] org/npm-skill-38: submitted 1 new, skipped 0 already-verified
[discovery] org/npm-skill-39: submitted 1 new, skipped 0 already-verified
[discovery] org/npm-skill-40: submitted 1 new, skipped 0 already-verified
[discovery] org/npm-skill-41: submitted 1 new, skipped 0 already-verified
[discovery] org/npm-skill-42: submitted 1 new, skipped 0 already-verified
[discovery] org/npm-skill-43: submitted 1 new, skipped 0 already-verified
[discovery] org/npm-skill-44: submitted 1 new, skipped 0 already-verified
[discovery] org/npm-skill-45: submitted 1 new, skipped 0 already-verified
[discovery] org/npm-skill-46: submitted 1 new, skipped 0 already-verified
[discovery] org/npm-skill-47: submitted 1 new, skipped 0 already-verified
[discovery] org/npm-skill-48: submitted 1 new, skipped 0 already-verified
[discovery] org/npm-skill-49: submitted 1 new, skipped 0 already-verified
[discovery] org/npm-skill-50: submitted 1 new, skipped 0 already-verified
[discovery] org/npm-skill-51: submitted 1 new, skipped 0 already-verified
[discovery] org/npm-skill-52: submitted 1 new, skipped 0 already-verified
[discovery] org/npm-skill-53: submitted 1 new, skipped 0 already-verified
[discovery] org/npm-skill-54: submitted 1 new, skipped 0 already-verified
[discovery] org/npm-skill-55: submitted 1 new, skipped 0 already-verified
[discovery] org/npm-skill-56: submitted 1 new, skipped 0 already-verified
[discovery] org/npm-skill-57: submitted 1 new, skipped 0 already-verified
[discovery] org/npm-skill-58: submitted 1 new, skipped 0 already-verified
[discovery] org/npm-skill-59: submitted 1 new, skipped 0 already-verified
[discovery] org/npm-skill-60: submitted 1 new, skipped 0 already-verified
[discovery] org/npm-skill-61: submitted 1 new, skipped 0 already-verified
[discovery] org/npm-skill-62: submitted 1 new, skipped 0 already-verified
[discovery] org/npm-skill-63: submitted 1 new, skipped 0 already-verified
[discovery] org/npm-skill-64: submitted 1 new, skipped 0 already-verified
[discovery] org/npm-skill-65: submitted 1 new, skipped 0 already-verified
[discovery] org/npm-skill-66: submitted 1 new, skipped 0 already-verified
[discovery] org/npm-skill-67: submitted 1 new, skipped 0 already-verified
[discovery] org/npm-skill-68: submitted 1 new, skipped 0 already-verified
[discovery] org/npm-skill-69: submitted 1 new, skipped 0 already-verified
[discovery] org/npm-skill-70: submitted 1 new, skipped 0 already-verified
[discovery] org/npm-skill-71: submitted 1 new, skipped 0 already-verified
[discovery] org/npm-skill-72: submitted 1 new, skipped 0 already-verified
[discovery] org/npm-skill-73: submitted 1 new, skipped 0 already-verified
[discovery] org/npm-skill-74: submitted 1 new, skipped 0 already-verified
[discovery] org/npm-skill-75: submitted 1 new, skipped 0 already-verified
[discovery] org/npm-skill-76: submitted 1 new, skipped 0 already-verified
[discovery] org/npm-skill-77: submitted 1 new, skipped 0 already-verified
[discovery] org/npm-skill-78: submitted 1 new, skipped 0 already-verified
[discovery] org/npm-skill-79: submitted 1 new, skipped 0 already-verified
[discovery] org/npm-skill-80: submitted 1 new, skipped 0 already-verified
[discovery] org/npm-skill-81: submitted 1 new, skipped 0 already-verified
[discovery] org/npm-skill-82: submitted 1 new, skipped 0 already-verified
[discovery] org/npm-skill-83: submitted 1 new, skipped 0 already-verified
[discovery] org/npm-skill-84: submitted 1 new, skipped 0 already-verified
[discovery] org/npm-skill-85: submitted 1 new, skipped 0 already-verified
[discovery] org/npm-skill-86: submitted 1 new, skipped 0 already-verified
[discovery] org/npm-skill-87: submitted 1 new, skipped 0 already-verified
[discovery] org/npm-skill-88: submitted 1 new, skipped 0 already-verified
[discovery] org/npm-skill-89: submitted 1 new, skipped 0 already-verified
[discovery] org/npm-skill-90: submitted 1 new, skipped 0 already-verified
[discovery] org/npm-skill-91: submitted 1 new, skipped 0 already-verified
[discovery] org/npm-skill-92: submitted 1 new, skipped 0 already-verified
[discovery] org/npm-skill-93: submitted 1 new, skipped 0 already-verified
[discovery] org/npm-skill-94: submitted 1 new, skipped 0 already-verified
[discovery] org/npm-skill-95: submitted 1 new, skipped 0 already-verified
[discovery] org/npm-skill-96: submitted 1 new, skipped 0 already-verified
[discovery] org/npm-skill-97: submitted 1 new, skipped 0 already-verified
[discovery] org/npm-skill-98: submitted 1 new, skipped 0 already-verified
[discovery] org/npm-skill-99: submitted 1 new, skipped 0 already-verified
[discovery] org/npm-skill-100: submitted 1 new, skipped 0 already-verified
[discovery] org/npm-skill-101: submitted 1 new, skipped 0 already-verified
[discovery] org/npm-skill-102: submitted 1 new, skipped 0 already-verified
[discovery] org/npm-skill-103: submitted 1 new, skipped 0 already-verified
[discovery] org/npm-skill-104: submitted 1 new, skipped 0 already-verified
[discovery] org/npm-skill-105: submitted 1 new, skipped 0 already-verified
[discovery] org/npm-skill-106: submitted 1 new, skipped 0 already-verified
[discovery] org/npm-skill-107: submitted 1 new, skipped 0 already-verified
[discovery] org/npm-skill-108: submitted 1 new, skipped 0 already-verified
[discovery] org/npm-skill-109: submitted 1 new, skipped 0 already-verified
[discovery] org/npm-skill-110: submitted 1 new, skipped 0 already-verified
[discovery] org/npm-skill-111: submitted 1 new, skipped 0 already-verified
[discovery] org/npm-skill-112: submitted 1 new, skipped 0 already-verified
[discovery] org/npm-skill-113: submitted 1 new, skipped 0 already-verified
[discovery] org/npm-skill-114: submitted 1 new, skipped 0 already-verified
[discovery] org/npm-skill-115: submitted 1 new, skipped 0 already-verified
[discovery] org/npm-skill-116: submitted 1 new, skipped 0 already-verified
[discovery] org/npm-skill-117: submitted 1 new, skipped 0 already-verified
[discovery] org/npm-skill-118: submitted 1 new, skipped 0 already-verified
[discovery] org/npm-skill-119: submitted 1 new, skipped 0 already-verified
[discovery] org/npm-skill-120: submitted 1 new, skipped 0 already-verified
[discovery] org/npm-skill-121: submitted 1 new, skipped 0 already-verified
[discovery] org/npm-skill-122: submitted 1 new, skipped 0 already-verified
[discovery] org/npm-skill-123: submitted 1 new, skipped 0 already-verified
[discovery] org/npm-skill-124: submitted 1 new, skipped 0 already-verified
[discovery] org/npm-skill-125: submitted 1 new, skipped 0 already-verified
[discovery] org/npm-skill-126: submitted 1 new, skipped 0 already-verified
[discovery] org/npm-skill-127: submitted 1 new, skipped 0 already-verified
[discovery] org/npm-skill-128: submitted 1 new, skipped 0 already-verified
[discovery] org/npm-skill-129: submitted 1 new, skipped 0 already-verified
[discovery] org/npm-skill-130: submitted 1 new, skipped 0 already-verified
[discovery] org/npm-skill-131: submitted 1 new, skipped 0 already-verified
[discovery] org/npm-skill-132: submitted 1 new, skipped 0 already-verified
[discovery] org/npm-skill-133: submitted 1 new, skipped 0 already-verified
[discovery] org/npm-skill-134: submitted 1 new, skipped 0 already-verified
[discovery] org/npm-skill-135: submitted 1 new, skipped 0 already-verified
[discovery] org/npm-skill-136: submitted 1 new, skipped 0 already-verified
[discovery] org/npm-skill-137: submitted 1 new, skipped 0 already-verified
[discovery] org/npm-skill-138: submitted 1 new, skipped 0 already-verified
[discovery] org/npm-skill-139: submitted 1 new, skipped 0 already-verified
[discovery] org/npm-skill-140: submitted 1 new, skipped 0 already-verified
[discovery] org/npm-skill-141: submitted 1 new, skipped 0 already-verified
[discovery] org/npm-skill-142: submitted 1 new, skipped 0 already-verified
[discovery] org/npm-skill-143: submitted 1 new, skipped 0 already-verified
[discovery] org/npm-skill-144: submitted 1 new, skipped 0 already-verified
[discovery] org/npm-skill-145: submitted 1 new, skipped 0 already-verified
[discovery] org/npm-skill-146: submitted 1 new, skipped 0 already-verified
[discovery] org/npm-skill-147: submitted 1 new, skipped 0 already-verified
[discovery] org/npm-skill-148: submitted 1 new, skipped 0 already-verified
[discovery] org/npm-skill-149: submitted 1 new, skipped 0 already-verified
[discovery] org/npm-skill-150: submitted 1 new, skipped 0 already-verified
[discovery] org/npm-skill-151: submitted 1 new, skipped 0 already-verified
[discovery] org/npm-skill-152: submitted 1 new, skipped 0 already-verified
[discovery] org/npm-skill-153: submitted 1 new, skipped 0 already-verified
[discovery] org/npm-skill-154: submitted 1 new, skipped 0 already-verified
[discovery] org/npm-skill-155: submitted 1 new, skipped 0 already-verified
[discovery] org/npm-skill-156: submitted 1 new, skipped 0 already-verified
[discovery] org/npm-skill-157: submitted 1 new, skipped 0 already-verified
[discovery] org/npm-skill-158: submitted 1 new, skipped 0 already-verified
[discovery] org/npm-skill-159: submitted 1 new, skipped 0 already-verified
[discovery] org/npm-skill-160: submitted 1 new, skipped 0 already-verified
[discovery] org/npm-skill-161: submitted 1 new, skipped 0 already-verified
[discovery] org/npm-skill-162: submitted 1 new, skipped 0 already-verified
[discovery] org/npm-skill-163: submitted 1 new, skipped 0 already-verified
[discovery] org/npm-skill-164: submitted 1 new, skipped 0 already-verified
[discovery] org/npm-skill-165: submitted 1 new, skipped 0 already-verified
[discovery] org/npm-skill-166: submitted 1 new, skipped 0 already-verified
[discovery] org/npm-skill-167: submitted 1 new, skipped 0 already-verified
[discovery] org/npm-skill-168: submitted 1 new, skipped 0 already-verified
[discovery] org/npm-skill-169: submitted 1 new, skipped 0 already-verified
[discovery] org/npm-skill-170: submitted 1 new, skipped 0 already-verified
[discovery] org/npm-skill-171: submitted 1 new, skipped 0 already-verified
[discovery] org/npm-skill-172: submitted 1 new, skipped 0 already-verified
[discovery] org/npm-skill-173: submitted 1 new, skipped 0 already-verified
[discovery] org/npm-skill-174: submitted 1 new, skipped 0 already-verified
[discovery] org/npm-skill-175: submitted 1 new, skipped 0 already-verified
[discovery] org/npm-skill-176: submitted 1 new, skipped 0 already-verified
[discovery] org/npm-skill-177: submitted 1 new, skipped 0 already-verified
[discovery] org/npm-skill-178: submitted 1 new, skipped 0 already-verified
[discovery] org/npm-skill-179: submitted 1 new, skipped 0 already-verified
[discovery] org/npm-skill-180: submitted 1 new, skipped 0 already-verified
[discovery] org/npm-skill-181: submitted 1 new, skipped 0 already-verified
[discovery] org/npm-skill-182: submitted 1 new, skipped 0 already-verified
[discovery] org/npm-skill-183: submitted 1 new, skipped 0 already-verified
[discovery] org/npm-skill-184: submitted 1 new, skipped 0 already-verified
[discovery] org/npm-skill-185: submitted 1 new, skipped 0 already-verified
[discovery] org/npm-skill-186: submitted 1 new, skipped 0 already-verified
[discovery] org/npm-skill-187: submitted 1 new, skipped 0 already-verified
[discovery] org/npm-skill-188: submitted 1 new, skipped 0 already-verified
[discovery] org/npm-skill-189: submitted 1 new, skipped 0 already-verified
[discovery] org/npm-skill-190: submitted 1 new, skipped 0 already-verified
[discovery] org/npm-skill-191: submitted 1 new, skipped 0 already-verified
[discovery] org/npm-skill-192: submitted 1 new, skipped 0 already-verified
[discovery] org/npm-skill-193: submitted 1 new, skipped 0 already-verified
[discovery] org/npm-skill-194: submitted 1 new, skipped 0 already-verified
[discovery] org/npm-skill-195: submitted 1 new, skipped 0 already-verified
[discovery] org/npm-skill-196: submitted 1 new, skipped 0 already-verified
[discovery] org/npm-skill-197: submitted 1 new, skipped 0 already-verified
[discovery] org/npm-skill-198: submitted 1 new, skipped 0 already-verified
[discovery] org/npm-skill-199: submitted 1 new, skipped 0 already-verified
[discovery] org/npm-skill-200: submitted 1 new, skipped 0 already-verified
[discovery] org/npm-skill-201: submitted 1 new, skipped 0 already-verified
[discovery] org/npm-skill-202: submitted 1 new, skipped 0 already-verified
[discovery] org/npm-skill-203: submitted 1 new, skipped 0 already-verified
[discovery] org/npm-skill-204: submitted 1 new, skipped 0 already-verified
[discovery] org/npm-skill-205: submitted 1 new, skipped 0 already-verified
[discovery] org/npm-skill-206: submitted 1 new, skipped 0 already-verified
[discovery] org/npm-skill-207: submitted 1 new, skipped 0 already-verified
[discovery] org/npm-skill-208: submitted 1 new, skipped 0 already-verified
[discovery] org/npm-skill-209: submitted 1 new, skipped 0 already-verified
[discovery] org/npm-skill-210: submitted 1 new, skipped 0 already-verified
[discovery] org/npm-skill-211: submitted 1 new, skipped 0 already-verified
[discovery] org/npm-skill-212: submitted 1 new, skipped 0 already-verified
[discovery] org/npm-skill-213: submitted 1 new, skipped 0 already-verified
[discovery] org/npm-skill-214: submitted 1 new, skipped 0 already-verified
[discovery] org/npm-skill-215: submitted 1 new, skipped 0 already-verified
[discovery] org/npm-skill-216: submitted 1 new, skipped 0 already-verified
[discovery] org/npm-skill-217: submitted 1 new, skipped 0 already-verified
[discovery] org/npm-skill-218: submitted 1 new, skipped 0 already-verified
[discovery] org/npm-skill-219: submitted 1 new, skipped 0 already-verified
[discovery] org/npm-skill-220: submitted 1 new, skipped 0 already-verified
[discovery] org/npm-skill-221: submitted 1 new, skipped 0 already-verified
[discovery] org/npm-skill-222: submitted 1 new, skipped 0 already-verified
[discovery] org/npm-skill-223: submitted 1 new, skipped 0 already-verified
[discovery] org/npm-skill-224: submitted 1 new, skipped 0 already-verified
[discovery] org/npm-skill-225: submitted 1 new, skipped 0 already-verified
[discovery] org/npm-skill-226: submitted 1 new, skipped 0 already-verified
[discovery] org/npm-skill-227: submitted 1 new, skipped 0 already-verified
[discovery] org/npm-skill-228: submitted 1 new, skipped 0 already-verified
[discovery] org/npm-skill-229: submitted 1 new, skipped 0 already-verified
[discovery] org/npm-skill-230: submitted 1 new, skipped 0 already-verified
[discovery] org/npm-skill-231: submitted 1 new, skipped 0 already-verified
[discovery] org/npm-skill-232: submitted 1 new, skipped 0 already-verified
[discovery] org/npm-skill-233: submitted 1 new, skipped 0 already-verified
[discovery] org/npm-skill-234: submitted 1 new, skipped 0 already-verified
[discovery] org/npm-skill-235: submitted 1 new, skipped 0 already-verified
[discovery] org/npm-skill-236: submitted 1 new, skipped 0 already-verified
[discovery] org/npm-skill-237: submitted 1 new, skipped 0 already-verified
[discovery] org/npm-skill-238: submitted 1 new, skipped 0 already-verified
[discovery] org/npm-skill-239: submitted 1 new, skipped 0 already-verified
[discovery] org/npm-skill-240: submitted 1 new, skipped 0 already-verified
[discovery] org/npm-skill-241: submitted 1 new, skipped 0 already-verified
[discovery] org/npm-skill-242: submitted 1 new, skipped 0 already-verified
[discovery] org/npm-skill-243: submitted 1 new, skipped 0 already-verified
[discovery] org/npm-skill-244: submitted 1 new, skipped 0 already-verified
[discovery] org/npm-skill-245: submitted 1 new, skipped 0 already-verified
[discovery] org/npm-skill-246: submitted 1 new, skipped 0 already-verified
[discovery] org/npm-skill-247: submitted 1 new, skipped 0 already-verified
[discovery] org/npm-skill-248: submitted 1 new, skipped 0 already-verified
[discovery] org/npm-skill-249: submitted 1 new, skipped 0 already-verified
[discovery] org/npm-skill-250: submitted 1 new, skipped 0 already-verified
[discovery] org/npm-skill-251: submitted 1 new, skipped 0 already-verified
[discovery] org/npm-skill-252: submitted 1 new, skipped 0 already-verified
[discovery] org/npm-skill-253: submitted 1 new, skipped 0 already-verified
[discovery] org/npm-skill-254: submitted 1 new, skipped 0 already-verified
[discovery] org/npm-skill-255: submitted 1 new, skipped 0 already-verified
[discovery] org/npm-skill-256: submitted 1 new, skipped 0 already-verified
[discovery] org/npm-skill-257: submitted 1 new, skipped 0 already-verified
[discovery] org/npm-skill-258: submitted 1 new, skipped 0 already-verified
[discovery] org/npm-skill-259: submitted 1 new, skipped 0 already-verified
[discovery] org/npm-skill-260: submitted 1 new, skipped 0 already-verified
[discovery] org/npm-skill-261: submitted 1 new, skipped 0 already-verified
[discovery] org/npm-skill-262: submitted 1 new, skipped 0 already-verified
[discovery] org/npm-skill-263: submitted 1 new, skipped 0 already-verified
[discovery] org/npm-skill-264: submitted 1 new, skipped 0 already-verified
[discovery] org/npm-skill-265: submitted 1 new, skipped 0 already-verified
[discovery] org/npm-skill-266: submitted 1 new, skipped 0 already-verified
[discovery] org/npm-skill-267: submitted 1 new, skipped 0 already-verified
[discovery] org/npm-skill-268: submitted 1 new, skipped 0 already-verified
[discovery] org/npm-skill-269: submitted 1 new, skipped 0 already-verified
[discovery] org/npm-skill-270: submitted 1 new, skipped 0 already-verified
[discovery] org/npm-skill-271: submitted 1 new, skipped 0 already-verified
[discovery] org/npm-skill-272: submitted 1 new, skipped 0 already-verified
[discovery] org/npm-skill-273: submitted 1 new, skipped 0 already-verified
[discovery] org/npm-skill-274: submitted 1 new, skipped 0 already-verified
[discovery] org/npm-skill-275: submitted 1 new, skipped 0 already-verified
[discovery] org/npm-skill-276: submitted 1 new, skipped 0 already-verified
[discovery] org/npm-skill-277: submitted 1 new, skipped 0 already-verified
[discovery] org/npm-skill-278: submitted 1 new, skipped 0 already-verified
[discovery] org/npm-skill-279: submitted 1 new, skipped 0 already-verified
[discovery] org/npm-skill-280: submitted 1 new, skipped 0 already-verified
[discovery] org/npm-skill-281: submitted 1 new, skipped 0 already-verified
[discovery] org/npm-skill-282: submitted 1 new, skipped 0 already-verified
[discovery] org/npm-skill-283: submitted 1 new, skipped 0 already-verified
[discovery] org/npm-skill-284: submitted 1 new, skipped 0 already-verified
[discovery] org/npm-skill-285: submitted 1 new, skipped 0 already-verified
[discovery] org/npm-skill-286: submitted 1 new, skipped 0 already-verified
[discovery] org/npm-skill-287: submitted 1 new, skipped 0 already-verified
[discovery] org/npm-skill-288: submitted 1 new, skipped 0 already-verified
[discovery] org/npm-skill-289: submitted 1 new, skipped 0 already-verified
[discovery] org/npm-skill-290: submitted 1 new, skipped 0 already-verified
[discovery] org/npm-skill-291: submitted 1 new, skipped 0 already-verified
[discovery] org/npm-skill-292: submitted 1 new, skipped 0 already-verified
[discovery] org/npm-skill-293: submitted 1 new, skipped 0 already-verified
[discovery] org/npm-skill-294: submitted 1 new, skipped 0 already-verified
[discovery] org/npm-skill-295: submitted 1 new, skipped 0 already-verified
[discovery] org/npm-skill-296: submitted 1 new, skipped 0 already-verified
[discovery] org/npm-skill-297: submitted 1 new, skipped 0 already-verified
[discovery] org/npm-skill-298: submitted 1 new, skipped 0 already-verified
[discovery] org/npm-skill-299: submitted 1 new, skipped 0 already-verified
[discovery] org/npm-skill-300: submitted 1 new, skipped 0 already-verified
[discovery] org/npm-skill-301: submitted 1 new, skipped 0 already-verified
[discovery] org/npm-skill-302: submitted 1 new, skipped 0 already-verified
[discovery] org/npm-skill-303: submitted 1 new, skipped 0 already-verified
[discovery] org/npm-skill-304: submitted 1 new, skipped 0 already-verified
[discovery] org/npm-skill-305: submitted 1 new, skipped 0 already-verified
[discovery] org/npm-skill-306: submitted 1 new, skipped 0 already-verified
[discovery] org/npm-skill-307: submitted 1 new, skipped 0 already-verified
[discovery] org/npm-skill-308: submitted 1 new, skipped 0 already-verified
[discovery] org/npm-skill-309: submitted 1 new, skipped 0 already-verified
[discovery] org/npm-skill-310: submitted 1 new, skipped 0 already-verified
[discovery] org/npm-skill-311: submitted 1 new, skipped 0 already-verified
[discovery] org/npm-skill-312: submitted 1 new, skipped 0 already-verified
[discovery] org/npm-skill-313: submitted 1 new, skipped 0 already-verified
[discovery] org/npm-skill-314: submitted 1 new, skipped 0 already-verified
[discovery] org/npm-skill-315: submitted 1 new, skipped 0 already-verified
[discovery] org/npm-skill-316: submitted 1 new, skipped 0 already-verified
[discovery] org/npm-skill-317: submitted 1 new, skipped 0 already-verified
[discovery] org/npm-skill-318: submitted 1 new, skipped 0 already-verified
[discovery] org/npm-skill-319: submitted 1 new, skipped 0 already-verified
[discovery] org/npm-skill-320: submitted 1 new, skipped 0 already-verified
[discovery] org/npm-skill-321: submitted 1 new, skipped 0 already-verified
[discovery] org/npm-skill-322: submitted 1 new, skipped 0 already-verified
[discovery] org/npm-skill-323: submitted 1 new, skipped 0 already-verified
[discovery] org/npm-skill-324: submitted 1 new, skipped 0 already-verified
[discovery] org/npm-skill-325: submitted 1 new, skipped 0 already-verified
[discovery] org/npm-skill-326: submitted 1 new, skipped 0 already-verified
[discovery] org/npm-skill-327: submitted 1 new, skipped 0 already-verified
[discovery] org/npm-skill-328: submitted 1 new, skipped 0 already-verified
[discovery] org/npm-skill-329: submitted 1 new, skipped 0 already-verified
[discovery] org/npm-skill-330: submitted 1 new, skipped 0 already-verified
[discovery] org/npm-skill-331: submitted 1 new, skipped 0 already-verified
[discovery] org/npm-skill-332: submitted 1 new, skipped 0 already-verified
[discovery] org/npm-skill-333: submitted 1 new, skipped 0 already-verified
[discovery] org/npm-skill-334: submitted 1 new, skipped 0 already-verified
[discovery] org/npm-skill-335: submitted 1 new, skipped 0 already-verified
[discovery] org/npm-skill-336: submitted 1 new, skipped 0 already-verified
[discovery] org/npm-skill-337: submitted 1 new, skipped 0 already-verified
[discovery] org/npm-skill-338: submitted 1 new, skipped 0 already-verified
[discovery] org/npm-skill-339: submitted 1 new, skipped 0 already-verified
[discovery] org/npm-skill-340: submitted 1 new, skipped 0 already-verified
[discovery] org/npm-skill-341: submitted 1 new, skipped 0 already-verified
[discovery] org/npm-skill-342: submitted 1 new, skipped 0 already-verified
[discovery] org/npm-skill-343: submitted 1 new, skipped 0 already-verified
[discovery] org/npm-skill-344: submitted 1 new, skipped 0 already-verified
[discovery] org/npm-skill-345: submitted 1 new, skipped 0 already-verified
[discovery] org/npm-skill-346: submitted 1 new, skipped 0 already-verified
[discovery] org/npm-skill-347: submitted 1 new, skipped 0 already-verified
[discovery] org/npm-skill-348: submitted 1 new, skipped 0 already-verified
[discovery] org/npm-skill-349: submitted 1 new, skipped 0 already-verified
[discovery] org/npm-skill-350: submitted 1 new, skipped 0 already-verified
[discovery] org/npm-skill-351: submitted 1 new, skipped 0 already-verified
[discovery] org/npm-skill-352: submitted 1 new, skipped 0 already-verified
[discovery] org/npm-skill-353: submitted 1 new, skipped 0 already-verified
[discovery] org/npm-skill-354: submitted 1 new, skipped 0 already-verified
[discovery] org/npm-skill-355: submitted 1 new, skipped 0 already-verified
[discovery] org/npm-skill-356: submitted 1 new, skipped 0 already-verified
[discovery] org/npm-skill-357: submitted 1 new, skipped 0 already-verified
[discovery] org/npm-skill-358: submitted 1 new, skipped 0 already-verified
[discovery] org/npm-skill-359: submitted 1 new, skipped 0 already-verified
[discovery] org/npm-skill-360: submitted 1 new, skipped 0 already-verified
[discovery] org/npm-skill-361: submitted 1 new, skipped 0 already-verified
[discovery] org/npm-skill-362: submitted 1 new, skipped 0 already-verified
[discovery] org/npm-skill-363: submitted 1 new, skipped 0 already-verified
[discovery] org/npm-skill-364: submitted 1 new, skipped 0 already-verified
[discovery] org/npm-skill-365: submitted 1 new, skipped 0 already-verified
[discovery] org/npm-skill-366: submitted 1 new, skipped 0 already-verified
[discovery] org/npm-skill-367: submitted 1 new, skipped 0 already-verified
[discovery] org/npm-skill-368: submitted 1 new, skipped 0 already-verified
[discovery] org/npm-skill-369: submitted 1 new, skipped 0 already-verified
[discovery] org/npm-skill-370: submitted 1 new, skipped 0 already-verified
[discovery] org/npm-skill-371: submitted 1 new, skipped 0 already-verified
[discovery] org/npm-skill-372: submitted 1 new, skipped 0 already-verified
[discovery] org/npm-skill-373: submitted 1 new, skipped 0 already-verified
[discovery] org/npm-skill-374: submitted 1 new, skipped 0 already-verified
[discovery] org/npm-skill-375: submitted 1 new, skipped 0 already-verified
[discovery] org/npm-skill-376: submitted 1 new, skipped 0 already-verified
[discovery] org/npm-skill-377: submitted 1 new, skipped 0 already-verified
[discovery] org/npm-skill-378: submitted 1 new, skipped 0 already-verified
[discovery] org/npm-skill-379: submitted 1 new, skipped 0 already-verified
[discovery] org/npm-skill-380: submitted 1 new, skipped 0 already-verified
[discovery] org/npm-skill-381: submitted 1 new, skipped 0 already-verified
[discovery] org/npm-skill-382: submitted 1 new, skipped 0 already-verified
[discovery] org/npm-skill-383: submitted 1 new, skipped 0 already-verified
[discovery] org/npm-skill-384: submitted 1 new, skipped 0 already-verified
[discovery] org/npm-skill-385: submitted 1 new, skipped 0 already-verified
[discovery] org/npm-skill-386: submitted 1 new, skipped 0 already-verified
[discovery] org/npm-skill-387: submitted 1 new, skipped 0 already-verified
[discovery] org/npm-skill-388: submitted 1 new, skipped 0 already-verified
[discovery] org/npm-skill-389: submitted 1 new, skipped 0 already-verified
[discovery] org/npm-skill-390: submitted 1 new, skipped 0 already-verified
[discovery] org/npm-skill-391: submitted 1 new, skipped 0 already-verified
[discovery] org/npm-skill-392: submitted 1 new, skipped 0 already-verified
[discovery] org/npm-skill-393: submitted 1 new, skipped 0 already-verified
[discovery] org/npm-skill-394: submitted 1 new, skipped 0 already-verified
[discovery] org/npm-skill-395: submitted 1 new, skipped 0 already-verified
[discovery] org/npm-skill-396: submitted 1 new, skipped 0 already-verified
[discovery] org/npm-skill-397: submitted 1 new, skipped 0 already-verified
[discovery] org/npm-skill-398: submitted 1 new, skipped 0 already-verified
[discovery] org/npm-skill-399: submitted 1 new, skipped 0 already-verified
[discovery] org/npm-skill-400: submitted 1 new, skipped 0 already-verified
[discovery] org/npm-skill-401: submitted 1 new, skipped 0 already-verified
[discovery] org/npm-skill-402: submitted 1 new, skipped 0 already-verified
[discovery] org/npm-skill-403: submitted 1 new, skipped 0 already-verified
[discovery] org/npm-skill-404: submitted 1 new, skipped 0 already-verified
[discovery] org/npm-skill-405: submitted 1 new, skipped 0 already-verified
[discovery] org/npm-skill-406: submitted 1 new, skipped 0 already-verified
[discovery] org/npm-skill-407: submitted 1 new, skipped 0 already-verified
[discovery] org/npm-skill-408: submitted 1 new, skipped 0 already-verified
[discovery] org/npm-skill-409: submitted 1 new, skipped 0 already-verified
[discovery] org/npm-skill-410: submitted 1 new, skipped 0 already-verified
[discovery] org/npm-skill-411: submitted 1 new, skipped 0 already-verified
[discovery] org/npm-skill-412: submitted 1 new, skipped 0 already-verified
[discovery] org/npm-skill-413: submitted 1 new, skipped 0 already-verified
[discovery] org/npm-skill-414: submitted 1 new, skipped 0 already-verified
[discovery] org/npm-skill-415: submitted 1 new, skipped 0 already-verified
[discovery] org/npm-skill-416: submitted 1 new, skipped 0 already-verified
[discovery] org/npm-skill-417: submitted 1 new, skipped 0 already-verified
[discovery] org/npm-skill-418: submitted 1 new, skipped 0 already-verified
[discovery] org/npm-skill-419: submitted 1 new, skipped 0 already-verified
[discovery] org/npm-skill-420: submitted 1 new, skipped 0 already-verified
[discovery] org/npm-skill-421: submitted 1 new, skipped 0 already-verified
[discovery] org/npm-skill-422: submitted 1 new, skipped 0 already-verified
[discovery] org/npm-skill-423: submitted 1 new, skipped 0 already-verified
[discovery] org/npm-skill-424: submitted 1 new, skipped 0 already-verified
[discovery] org/npm-skill-425: submitted 1 new, skipped 0 already-verified
[discovery] org/npm-skill-426: submitted 1 new, skipped 0 already-verified
[discovery] org/npm-skill-427: submitted 1 new, skipped 0 already-verified
[discovery] org/npm-skill-428: submitted 1 new, skipped 0 already-verified
[discovery] org/npm-skill-429: submitted 1 new, skipped 0 already-verified
[discovery] org/npm-skill-430: submitted 1 new, skipped 0 already-verified
[discovery] org/npm-skill-431: submitted 1 new, skipped 0 already-verified
[discovery] org/npm-skill-432: submitted 1 new, skipped 0 already-verified
[discovery] org/npm-skill-433: submitted 1 new, skipped 0 already-verified
[discovery] org/npm-skill-434: submitted 1 new, skipped 0 already-verified
[discovery] org/npm-skill-435: submitted 1 new, skipped 0 already-verified
[discovery] org/npm-skill-436: submitted 1 new, skipped 0 already-verified
[discovery] org/npm-skill-437: submitted 1 new, skipped 0 already-verified
[discovery] org/npm-skill-438: submitted 1 new, skipped 0 already-verified
[discovery] org/npm-skill-439: submitted 1 new, skipped 0 already-verified
[discovery] org/npm-skill-440: submitted 1 new, skipped 0 already-verified
[discovery] org/npm-skill-441: submitted 1 new, skipped 0 already-verified
[discovery] org/npm-skill-442: submitted 1 new, skipped 0 already-verified
[discovery] org/npm-skill-443: submitted 1 new, skipped 0 already-verified
[discovery] org/npm-skill-444: submitted 1 new, skipped 0 already-verified
[discovery] org/npm-skill-445: submitted 1 new, skipped 0 already-verified
[discovery] org/npm-skill-446: submitted 1 new, skipped 0 already-verified
[discovery] org/npm-skill-447: submitted 1 new, skipped 0 already-verified
[discovery] org/npm-skill-448: submitted 1 new, skipped 0 already-verified
[discovery] org/npm-skill-449: submitted 1 new, skipped 0 already-verified
[discovery] org/npm-skill-450: submitted 1 new, skipped 0 already-verified
[discovery] org/npm-skill-451: submitted 1 new, skipped 0 already-verified
[discovery] org/npm-skill-452: submitted 1 new, skipped 0 already-verified
[discovery] org/npm-skill-453: submitted 1 new, skipped 0 already-verified
[discovery] org/npm-skill-454: submitted 1 new, skipped 0 already-verified
[discovery] org/npm-skill-455: submitted 1 new, skipped 0 already-verified
[discovery] org/npm-skill-456: submitted 1 new, skipped 0 already-verified
[discovery] org/npm-skill-457: submitted 1 new, skipped 0 already-verified
[discovery] org/npm-skill-458: submitted 1 new, skipped 0 already-verified
[discovery] org/npm-skill-459: submitted 1 new, skipped 0 already-verified
[discovery] org/npm-skill-460: submitted 1 new, skipped 0 already-verified
[discovery] org/npm-skill-461: submitted 1 new, skipped 0 already-verified
[discovery] org/npm-skill-462: submitted 1 new, skipped 0 already-verified
[discovery] org/npm-skill-463: submitted 1 new, skipped 0 already-verified
[discovery] org/npm-skill-464: submitted 1 new, skipped 0 already-verified
[discovery] org/npm-skill-465: submitted 1 new, skipped 0 already-verified
[discovery] org/npm-skill-466: submitted 1 new, skipped 0 already-verified
[discovery] org/npm-skill-467: submitted 1 new, skipped 0 already-verified
[discovery] org/npm-skill-468: submitted 1 new, skipped 0 already-verified
[discovery] org/npm-skill-469: submitted 1 new, skipped 0 already-verified
[discovery] org/npm-skill-470: submitted 1 new, skipped 0 already-verified
[discovery] org/npm-skill-471: submitted 1 new, skipped 0 already-verified
[discovery] org/npm-skill-472: submitted 1 new, skipped 0 already-verified
[discovery] org/npm-skill-473: submitted 1 new, skipped 0 already-verified
[discovery] org/npm-skill-474: submitted 1 new, skipped 0 already-verified
[discovery] org/npm-skill-475: submitted 1 new, skipped 0 already-verified
[discovery] org/npm-skill-476: submitted 1 new, skipped 0 already-verified
[discovery] org/npm-skill-477: submitted 1 new, skipped 0 already-verified
[discovery] org/npm-skill-478: submitted 1 new, skipped 0 already-verified
[discovery] org/npm-skill-479: submitted 1 new, skipped 0 already-verified
[discovery] org/npm-skill-480: submitted 1 new, skipped 0 already-verified
[discovery] org/npm-skill-481: submitted 1 new, skipped 0 already-verified
[discovery] org/npm-skill-482: submitted 1 new, skipped 0 already-verified
[discovery] org/npm-skill-483: submitted 1 new, skipped 0 already-verified
[discovery] org/npm-skill-484: submitted 1 new, skipped 0 already-verified
[discovery] org/npm-skill-485: submitted 1 new, skipped 0 already-verified
[discovery] org/npm-skill-486: submitted 1 new, skipped 0 already-verified
[discovery] org/npm-skill-487: submitted 1 new, skipped 0 already-verified
[discovery] org/npm-skill-488: submitted 1 new, skipped 0 already-verified
[discovery] org/npm-skill-489: submitted 1 new, skipped 0 already-verified
[discovery] org/npm-skill-490: submitted 1 new, skipped 0 already-verified
[discovery] org/npm-skill-491: submitted 1 new, skipped 0 already-verified
[discovery] org/npm-skill-492: submitted 1 new, skipped 0 already-verified
[discovery] org/npm-skill-493: submitted 1 new, skipped 0 already-verified
[discovery] org/npm-skill-494: submitted 1 new, skipped 0 already-verified
[discovery] org/npm-skill-495: submitted 1 new, skipped 0 already-verified
[discovery] org/npm-skill-496: submitted 1 new, skipped 0 already-verified
[discovery] org/npm-skill-497: submitted 1 new, skipped 0 already-verified
[discovery] org/npm-skill-498: submitted 1 new, skipped 0 already-verified
[discovery] org/npm-skill-499: submitted 1 new, skipped 0 already-verified
[discovery] run complete — 500 new skills enqueued from 600 candidates

stdout | src/lib/crawler/__tests__/github-discovery-options.test.ts > runGitHubDiscovery options > maxResults overrides default cap
[discovery] found 100 candidates (npm:100)

stdout | src/lib/crawler/__tests__/github-discovery-options.test.ts > runGitHubDiscovery options > maxResults overrides default cap
[discovery] org/npm-skill-0: submitted 1 new, skipped 0 already-verified
[discovery] org/npm-skill-1: submitted 1 new, skipped 0 already-verified
[discovery] org/npm-skill-2: submitted 1 new, skipped 0 already-verified
[discovery] org/npm-skill-3: submitted 1 new, skipped 0 already-verified
[discovery] org/npm-skill-4: submitted 1 new, skipped 0 already-verified
[discovery] run complete — 5 new skills enqueued from 100 candidates

stdout | src/lib/crawler/__tests__/github-discovery-options.test.ts > runGitHubDiscovery options > sources filter limits which discovery functions run
[discovery] found 10 candidates (npm:10)

stdout | src/lib/crawler/__tests__/github-discovery-options.test.ts > runGitHubDiscovery options > sources filter limits which discovery functions run
[discovery] org/npm-skill-0: submitted 1 new, skipped 0 already-verified
[discovery] org/npm-skill-1: submitted 1 new, skipped 0 already-verified
[discovery] org/npm-skill-2: submitted 1 new, skipped 0 already-verified
[discovery] org/npm-skill-3: submitted 1 new, skipped 0 already-verified
[discovery] org/npm-skill-4: submitted 1 new, skipped 0 already-verified
[discovery] org/npm-skill-5: submitted 1 new, skipped 0 already-verified
[discovery] org/npm-skill-6: submitted 1 new, skipped 0 already-verified
[discovery] org/npm-skill-7: submitted 1 new, skipped 0 already-verified
[discovery] org/npm-skill-8: submitted 1 new, skipped 0 already-verified
[discovery] org/npm-skill-9: submitted 1 new, skipped 0 already-verified
[discovery] run complete — 10 new skills enqueued from 10 candidates

stdout | src/lib/crawler/__tests__/github-discovery-options.test.ts > runGitHubDiscovery options > dryRun collects candidates without submitting
[discovery] found 5 candidates (npm:5)

 ✓ src/lib/crawler/__tests__/github-discovery-options.test.ts (4 tests) 306ms
 ✓ src/lib/stripe/__tests__/sdk-availability.test.ts (3 tests) 178ms
stderr | src/lib/submission/__tests__/publish-rescan.test.ts > publishSkill — rescan different hash (T-005, AC-US2-02) > when scan yields gitSha="" or "latest", does NOT persist an empty/placeholder gitSha (ghost-row guard)
[publishSkill] skipping new SkillVersion for sk_1: gitSha="" invalid; updated content + cert metadata on sv_old in place.

stderr | src/lib/submission/__tests__/publish-rescan.test.ts > publishSkill — rescan different hash (T-005, AC-US2-02) > 0705 F-007: ghost-guard with a genuine content change updates latest row content in-place (not just cert metadata)
[publishSkill] skipping new SkillVersion for sk_1: gitSha="latest" invalid; updated content + cert metadata on sv_old in place.

stderr | src/lib/submission/__tests__/publish-rescan.test.ts > publishSkill — post-write gating on create failure (F-CR-002) > does NOT link submission or emit rebuild_search_shard when tx.skillVersion.create throws a generic error
[publishSkill] SkillVersion creation failed for sub_1: Error: connection reset mid-insert
    at /Users/antonabyzov/Projects/github/specweave-umb/repositories/anton-abyzov/0874-intake-identity/src/lib/submission/__tests__/publish-rescan.test.ts:338:21
    at file:///Users/antonabyzov/Projects/github/specweave-umb/repositories/anton-abyzov/0874-bulk-request-memory/node_modules/@vitest/runner/dist/chunk-hooks.js:155:11
    at file:///Users/antonabyzov/Projects/github/specweave-umb/repositories/anton-abyzov/0874-bulk-request-memory/node_modules/@vitest/runner/dist/chunk-hooks.js:752:26
    at file:///Users/antonabyzov/Projects/github/specweave-umb/repositories/anton-abyzov/0874-bulk-request-memory/node_modules/@vitest/runner/dist/chunk-hooks.js:1897:20
    at new Promise (<anonymous>)
    at runWithTimeout (file:///Users/antonabyzov/Projects/github/specweave-umb/repositories/anton-abyzov/0874-bulk-request-memory/node_modules/@vitest/runner/dist/chunk-hooks.js:1863:10)
    at runTest (file:///Users/antonabyzov/Projects/github/specweave-umb/repositories/anton-abyzov/0874-bulk-request-memory/node_modules/@vitest/runner/dist/chunk-hooks.js:1574:12)
    at runSuite (file:///Users/antonabyzov/Projects/github/specweave-umb/repositories/anton-abyzov/0874-bulk-request-memory/node_modules/@vitest/runner/dist/chunk-hooks.js:1729:8)
    at runSuite (file:///Users/antonabyzov/Projects/github/specweave-umb/repositories/anton-abyzov/0874-bulk-request-memory/node_modules/@vitest/runner/dist/chunk-hooks.js:1729:8)
    at runFiles (file:///Users/antonabyzov/Projects/github/specweave-umb/repositories/anton-abyzov/0874-bulk-request-memory/node_modules/@vitest/runner/dist/chunk-hooks.js:1787:3) {
  code: 'P2002_like'
}
[publishSkill] skipping post-write steps for submission sub_1 — no SkillVersion row was written.

 ✓ scripts/__tests__/agents-json-integration.test.ts (3 tests) 371ms
 ✓ src/lib/submission/__tests__/publish-rescan.test.ts (5 tests) 311ms
 ✓ scripts/migrations/__tests__/0673-checkpoint.test.ts (4 tests) 137ms
stdout | src/db/dedup/claim-natural-key-concurrency.test.ts > T-010 regression: recoverStaleReceived terminal escalation is intact > escalates a >24h RECEIVED submission to a TERMINAL state (auto-reject)
[recovery] found 1 stale RECEIVED submissions

stderr | src/db/dedup/claim-natural-key-concurrency.test.ts > T-010 regression: recoverStaleReceived terminal escalation is intact > escalates a >24h RECEIVED submission to a TERMINAL state (auto-reject)
[synthetic-scan-result] write failed for sub_old: Error: SUBMISSIONS_KV unavailable: not in worker or Next.js request context
    at getKV (/Users/antonabyzov/Projects/github/specweave-umb/repositories/anton-abyzov/0874-intake-identity/src/lib/submission/kv-store.ts:42:11)
    at processTicksAndRejections (node:internal/process/task_queues:105:5)
    at storeScanResult (/Users/antonabyzov/Projects/github/specweave-umb/repositories/anton-abyzov/0874-intake-identity/src/lib/submission/kv-store.ts:286:14)
    at writeSyntheticScanResult (/Users/antonabyzov/Projects/github/specweave-umb/repositories/anton-abyzov/0874-intake-identity/src/lib/submission/synthetic-scan-result.ts:130:5)
    at resolveStuckTargetState (/Users/antonabyzov/Projects/github/specweave-umb/repositories/anton-abyzov/0874-intake-identity/src/lib/queue/recovery.ts:108:5)
    at Module.recoverStaleReceived (/Users/antonabyzov/Projects/github/specweave-umb/repositories/anton-abyzov/0874-intake-identity/src/lib/queue/recovery.ts:582:53)
    at /Users/antonabyzov/Projects/github/specweave-umb/repositories/anton-abyzov/0874-intake-identity/src/db/dedup/claim-natural-key-concurrency.test.ts:271:20
    at file:///Users/antonabyzov/Projects/github/specweave-umb/repositories/anton-abyzov/0874-bulk-request-memory/node_modules/@vitest/runner/dist/chunk-hooks.js:752:20

stdout | src/db/dedup/claim-natural-key-concurrency.test.ts > T-010 regression: recoverStaleReceived terminal escalation is intact > escalates a >24h RECEIVED submission to a TERMINAL state (auto-reject)
[recovery] stale-received: found=1 requeued=0 rejected=1

stdout | src/db/dedup/claim-natural-key-concurrency.test.ts > T-010 regression: recoverStaleReceived terminal escalation is intact > escalates to TERMINAL when the retry budget (3) is exhausted
[recovery] found 1 stale RECEIVED submissions

stderr | src/db/dedup/claim-natural-key-concurrency.test.ts > T-010 regression: recoverStaleReceived terminal escalation is intact > escalates to TERMINAL when the retry budget (3) is exhausted
[synthetic-scan-result] write failed for sub_stale: Error: SUBMISSIONS_KV unavailable: not in worker or Next.js request context
    at getKV (/Users/antonabyzov/Projects/github/specweave-umb/repositories/anton-abyzov/0874-intake-identity/src/lib/submission/kv-store.ts:42:11)
    at processTicksAndRejections (node:internal/process/task_queues:105:5)
    at storeScanResult (/Users/antonabyzov/Projects/github/specweave-umb/repositories/anton-abyzov/0874-intake-identity/src/lib/submission/kv-store.ts:286:14)
    at writeSyntheticScanResult (/Users/antonabyzov/Projects/github/specweave-umb/repositories/anton-abyzov/0874-intake-identity/src/lib/submission/synthetic-scan-result.ts:130:5)
    at resolveStuckTargetState (/Users/antonabyzov/Projects/github/specweave-umb/repositories/anton-abyzov/0874-intake-identity/src/lib/queue/recovery.ts:108:5)
    at Module.recoverStaleReceived (/Users/antonabyzov/Projects/github/specweave-umb/repositories/anton-abyzov/0874-intake-identity/src/lib/queue/recovery.ts:582:53)
    at /Users/antonabyzov/Projects/github/specweave-umb/repositories/anton-abyzov/0874-intake-identity/src/db/dedup/claim-natural-key-concurrency.test.ts:289:20
    at file:///Users/antonabyzov/Projects/github/specweave-umb/repositories/anton-abyzov/0874-bulk-request-memory/node_modules/@vitest/runner/dist/chunk-hooks.js:752:20

stdout | src/db/dedup/claim-natural-key-concurrency.test.ts > T-010 regression: recoverStaleReceived terminal escalation is intact > escalates to TERMINAL when the retry budget (3) is exhausted
[recovery] stale-received: found=1 requeued=0 rejected=1

stdout | src/db/dedup/claim-natural-key-concurrency.test.ts > T-010 regression: recoverStaleReceived terminal escalation is intact > finalize is idempotent: an existing scan finalizes WITHOUT re-enqueue
[recovery] found 1 stale RECEIVED submissions

stdout | src/db/dedup/claim-natural-key-concurrency.test.ts > T-010 regression: recoverStaleReceived terminal escalation is intact > finalize is idempotent: an existing scan finalizes WITHOUT re-enqueue
[recovery] stale-received: finalized sub_stale with existing score 90: → PUBLISHED
[recovery] stale-received: found=1 requeued=0 rejected=1

stdout | src/db/dedup/claim-natural-key-concurrency.test.ts > T-010 regression: recoverStaleReceived terminal escalation is intact > finalize is idempotent: an existing scan finalizes WITHOUT re-enqueue
[recovery] found 1 stale RECEIVED submissions

stdout | src/db/dedup/claim-natural-key-concurrency.test.ts > T-010 regression: recoverStaleReceived terminal escalation is intact > finalize is idempotent: an existing scan finalizes WITHOUT re-enqueue
[recovery] stale-received: finalized sub_stale with existing score 90: → PUBLISHED
[recovery] stale-received: found=1 requeued=0 rejected=1

 ✓ src/lib/search.test.ts (58 tests) 346ms
 ✓ src/db/dedup/claim-natural-key-concurrency.test.ts (9 tests) 53ms
 ✓ src/lib/submission/__tests__/synthetic-scan-result.integration.test.ts (16 tests) 54ms
stdout | src/lib/cron/__tests__/enrichment.test.ts > runEnrichmentBatch > selects oldest non-deprecated skills with metric fields
[enrichment] Starting batch: 0 skills selected, token=false

stdout | src/lib/cron/__tests__/enrichment.test.ts > runEnrichmentBatch > selects oldest non-deprecated skills with metric fields
[enrichment] Recomputed trending scores (logarithmic formula)

stdout | src/lib/cron/__tests__/enrichment.test.ts > runEnrichmentBatch > selects oldest non-deprecated skills with metric fields
[enrichment] Updated 0/0 skills (0 errors)

stdout | src/lib/cron/__tests__/enrichment.test.ts > runEnrichmentBatch > respects custom batch size from options
[enrichment] Starting batch: 0 skills selected, token=false

stdout | src/lib/cron/__tests__/enrichment.test.ts > runEnrichmentBatch > respects custom batch size from options
[enrichment] Recomputed trending scores (logarithmic formula)

stdout | src/lib/cron/__tests__/enrichment.test.ts > runEnrichmentBatch > respects custom batch size from options
[enrichment] Updated 0/0 skills (0 errors)

stdout | src/lib/cron/__tests__/enrichment.test.ts > runEnrichmentBatch > fetches GitHub API for skills with repoUrl
[enrichment] Starting batch: 1 skills selected, token=false

stdout | src/lib/cron/__tests__/enrichment.test.ts > runEnrichmentBatch > fetches GitHub API for skills with repoUrl
[enrichment] Recomputed trending scores (logarithmic formula)

stdout | src/lib/cron/__tests__/enrichment.test.ts > runEnrichmentBatch > fetches GitHub API for skills with repoUrl
[enrichment] Updated 1/1 skills (0 errors)

stdout | src/lib/cron/__tests__/enrichment.test.ts > runEnrichmentBatch > allows metrics to decrease (no >0 guard)
[enrichment] Starting batch: 1 skills selected, token=false

stdout | src/lib/cron/__tests__/enrichment.test.ts > runEnrichmentBatch > allows metrics to decrease (no >0 guard)
[enrichment] Recomputed trending scores (logarithmic formula)

stdout | src/lib/cron/__tests__/enrichment.test.ts > runEnrichmentBatch > allows metrics to decrease (no >0 guard)
[enrichment] Updated 1/1 skills (0 errors)

stdout | src/lib/cron/__tests__/enrichment.test.ts > runEnrichmentBatch > fetches npm downloads for skills with verified npmPackage
[enrichment] Starting batch: 1 skills selected, token=false

stdout | src/lib/cron/__tests__/enrichment.test.ts > runEnrichmentBatch > fetches npm downloads for skills with verified npmPackage
[enrichment] Bulk-fetched npm downloads for 1 packages (monthly + weekly)

stdout | src/lib/cron/__tests__/enrichment.test.ts > runEnrichmentBatch > fetches npm downloads for skills with verified npmPackage
[enrichment] Recomputed trending scores (logarithmic formula)

stdout | src/lib/cron/__tests__/enrichment.test.ts > runEnrichmentBatch > fetches npm downloads for skills with verified npmPackage
[enrichment] Updated 1/1 skills (0 errors)

stdout | src/lib/cron/__tests__/enrichment.test.ts > runEnrichmentBatch > continues with next skill when GitHub API fails
[enrichment] Starting batch: 2 skills selected, token=false

stdout | src/lib/cron/__tests__/enrichment.test.ts > runEnrichmentBatch > continues with next skill when GitHub API fails
[enrichment] Recomputed trending scores (logarithmic formula)

stdout | src/lib/cron/__tests__/enrichment.test.ts > runEnrichmentBatch > continues with next skill when GitHub API fails
[enrichment] Updated 1/2 skills (0 errors)

stdout | src/lib/cron/__tests__/enrichment.test.ts > runEnrichmentBatch > continues with next skill when npm API fails
[enrichment] Starting batch: 1 skills selected, token=false

stdout | src/lib/cron/__tests__/enrichment.test.ts > runEnrichmentBatch > continues with next skill when npm API fails
[enrichment] Bulk-fetched npm downloads for 1 packages (monthly + weekly)

stdout | src/lib/cron/__tests__/enrichment.test.ts > runEnrichmentBatch > continues with next skill when npm API fails
[enrichment] Recomputed trending scores (logarithmic formula)

stdout | src/lib/cron/__tests__/enrichment.test.ts > runEnrichmentBatch > continues with next skill when npm API fails
[enrichment] Updated 1/1 skills (0 errors)

stdout | src/lib/cron/__tests__/enrichment.test.ts > runEnrichmentBatch > creates snapshot and computes delta trending in per-skill transaction
[enrichment] Starting batch: 1 skills selected, token=false

stdout | src/lib/cron/__tests__/enrichment.test.ts > runEnrichmentBatch > creates snapshot and computes delta trending in per-skill transaction
[enrichment] Recomputed trending scores (logarithmic formula)

stdout | src/lib/cron/__tests__/enrichment.test.ts > runEnrichmentBatch > creates snapshot and computes delta trending in per-skill transaction
[enrichment] Updated 1/1 skills (0 errors)

stdout | src/lib/cron/__tests__/enrichment.test.ts > runEnrichmentBatch > computes non-zero trending when 7d snapshot exists
[enrichment] Starting batch: 1 skills selected, token=false

stdout | src/lib/cron/__tests__/enrichment.test.ts > runEnrichmentBatch > computes non-zero trending when 7d snapshot exists
[enrichment] Recomputed trending scores (logarithmic formula)

stdout | src/lib/cron/__tests__/enrichment.test.ts > runEnrichmentBatch > computes non-zero trending when 7d snapshot exists
[enrichment] Updated 1/1 skills (0 errors)

stdout | src/lib/cron/__tests__/enrichment.test.ts > runEnrichmentBatch > returns early without error when no skills to enrich
[enrichment] Starting batch: 0 skills selected, token=false

stdout | src/lib/cron/__tests__/enrichment.test.ts > runEnrichmentBatch > returns early without error when no skills to enrich
[enrichment] Recomputed trending scores (logarithmic formula)

stdout | src/lib/cron/__tests__/enrichment.test.ts > runEnrichmentBatch > returns early without error when no skills to enrich
[enrichment] Updated 0/0 skills (0 errors)

stdout | src/lib/cron/__tests__/enrichment.test.ts > runEnrichmentBatch > advances metricsRefreshedAt when both GitHub and npm return no data
[enrichment] Starting batch: 1 skills selected, token=false

stdout | src/lib/cron/__tests__/enrichment.test.ts > runEnrichmentBatch > advances metricsRefreshedAt when both GitHub and npm return no data
[enrichment] Recomputed trending scores (logarithmic formula)

stdout | src/lib/cron/__tests__/enrichment.test.ts > runEnrichmentBatch > advances metricsRefreshedAt when both GitHub and npm return no data
[enrichment] Updated 0/1 skills (0 errors)

stdout | src/lib/cron/__tests__/enrichment.test.ts > runEnrichmentBatch > increments error count when transaction throws
[enrichment] Starting batch: 1 skills selected, token=false

stderr | src/lib/cron/__tests__/enrichment.test.ts > runEnrichmentBatch > increments error count when transaction throws
[enrichment] Failed for skill-5: Error: DB write failed
    at /Users/antonabyzov/Projects/github/specweave-umb/repositories/anton-abyzov/0874-intake-identity/src/lib/cron/__tests__/enrichment.test.ts:498:47
    at file:///Users/antonabyzov/Projects/github/specweave-umb/repositories/anton-abyzov/0874-bulk-request-memory/node_modules/@vitest/runner/dist/chunk-hooks.js:155:11
    at file:///Users/antonabyzov/Projects/github/specweave-umb/repositories/anton-abyzov/0874-bulk-request-memory/node_modules/@vitest/runner/dist/chunk-hooks.js:752:26
    at file:///Users/antonabyzov/Projects/github/specweave-umb/repositories/anton-abyzov/0874-bulk-request-memory/node_modules/@vitest/runner/dist/chunk-hooks.js:1897:20
    at new Promise (<anonymous>)
    at runWithTimeout (file:///Users/antonabyzov/Projects/github/specweave-umb/repositories/anton-abyzov/0874-bulk-request-memory/node_modules/@vitest/runner/dist/chunk-hooks.js:1863:10)
    at runTest (file:///Users/antonabyzov/Projects/github/specweave-umb/repositories/anton-abyzov/0874-bulk-request-memory/node_modules/@vitest/runner/dist/chunk-hooks.js:1574:12)
    at processTicksAndRejections (node:internal/process/task_queues:105:5)
    at runSuite (file:///Users/antonabyzov/Projects/github/specweave-umb/repositories/anton-abyzov/0874-bulk-request-memory/node_modules/@vitest/runner/dist/chunk-hooks.js:1729:8)
    at runSuite (file:///Users/antonabyzov/Projects/github/specweave-umb/repositories/anton-abyzov/0874-bulk-request-memory/node_modules/@vitest/runner/dist/chunk-hooks.js:1729:8)

stdout | src/lib/cron/__tests__/enrichment.test.ts > runEnrichmentBatch > increments error count when transaction throws
[enrichment] Recomputed trending scores (logarithmic formula)

stdout | src/lib/cron/__tests__/enrichment.test.ts > runEnrichmentBatch > increments error count when transaction throws
[enrichment] Updated 0/1 skills (1 errors)

stdout | src/lib/cron/__tests__/enrichment.test.ts > runEnrichmentBatch > sets metricsRefreshedAt on successful updates
[enrichment] Starting batch: 1 skills selected, token=false

stdout | src/lib/cron/__tests__/enrichment.test.ts > runEnrichmentBatch > sets metricsRefreshedAt on successful updates
[enrichment] Recomputed trending scores (logarithmic formula)

stdout | src/lib/cron/__tests__/enrichment.test.ts > runEnrichmentBatch > sets metricsRefreshedAt on successful updates
[enrichment] Updated 1/1 skills (0 errors)

stdout | src/lib/cron/__tests__/enrichment.test.ts > runEnrichmentBatch > invalidates stats cache when KV namespace provided
[enrichment] Starting batch: 0 skills selected, token=false

stdout | src/lib/cron/__tests__/enrichment.test.ts > runEnrichmentBatch > invalidates stats cache when KV namespace provided
[enrichment] Recomputed trending scores (logarithmic formula)

stdout | src/lib/cron/__tests__/enrichment.test.ts > runEnrichmentBatch > invalidates stats cache when KV namespace provided
[enrichment] Stats cache invalidated
[enrichment] Updated 0/0 skills (0 errors)

stdout | src/lib/cron/__tests__/enrichment.test.ts > runEnrichmentBatch > does not fail when KV cache invalidation errors
[enrichment] Starting batch: 0 skills selected, token=false

stdout | src/lib/cron/__tests__/enrichment.test.ts > runEnrichmentBatch > does not fail when KV cache invalidation errors
[enrichment] Recomputed trending scores (logarithmic formula)

stdout | src/lib/cron/__tests__/enrichment.test.ts > runEnrichmentBatch > does not fail when KV cache invalidation errors
[enrichment] Updated 0/0 skills (0 errors)

stdout | src/lib/cron/__tests__/enrichment.test.ts > runEnrichmentBatch > enrichmentDispatchesShardWhenStarsChange
[enrichment] Starting batch: 1 skills selected, token=false

stdout | src/lib/cron/__tests__/enrichment.test.ts > runEnrichmentBatch > enrichmentDispatchesShardWhenStarsChange
[enrichment] Recomputed trending scores (logarithmic formula)

stdout | src/lib/cron/__tests__/enrichment.test.ts > runEnrichmentBatch > enrichmentDispatchesShardWhenStarsChange
[enrichment] Updated 1/1 skills (0 errors)

stdout | src/lib/cron/__tests__/enrichment.test.ts > runEnrichmentBatch > enrichmentDispatchesShardWhenDownloadsChange
[enrichment] Starting batch: 1 skills selected, token=false

stdout | src/lib/cron/__tests__/enrichment.test.ts > runEnrichmentBatch > enrichmentDispatchesShardWhenDownloadsChange
[enrichment] Bulk-fetched npm downloads for 1 packages (monthly + weekly)

stdout | src/lib/cron/__tests__/enrichment.test.ts > runEnrichmentBatch > enrichmentDispatchesShardWhenDownloadsChange
[enrichment] Recomputed trending scores (logarithmic formula)

stdout | src/lib/cron/__tests__/enrichment.test.ts > runEnrichmentBatch > enrichmentDispatchesShardWhenDownloadsChange
[enrichment] Updated 1/1 skills (0 errors)

stdout | src/lib/cron/__tests__/enrichment.test.ts > runEnrichmentBatch > enrichmentSkipsShardWhenMetricsUnchanged
[enrichment] Starting batch: 1 skills selected, token=false

stdout | src/lib/cron/__tests__/enrichment.test.ts > runEnrichmentBatch > enrichmentSkipsShardWhenMetricsUnchanged
[enrichment] Recomputed trending scores (logarithmic formula)

stdout | src/lib/cron/__tests__/enrichment.test.ts > runEnrichmentBatch > enrichmentSkipsShardWhenMetricsUnchanged
[enrichment] Updated 1/1 skills (0 errors)

stdout | src/lib/cron/__tests__/enrichment.test.ts > runEnrichmentBatch > enrichmentContinuesWhenShardUpdateFails
[enrichment] Starting batch: 2 skills selected, token=false

 ✓ src/lib/submission/__tests__/publish-manifest.test.ts (6 tests) 167ms
stdout | src/lib/cron/__tests__/enrichment.test.ts > runEnrichmentBatch > enrichmentContinuesWhenShardUpdateFails
[enrichment] Recomputed trending scores (logarithmic formula)

stdout | src/lib/cron/__tests__/enrichment.test.ts > runEnrichmentBatch > enrichmentContinuesWhenShardUpdateFails
[enrichment] Updated 2/2 skills (0 errors)

stdout | src/lib/cron/__tests__/enrichment.test.ts > runEnrichmentBatch > verifies npm package when repo URLs match
[enrichment] Starting batch: 1 skills selected, token=false

stdout | src/lib/cron/__tests__/enrichment.test.ts > runEnrichmentBatch > verifies npm package when repo URLs match
[enrichment] Bulk-fetched npm downloads for 1 packages (monthly + weekly)

stdout | src/lib/cron/__tests__/enrichment.test.ts > runEnrichmentBatch > verifies npm package when repo URLs match
[enrichment] Recomputed trending scores (logarithmic formula)

stdout | src/lib/cron/__tests__/enrichment.test.ts > runEnrichmentBatch > verifies npm package when repo URLs match
[enrichment] Updated 1/1 skills (0 errors)

stdout | src/lib/cron/__tests__/enrichment.test.ts > runEnrichmentBatch > clears npm data when repo URLs mismatch
[enrichment] Starting batch: 1 skills selected, token=false

stdout | src/lib/cron/__tests__/enrichment.test.ts > runEnrichmentBatch > clears npm data when repo URLs mismatch
[enrichment] Bulk-fetched npm downloads for 1 packages (monthly + weekly)

stdout | src/lib/cron/__tests__/enrichment.test.ts > runEnrichmentBatch > clears npm data when repo URLs mismatch
[enrichment] npm mismatch for skill-11: npm repo=https://github.com/eslint/eslint, skill repo=https://github.com/my-org/my-skill

stdout | src/lib/cron/__tests__/enrichment.test.ts > runEnrichmentBatch > clears npm data when repo URLs mismatch
[enrichment] Recomputed trending scores (logarithmic formula)

stdout | src/lib/cron/__tests__/enrichment.test.ts > runEnrichmentBatch > clears npm data when repo URLs mismatch
[enrichment] Updated 1/1 skills (0 errors)

stdout | src/lib/cron/__tests__/enrichment.test.ts > runEnrichmentBatch > skips registry fetch for already-verified packages
[enrichment] Starting batch: 1 skills selected, token=false

stdout | src/lib/cron/__tests__/enrichment.test.ts > runEnrichmentBatch > skips registry fetch for already-verified packages
[enrichment] Bulk-fetched npm downloads for 1 packages (monthly + weekly)

stdout | src/lib/cron/__tests__/enrichment.test.ts > runEnrichmentBatch > skips registry fetch for already-verified packages
[enrichment] Recomputed trending scores (logarithmic formula)

stdout | src/lib/cron/__tests__/enrichment.test.ts > runEnrichmentBatch > skips registry fetch for already-verified packages
[enrichment] Updated 1/1 skills (0 errors)

stdout | src/lib/cron/__tests__/enrichment.test.ts > runEnrichmentBatch > auto-verifies and updates downloads when registry has no repo URL
[enrichment] Starting batch: 1 skills selected, token=false

stdout | src/lib/cron/__tests__/enrichment.test.ts > runEnrichmentBatch > auto-verifies and updates downloads when registry has no repo URL
[enrichment] Bulk-fetched npm downloads for 1 packages (monthly + weekly)

stdout | src/lib/cron/__tests__/enrichment.test.ts > runEnrichmentBatch > auto-verifies and updates downloads when registry has no repo URL
[enrichment] Recomputed trending scores (logarithmic formula)

stdout | src/lib/cron/__tests__/enrichment.test.ts > runEnrichmentBatch > auto-verifies and updates downloads when registry has no repo URL
[enrichment] Updated 1/1 skills (0 errors)

stdout | src/lib/cron/__tests__/enrichment.test.ts > runEnrichmentBatch > logs warning when GitHub returns 404 (dead repo)
[enrichment] Starting batch: 1 skills selected, token=false

stdout | src/lib/cron/__tests__/enrichment.test.ts > runEnrichmentBatch > logs warning when GitHub returns 404 (dead repo)
[enrichment] Recomputed trending scores (logarithmic formula)

stdout | src/lib/cron/__tests__/enrichment.test.ts > runEnrichmentBatch > logs warning when GitHub returns 404 (dead repo)
[enrichment] Updated 1/1 skills (0 errors)

stdout | src/lib/cron/__tests__/enrichment.test.ts > runEnrichmentBatch > increments repo404Count on GitHub 404 (first occurrence)
[enrichment] Starting batch: 1 skills selected, token=false

stdout | src/lib/cron/__tests__/enrichment.test.ts > runEnrichmentBatch > increments repo404Count on GitHub 404 (first occurrence)
[enrichment] Recomputed trending scores (logarithmic formula)

stdout | src/lib/cron/__tests__/enrichment.test.ts > runEnrichmentBatch > increments repo404Count on GitHub 404 (first occurrence)
[enrichment] Updated 1/1 skills (0 errors)

stdout | src/lib/cron/__tests__/enrichment.test.ts > runEnrichmentBatch > deprecates skill when repo404Count reaches threshold (3)
[enrichment] Starting batch: 1 skills selected, token=false

stdout | src/lib/cron/__tests__/enrichment.test.ts > runEnrichmentBatch > deprecates skill when repo404Count reaches threshold (3)
[enrichment] Recomputed trending scores (logarithmic formula)

stdout | src/lib/cron/__tests__/enrichment.test.ts > runEnrichmentBatch > deprecates skill when repo404Count reaches threshold (3)
[enrichment] Updated 1/1 skills (0 errors)

stdout | src/lib/cron/__tests__/enrichment.test.ts > runEnrichmentBatch > resets repo404Count to 0 on successful GitHub response
[enrichment] Starting batch: 1 skills selected, token=false

stdout | src/lib/cron/__tests__/enrichment.test.ts > runEnrichmentBatch > resets repo404Count to 0 on successful GitHub response
[enrichment] Recomputed trending scores (logarithmic formula)

stdout | src/lib/cron/__tests__/enrichment.test.ts > runEnrichmentBatch > resets repo404Count to 0 on successful GitHub response
[enrichment] Updated 1/1 skills (0 errors)

stdout | src/lib/crawler/__tests__/parallel-sources.test.ts > Parallel source execution > runs all 4 sources and merges results with dedup
[discovery:code] query "filename:SKILL.md+path:/": total_count=1
[discovery:code] query "filename:SKILL.md+path:/": 1 fetched
[discovery:repo] query "topic:claude-code-skill": total_count=1
[discovery:repo] query "topic:claude-code-skill": 1 fetched

stdout | src/lib/cron/__tests__/enrichment.test.ts > runEnrichmentBatch > skips HEAD request when skill was validated within 24h
[enrichment] Starting batch: 1 skills selected, token=false

stdout | src/lib/cron/__tests__/enrichment.test.ts > runEnrichmentBatch > skips HEAD request when skill was validated within 24h
[enrichment] Recomputed trending scores (logarithmic formula)

stdout | src/lib/cron/__tests__/enrichment.test.ts > runEnrichmentBatch > skips HEAD request when skill was validated within 24h
[enrichment] Updated 1/1 skills (0 errors)

stdout | src/lib/crawler/__tests__/parallel-sources.test.ts > Parallel source execution > runs all 4 sources and merges results with dedup
[discovery:skillssh] SKILL.md verification: 0/1 confirmed

stdout | src/lib/cron/__tests__/enrichment.test.ts > runEnrichmentBatch > makes HEAD request when skill was validated more than 24h ago
[enrichment] Starting batch: 1 skills selected, token=false

stdout | src/lib/cron/__tests__/enrichment.test.ts > runEnrichmentBatch > makes HEAD request when skill was validated more than 24h ago
[enrichment] Recomputed trending scores (logarithmic formula)

stdout | src/lib/cron/__tests__/enrichment.test.ts > runEnrichmentBatch > makes HEAD request when skill was validated more than 24h ago
[enrichment] Updated 1/1 skills (0 errors)

stdout | src/lib/cron/__tests__/enrichment.test.ts > runEnrichmentBatch > logs rate-limit warning on GitHub 429
[enrichment] Starting batch: 1 skills selected, token=false

stdout | src/lib/cron/__tests__/enrichment.test.ts > runEnrichmentBatch > logs rate-limit warning on GitHub 429
[enrichment] Recomputed trending scores (logarithmic formula)

stdout | src/lib/cron/__tests__/enrichment.test.ts > runEnrichmentBatch > logs rate-limit warning on GitHub 429
[enrichment] Updated 0/1 skills (0 errors)

stdout | src/lib/crawler/__tests__/parallel-sources.test.ts > Parallel source execution > runs all 4 sources and merges results with dedup
[discovery:code] query "filename:SKILL.md+path:/skills/": total_count=1
[discovery:code] query "filename:SKILL.md+path:/skills/": 1 fetched

stdout | src/lib/cron/__tests__/enrichment.test.ts > runEnrichmentBatch > supports legacy string token parameter
[enrichment] Starting batch: 0 skills selected, token=true

stdout | src/lib/cron/__tests__/enrichment.test.ts > runEnrichmentBatch > supports legacy string token parameter
[enrichment] Recomputed trending scores (logarithmic formula)

stdout | src/lib/cron/__tests__/enrichment.test.ts > runEnrichmentBatch > supports legacy string token parameter
[enrichment] Updated 0/0 skills (0 errors)

stdout | src/lib/cron/__tests__/enrichment.test.ts > runEnrichmentBatch > processes skills concurrently up to pLimit(5)
[enrichment] Starting batch: 10 skills selected, token=false

stdout | src/lib/crawler/__tests__/parallel-sources.test.ts > Parallel source execution > runs all 4 sources and merges results with dedup
[discovery:repo] query "topic:claude-skill": total_count=1
[discovery:repo] query "topic:claude-skill": 1 fetched

stderr | src/lib/crawler/__tests__/parallel-sources.test.ts > Parallel source execution > runs all 4 sources and merges results with dedup
[discovery:vendor-orgs] error scanning anthropics: TypeError: items is not iterable
    at discoverFromVendorOrgs (/Users/antonabyzov/Projects/github/specweave-umb/repositories/anton-abyzov/0874-intake-identity/src/lib/crawler/github-discovery.ts:609:28)
    at /Users/antonabyzov/Projects/github/specweave-umb/repositories/anton-abyzov/0874-intake-identity/src/lib/crawler/github-discovery.ts:755:21
    at async Promise.allSettled (index 4)
    at Module.runGitHubDiscovery (/Users/antonabyzov/Projects/github/specweave-umb/repositories/anton-abyzov/0874-intake-identity/src/lib/crawler/github-discovery.ts:759:19)

stdout | src/lib/cron/__tests__/enrichment.test.ts > runEnrichmentBatch > processes skills concurrently up to pLimit(5)
[enrichment] Recomputed trending scores (logarithmic formula)

stdout | src/lib/cron/__tests__/enrichment.test.ts > runEnrichmentBatch > processes skills concurrently up to pLimit(5)
[enrichment] Updated 10/10 skills (0 errors)

stdout | src/lib/cron/__tests__/enrichment.test.ts > runEnrichmentBatch > uses custom retention days when configured
[enrichment] Starting batch: 0 skills selected, token=false

stdout | src/lib/cron/__tests__/enrichment.test.ts > runEnrichmentBatch > uses custom retention days when configured
[enrichment] Recomputed trending scores (logarithmic formula)

stdout | src/lib/cron/__tests__/enrichment.test.ts > runEnrichmentBatch > uses custom retention days when configured
[enrichment] Updated 0/0 skills (0 errors)

stdout | src/lib/cron/__tests__/enrichment.test.ts > runEnrichmentBatch > does not fail when snapshot pruning errors
[enrichment] Starting batch: 0 skills selected, token=false

stdout | src/lib/cron/__tests__/enrichment.test.ts > runEnrichmentBatch > does not fail when snapshot pruning errors
[enrichment] Recomputed trending scores (logarithmic formula)

stdout | src/lib/cron/__tests__/enrichment.test.ts > runEnrichmentBatch > does not fail when snapshot pruning errors
[enrichment] Updated 0/0 skills (0 errors)

 ✓ src/lib/cron/__tests__/enrichment.test.ts (36 tests) 142ms
 ✓ tests/integration/public-route-isolation.test.ts (2 tests) 250ms
stdout | src/lib/crawler/__tests__/parallel-sources.test.ts > Parallel source execution > runs all 4 sources and merges results with dedup
[discovery:npm] SKILL.md verification: 0/4 confirmed

stdout | src/lib/crawler/__tests__/parallel-sources.test.ts > Parallel source execution > runs all 4 sources and merges results with dedup
[discovery:code] query "filename:skill.md": total_count=1
[discovery:code] query "filename:skill.md": 1 fetched

stdout | src/lib/crawler/__tests__/parallel-sources.test.ts > Parallel source execution > runs all 4 sources and merges results with dedup
[discovery:repo] query ""claude code" skill SKILL.md in:readme": total_count=1
[discovery:repo] query ""claude code" skill SKILL.md in:readme": 1 fetched

stderr | src/lib/crawler/__tests__/parallel-sources.test.ts > Parallel source execution > runs all 4 sources and merges results with dedup
[discovery:vendor-orgs] error scanning openai: TypeError: items is not iterable
    at discoverFromVendorOrgs (/Users/antonabyzov/Projects/github/specweave-umb/repositories/anton-abyzov/0874-intake-identity/src/lib/crawler/github-discovery.ts:609:28)
    at /Users/antonabyzov/Projects/github/specweave-umb/repositories/anton-abyzov/0874-intake-identity/src/lib/crawler/github-discovery.ts:755:21
    at async Promise.allSettled (index 4)
    at Module.runGitHubDiscovery (/Users/antonabyzov/Projects/github/specweave-umb/repositories/anton-abyzov/0874-intake-identity/src/lib/crawler/github-discovery.ts:759:19)

stdout | src/lib/crawler/__tests__/parallel-sources.test.ts > Parallel source execution > runs all 4 sources and merges results with dedup
[discovery:code] query "filename:SKILL.md": total_count=1
[discovery:code] query "filename:SKILL.md": 1 fetched

stdout | src/lib/crawler/__tests__/parallel-sources.test.ts > Parallel source execution > runs all 4 sources and merges results with dedup
[discovery:repo] query ""SKILL.md" in:readme": total_count=1
[discovery:repo] query ""SKILL.md" in:readme": 1 fetched

stderr | src/lib/crawler/__tests__/parallel-sources.test.ts > Parallel source execution > runs all 4 sources and merges results with dedup
[discovery:vendor-orgs] error scanning google-gemini: TypeError: items is not iterable
    at discoverFromVendorOrgs (/Users/antonabyzov/Projects/github/specweave-umb/repositories/anton-abyzov/0874-intake-identity/src/lib/crawler/github-discovery.ts:609:28)
    at /Users/antonabyzov/Projects/github/specweave-umb/repositories/anton-abyzov/0874-intake-identity/src/lib/crawler/github-discovery.ts:755:21
    at async Promise.allSettled (index 4)
    at Module.runGitHubDiscovery (/Users/antonabyzov/Projects/github/specweave-umb/repositories/anton-abyzov/0874-intake-identity/src/lib/crawler/github-discovery.ts:759:19)

stdout | src/lib/crawler/__tests__/parallel-sources.test.ts > Parallel source execution > runs all 4 sources and merges results with dedup
[discovery:code] query "filename:SKILL.md path:skills/": total_count=1
[discovery:code] query "filename:SKILL.md path:skills/": 1 fetched

stdout | src/lib/crawler/__tests__/parallel-sources.test.ts > Parallel source execution > runs all 4 sources and merges results with dedup
[discovery:repo] query ""claude code" skill in:description": total_count=1
[discovery:repo] query ""claude code" skill in:description": 1 fetched

stderr | src/lib/crawler/__tests__/parallel-sources.test.ts > Parallel source execution > runs all 4 sources and merges results with dedup
[discovery:vendor-orgs] error scanning google: TypeError: items is not iterable
    at discoverFromVendorOrgs (/Users/antonabyzov/Projects/github/specweave-umb/repositories/anton-abyzov/0874-intake-identity/src/lib/crawler/github-discovery.ts:609:28)
    at /Users/antonabyzov/Projects/github/specweave-umb/repositories/anton-abyzov/0874-intake-identity/src/lib/crawler/github-discovery.ts:755:21
    at async Promise.allSettled (index 4)
    at Module.runGitHubDiscovery (/Users/antonabyzov/Projects/github/specweave-umb/repositories/anton-abyzov/0874-intake-identity/src/lib/crawler/github-discovery.ts:759:19)

stdout | src/lib/crawler/__tests__/parallel-sources.test.ts > Parallel source execution > runs all 4 sources and merges results with dedup
[discovery:code] query "filename:SKILL.md path:packages/": total_count=1
[discovery:code] query "filename:SKILL.md path:packages/": 1 fetched

stdout | src/lib/crawler/__tests__/parallel-sources.test.ts > Parallel source execution > runs all 4 sources and merges results with dedup
[discovery:repo] query ""agent skill" SKILL.md in:readme": total_count=1
[discovery:repo] query ""agent skill" SKILL.md in:readme": 1 fetched

stderr | src/lib/crawler/__tests__/parallel-sources.test.ts > Parallel source execution > runs all 4 sources and merges results with dedup
[discovery:vendor-orgs] error scanning microsoft: TypeError: items is not iterable
    at discoverFromVendorOrgs (/Users/antonabyzov/Projects/github/specweave-umb/repositories/anton-abyzov/0874-intake-identity/src/lib/crawler/github-discovery.ts:609:28)
    at /Users/antonabyzov/Projects/github/specweave-umb/repositories/anton-abyzov/0874-intake-identity/src/lib/crawler/github-discovery.ts:755:21
    at async Promise.allSettled (index 4)
    at Module.runGitHubDiscovery (/Users/antonabyzov/Projects/github/specweave-umb/repositories/anton-abyzov/0874-intake-identity/src/lib/crawler/github-discovery.ts:759:19)

stderr | src/lib/crawler/__tests__/parallel-sources.test.ts > Parallel source execution > runs all 4 sources and merges results with dedup
[discovery:vendor-orgs] error scanning vercel: TypeError: items is not iterable
    at discoverFromVendorOrgs (/Users/antonabyzov/Projects/github/specweave-umb/repositories/anton-abyzov/0874-intake-identity/src/lib/crawler/github-discovery.ts:609:28)
    at /Users/antonabyzov/Projects/github/specweave-umb/repositories/anton-abyzov/0874-intake-identity/src/lib/crawler/github-discovery.ts:755:21
    at async Promise.allSettled (index 4)
    at Module.runGitHubDiscovery (/Users/antonabyzov/Projects/github/specweave-umb/repositories/anton-abyzov/0874-intake-identity/src/lib/crawler/github-discovery.ts:759:19)

stdout | src/lib/crawler/__tests__/parallel-sources.test.ts > Parallel source execution > runs all 4 sources and merges results with dedup
[discovery:repo] SKILL.md verification: 0/6 confirmed

stderr | src/lib/crawler/__tests__/parallel-sources.test.ts > Parallel source execution > runs all 4 sources and merges results with dedup
[discovery:vendor-orgs] error scanning cloudflare: TypeError: items is not iterable
    at discoverFromVendorOrgs (/Users/antonabyzov/Projects/github/specweave-umb/repositories/anton-abyzov/0874-intake-identity/src/lib/crawler/github-discovery.ts:609:28)
    at /Users/antonabyzov/Projects/github/specweave-umb/repositories/anton-abyzov/0874-intake-identity/src/lib/crawler/github-discovery.ts:755:21
    at async Promise.allSettled (index 4)
    at Module.runGitHubDiscovery (/Users/antonabyzov/Projects/github/specweave-umb/repositories/anton-abyzov/0874-intake-identity/src/lib/crawler/github-discovery.ts:759:19)

stderr | src/lib/crawler/__tests__/parallel-sources.test.ts > Parallel source execution > runs all 4 sources and merges results with dedup
[discovery:vendor-orgs] error scanning anton-abyzov: TypeError: items is not iterable
    at discoverFromVendorOrgs (/Users/antonabyzov/Projects/github/specweave-umb/repositories/anton-abyzov/0874-intake-identity/src/lib/crawler/github-discovery.ts:609:28)
    at /Users/antonabyzov/Projects/github/specweave-umb/repositories/anton-abyzov/0874-intake-identity/src/lib/crawler/github-discovery.ts:755:21
    at async Promise.allSettled (index 4)
    at Module.runGitHubDiscovery (/Users/antonabyzov/Projects/github/specweave-umb/repositories/anton-abyzov/0874-intake-identity/src/lib/crawler/github-discovery.ts:759:19)

stdout | src/lib/crawler/__tests__/parallel-sources.test.ts > Parallel source execution > runs all 4 sources and merges results with dedup
[discovery] found 6 candidates (github-code:6 github-repo:0 npm:0 skills.sh:0 vendor-orgs:0)

stdout | src/lib/crawler/__tests__/parallel-sources.test.ts > Parallel source execution > runs all 4 sources and merges results with dedup
[discovery] code-owner/repo-6: submitted 1 new, skipped 0 already-verified
[discovery] code-owner/repo-10: submitted 1 new, skipped 0 already-verified
[discovery] code-owner/repo-15: submitted 1 new, skipped 0 already-verified
[discovery] code-owner/repo-18: submitted 1 new, skipped 0 already-verified
[discovery] code-owner/repo-21: submitted 1 new, skipped 0 already-verified
[discovery] code-owner/repo-24: submitted 1 new, skipped 0 already-verified
[discovery] run complete — 6 new skills enqueued from 6 candidates

stdout | src/lib/crawler/__tests__/parallel-sources.test.ts > Parallel source execution > isolates source failures — npm failure doesn't block GitHub
[discovery:code] query "filename:SKILL.md+path:/": total_count=1
[discovery:code] query "filename:SKILL.md+path:/": 1 fetched

stderr | src/lib/crawler/__tests__/parallel-sources.test.ts > Parallel source execution > isolates source failures — npm failure doesn't block GitHub
[discovery:npm] fetch failed for: claude-code-skill Error: npm network error
    at /Users/antonabyzov/Projects/github/specweave-umb/repositories/anton-abyzov/0874-intake-identity/src/lib/crawler/__tests__/parallel-sources.test.ts:163:15
    at mockCall (file:///Users/antonabyzov/Projects/github/specweave-umb/repositories/anton-abyzov/0874-bulk-request-memory/node_modules/@vitest/spy/dist/index.js:96:15)
    at spy (file:///Users/antonabyzov/Projects/github/specweave-umb/repositories/anton-abyzov/0874-bulk-request-memory/node_modules/tinyspy/dist/index.js:47:80)
    at discoverFromNpm (/Users/antonabyzov/Projects/github/specweave-umb/repositories/anton-abyzov/0874-intake-identity/src/lib/crawler/github-discovery.ts:494:27)
    at npm (/Users/antonabyzov/Projects/github/specweave-umb/repositories/anton-abyzov/0874-intake-identity/src/lib/crawler/github-discovery.ts:680:27)
    at /Users/antonabyzov/Projects/github/specweave-umb/repositories/anton-abyzov/0874-intake-identity/src/lib/crawler/github-discovery.ts:755:27
    at Array.map (<anonymous>)
    at Module.runGitHubDiscovery (/Users/antonabyzov/Projects/github/specweave-umb/repositories/anton-abyzov/0874-intake-identity/src/lib/crawler/github-discovery.ts:747:39)
    at runWithFakeTimers (/Users/antonabyzov/Projects/github/specweave-umb/repositories/anton-abyzov/0874-intake-identity/src/lib/crawler/__tests__/parallel-sources.test.ts:137:22)
    at /Users/antonabyzov/Projects/github/specweave-umb/repositories/anton-abyzov/0874-intake-identity/src/lib/crawler/__tests__/parallel-sources.test.ts:196:20

stderr | src/lib/crawler/__tests__/parallel-sources.test.ts > Parallel source execution > isolates source failures — npm failure doesn't block GitHub
[discovery:npm] fetch failed for: agent-skill Error: npm network error
    at /Users/antonabyzov/Projects/github/specweave-umb/repositories/anton-abyzov/0874-intake-identity/src/lib/crawler/__tests__/parallel-sources.test.ts:163:15
    at mockCall (file:///Users/antonabyzov/Projects/github/specweave-umb/repositories/anton-abyzov/0874-bulk-request-memory/node_modules/@vitest/spy/dist/index.js:96:15)
    at spy (file:///Users/antonabyzov/Projects/github/specweave-umb/repositories/anton-abyzov/0874-bulk-request-memory/node_modules/tinyspy/dist/index.js:47:80)
    at discoverFromNpm (/Users/antonabyzov/Projects/github/specweave-umb/repositories/anton-abyzov/0874-intake-identity/src/lib/crawler/github-discovery.ts:494:27)
    at /Users/antonabyzov/Projects/github/specweave-umb/repositories/anton-abyzov/0874-intake-identity/src/lib/crawler/github-discovery.ts:755:21
    at async Promise.allSettled (index 1)
    at Module.runGitHubDiscovery (/Users/antonabyzov/Projects/github/specweave-umb/repositories/anton-abyzov/0874-intake-identity/src/lib/crawler/github-discovery.ts:759:19)

stderr | src/lib/crawler/__tests__/parallel-sources.test.ts > Parallel source execution > isolates source failures — npm failure doesn't block GitHub
[discovery:npm] fetch failed for: claude-skill Error: npm network error
    at /Users/antonabyzov/Projects/github/specweave-umb/repositories/anton-abyzov/0874-intake-identity/src/lib/crawler/__tests__/parallel-sources.test.ts:163:15
    at mockCall (file:///Users/antonabyzov/Projects/github/specweave-umb/repositories/anton-abyzov/0874-bulk-request-memory/node_modules/@vitest/spy/dist/index.js:96:15)
    at spy (file:///Users/antonabyzov/Projects/github/specweave-umb/repositories/anton-abyzov/0874-bulk-request-memory/node_modules/tinyspy/dist/index.js:47:80)
    at discoverFromNpm (/Users/antonabyzov/Projects/github/specweave-umb/repositories/anton-abyzov/0874-intake-identity/src/lib/crawler/github-discovery.ts:494:27)
    at /Users/antonabyzov/Projects/github/specweave-umb/repositories/anton-abyzov/0874-intake-identity/src/lib/crawler/github-discovery.ts:755:21
    at async Promise.allSettled (index 1)
    at Module.runGitHubDiscovery (/Users/antonabyzov/Projects/github/specweave-umb/repositories/anton-abyzov/0874-intake-identity/src/lib/crawler/github-discovery.ts:759:19)

stdout | src/lib/crawler/__tests__/parallel-sources.test.ts > Parallel source execution > isolates source failures — npm failure doesn't block GitHub
[discovery:code] query "filename:SKILL.md+path:/skills/": total_count=1
[discovery:code] query "filename:SKILL.md+path:/skills/": 1 fetched

stderr | src/lib/crawler/__tests__/parallel-sources.test.ts > Parallel source execution > isolates source failures — npm failure doesn't block GitHub
[discovery:npm] fetch failed for: specweave-plugin Error: npm network error
    at /Users/antonabyzov/Projects/github/specweave-umb/repositories/anton-abyzov/0874-intake-identity/src/lib/crawler/__tests__/parallel-sources.test.ts:163:15
    at mockCall (file:///Users/antonabyzov/Projects/github/specweave-umb/repositories/anton-abyzov/0874-bulk-request-memory/node_modules/@vitest/spy/dist/index.js:96:15)
    at spy (file:///Users/antonabyzov/Projects/github/specweave-umb/repositories/anton-abyzov/0874-bulk-request-memory/node_modules/tinyspy/dist/index.js:47:80)
    at discoverFromNpm (/Users/antonabyzov/Projects/github/specweave-umb/repositories/anton-abyzov/0874-intake-identity/src/lib/crawler/github-discovery.ts:494:27)
    at /Users/antonabyzov/Projects/github/specweave-umb/repositories/anton-abyzov/0874-intake-identity/src/lib/crawler/github-discovery.ts:755:21
    at async Promise.allSettled (index 1)
    at Module.runGitHubDiscovery (/Users/antonabyzov/Projects/github/specweave-umb/repositories/anton-abyzov/0874-intake-identity/src/lib/crawler/github-discovery.ts:759:19)

stdout | src/lib/crawler/__tests__/parallel-sources.test.ts > Parallel source execution > isolates source failures — npm failure doesn't block GitHub
[discovery:code] query "filename:skill.md": total_count=1
[discovery:code] query "filename:skill.md": 1 fetched

stdout | src/lib/crawler/__tests__/parallel-sources.test.ts > Parallel source execution > isolates source failures — npm failure doesn't block GitHub
[discovery:code] query "filename:SKILL.md": total_count=1
[discovery:code] query "filename:SKILL.md": 1 fetched

stdout | src/lib/crawler/__tests__/parallel-sources.test.ts > Parallel source execution > isolates source failures — npm failure doesn't block GitHub
[discovery:code] query "filename:SKILL.md path:skills/": total_count=1
[discovery:code] query "filename:SKILL.md path:skills/": 1 fetched

stdout | src/lib/crawler/__tests__/parallel-sources.test.ts > Parallel source execution > isolates source failures — npm failure doesn't block GitHub
[discovery:code] query "filename:SKILL.md path:packages/": total_count=1
[discovery:code] query "filename:SKILL.md path:packages/": 1 fetched

stdout | src/lib/crawler/__tests__/parallel-sources.test.ts > Parallel source execution > isolates source failures — npm failure doesn't block GitHub
[discovery] found 1 candidates (github-code:1 npm:0)

stdout | src/lib/crawler/__tests__/parallel-sources.test.ts > Parallel source execution > isolates source failures — npm failure doesn't block GitHub
[discovery] owner/surviving-repo: submitted 1 new, skipped 0 already-verified
[discovery] run complete — 1 new skills enqueued from 1 candidates

stdout | src/lib/crawler/__tests__/parallel-sources.test.ts > Parallel source execution > deduplicates repos found by multiple sources
[discovery:code] query "filename:SKILL.md+path:/": total_count=1
[discovery:code] query "filename:SKILL.md+path:/": 1 fetched
[discovery:repo] query "topic:claude-code-skill": total_count=1
[discovery:repo] query "topic:claude-code-skill": 1 fetched

stdout | src/lib/crawler/__tests__/parallel-sources.test.ts > Parallel source execution > deduplicates repos found by multiple sources
[discovery:code] query "filename:SKILL.md+path:/skills/": total_count=1
[discovery:code] query "filename:SKILL.md+path:/skills/": 1 fetched

stdout | src/lib/crawler/__tests__/parallel-sources.test.ts > Parallel source execution > deduplicates repos found by multiple sources
[discovery:repo] query "topic:claude-skill": total_count=1
[discovery:repo] query "topic:claude-skill": 1 fetched

stdout | src/lib/crawler/__tests__/parallel-sources.test.ts > Parallel source execution > deduplicates repos found by multiple sources
[discovery:code] query "filename:skill.md": total_count=1
[discovery:code] query "filename:skill.md": 1 fetched

stdout | src/lib/crawler/__tests__/parallel-sources.test.ts > Parallel source execution > deduplicates repos found by multiple sources
[discovery:repo] query ""claude code" skill SKILL.md in:readme": total_count=1
[discovery:repo] query ""claude code" skill SKILL.md in:readme": 1 fetched

stdout | src/lib/crawler/__tests__/parallel-sources.test.ts > Parallel source execution > deduplicates repos found by multiple sources
[discovery:code] query "filename:SKILL.md": total_count=1
[discovery:code] query "filename:SKILL.md": 1 fetched

stdout | src/lib/crawler/__tests__/parallel-sources.test.ts > Parallel source execution > deduplicates repos found by multiple sources
[discovery:repo] query ""SKILL.md" in:readme": total_count=1
[discovery:repo] query ""SKILL.md" in:readme": 1 fetched

stdout | src/lib/crawler/__tests__/parallel-sources.test.ts > Parallel source execution > deduplicates repos found by multiple sources
[discovery:code] query "filename:SKILL.md path:skills/": total_count=1
[discovery:code] query "filename:SKILL.md path:skills/": 1 fetched

stdout | src/lib/crawler/__tests__/parallel-sources.test.ts > Parallel source execution > deduplicates repos found by multiple sources
[discovery:repo] query ""claude code" skill in:description": total_count=1
[discovery:repo] query ""claude code" skill in:description": 1 fetched

stdout | src/lib/crawler/__tests__/parallel-sources.test.ts > Parallel source execution > deduplicates repos found by multiple sources
[discovery:code] query "filename:SKILL.md path:packages/": total_count=1
[discovery:code] query "filename:SKILL.md path:packages/": 1 fetched

stdout | src/lib/crawler/__tests__/parallel-sources.test.ts > Parallel source execution > deduplicates repos found by multiple sources
[discovery:repo] query ""agent skill" SKILL.md in:readme": total_count=1
[discovery:repo] query ""agent skill" SKILL.md in:readme": 1 fetched

stdout | src/lib/crawler/__tests__/parallel-sources.test.ts > Parallel source execution > deduplicates repos found by multiple sources
[discovery:repo] SKILL.md verification: 0/1 confirmed

stdout | src/lib/crawler/__tests__/parallel-sources.test.ts > Parallel source execution > deduplicates repos found by multiple sources
[discovery] found 1 candidates (github-code:1 github-repo:0)

stdout | src/lib/crawler/__tests__/parallel-sources.test.ts > Parallel source execution > deduplicates repos found by multiple sources
[discovery] shared/repo: submitted 1 new, skipped 0 already-verified
[discovery] run complete — 1 new skills enqueued from 1 candidates

 ✓ src/lib/crawler/__tests__/parallel-sources.test.ts (3 tests) 393ms
 ✓ scripts/migrations/__tests__/0673-archive.test.ts (4 tests) 131ms
stderr | src/lib/submission/__tests__/publish-degraded-data.test.ts > publishSkill — degraded-data guard (F-CR-2C) > refuses to create SkillVersion when BOTH scan.contentHash and skillmd KV are missing
[publishSkill] skipping post-write steps for submission sub_degraded — no SkillVersion row was written.

 ✓ src/lib/__tests__/email.coverage-alerts.test.ts (3 tests) 88ms
 ✓ src/lib/submission/__tests__/publish-degraded-data.test.ts (3 tests) 134ms
 ✓ src/lib/crawler/__tests__/github-discovery-npm.test.ts (3 tests) 184ms
stdout | scripts/__tests__/dedup-bare-skills.test.ts > dedup-bare-skills > merges bare skill into prefixed, reassigning FK children
dedup-bare-skills: EXECUTING


stdout | scripts/__tests__/dedup-bare-skills.test.ts > dedup-bare-skills > merges bare skill into prefixed, reassigning FK children
Found 1 bare-named specweave skills:


stdout | scripts/__tests__/dedup-bare-skills.test.ts > dedup-bare-skills > merges bare skill into prefixed, reassigning FK children
  MERGE: "do" (5 installs) → "specweave-do" (10 installs) = 15 total

 ✓ scripts/__tests__/generate-thumbnails.test.ts (5 tests) 104ms
stdout | scripts/__tests__/dedup-bare-skills.test.ts > dedup-bare-skills > merges bare skill into prefixed, reassigning FK children

Summary: 1 merged, 0 renamed

stdout | scripts/__tests__/dedup-bare-skills.test.ts > dedup-bare-skills > handles AgentCompat dedup (deletes duplicate, moves unique)
dedup-bare-skills: EXECUTING


stdout | scripts/__tests__/dedup-bare-skills.test.ts > dedup-bare-skills > handles AgentCompat dedup (deletes duplicate, moves unique)
Found 1 bare-named specweave skills:


stdout | scripts/__tests__/dedup-bare-skills.test.ts > dedup-bare-skills > handles AgentCompat dedup (deletes duplicate, moves unique)
  MERGE: "pm" (0 installs) → "specweave-pm" (0 installs) = 0 total

stdout | scripts/__tests__/dedup-bare-skills.test.ts > dedup-bare-skills > handles AgentCompat dedup (deletes duplicate, moves unique)

Summary: 1 merged, 0 renamed

stdout | scripts/__tests__/dedup-bare-skills.test.ts > dedup-bare-skills > renames bare skill when no prefixed version exists
dedup-bare-skills: EXECUTING


stdout | scripts/__tests__/dedup-bare-skills.test.ts > dedup-bare-skills > renames bare skill when no prefixed version exists
Found 1 bare-named specweave skills:


stdout | scripts/__tests__/dedup-bare-skills.test.ts > dedup-bare-skills > renames bare skill when no prefixed version exists
  RENAME: "framework" (3 installs) → "specweave-framework"

stdout | scripts/__tests__/dedup-bare-skills.test.ts > dedup-bare-skills > renames bare skill when no prefixed version exists

Summary: 0 merged, 1 renamed

stdout | scripts/__tests__/dedup-bare-skills.test.ts > dedup-bare-skills > dry run does not mutate database
dedup-bare-skills: DRY RUN


stdout | scripts/__tests__/dedup-bare-skills.test.ts > dedup-bare-skills > dry run does not mutate database
Found 1 bare-named specweave skills:


stdout | scripts/__tests__/dedup-bare-skills.test.ts > dedup-bare-skills > dry run does not mutate database
  MERGE: "do" (5 installs) → "specweave-do" (10 installs) = 15 total

Summary: 1 merged, 0 renamed

This was a dry run. Use --execute to apply changes.

stdout | scripts/__tests__/dedup-bare-skills.test.ts > dedup-bare-skills > uses endsWith to avoid matching specweave-marketplace
dedup-bare-skills: DRY RUN


stdout | scripts/__tests__/dedup-bare-skills.test.ts > dedup-bare-skills > uses endsWith to avoid matching specweave-marketplace
Found 0 bare-named specweave skills:


Summary: 0 merged, 0 renamed

This was a dry run. Use --execute to apply changes.

 ✓ scripts/__tests__/dedup-bare-skills.test.ts (5 tests) 141ms
 ✓ src/lib/eval/__tests__/eval-store.test.ts (11 tests) 79ms
 ✓ tests/integration/versions-compare-github.test.ts (7 tests) 183ms
 ✓ src/lib/workspace-fingerprint.test.ts (11 tests) 205ms
stderr | src/lib/submission/__tests__/upsert-natural-key.test.ts > canonical submission collision identity (0874 T030) > does not claim a PUBLISHED rescan when the durable send fails
[upsertSubmission] queue.send failed for sub_canonical; leaving row PUBLISHED: fixture queue unavailable

stderr | src/lib/submission/__tests__/upsert-natural-key.test.ts > canonical submission collision identity (0874 T030) > does not claim a REJECTED rescan when the durable send fails
[upsertSubmission] resubmit queue.send failed for sub_canonical; leaving row REJECTED: fixture queue unavailable

 ✓ src/lib/submission/__tests__/upsert-natural-key.test.ts (53 tests) 58ms
 ✓ src/lib/__tests__/email.alerts.test.ts (5 tests) 65ms
 ✓ src/lib/__tests__/auth-user.test.ts (10 tests) 33ms
stdout | src/lib/crawler/__tests__/github-discovery-pagination.test.ts > discoverFromCodeSearch pagination > fetches multiple pages when results span pages
[discovery:code] query "filename:SKILL.md+path:/": total_count=250

stdout | src/lib/crawler/__tests__/github-discovery-pagination.test.ts > discoverFromCodeSearch pagination > fetches multiple pages when results span pages
[discovery:code] query "filename:SKILL.md+path:/": 250 fetched

stdout | src/lib/crawler/__tests__/github-discovery-pagination.test.ts > discoverFromCodeSearch pagination > fetches multiple pages when results span pages
[discovery:code] query "filename:SKILL.md+path:/skills/": total_count=0
[discovery:code] query "filename:SKILL.md+path:/skills/": 0 fetched

stdout | src/lib/crawler/__tests__/github-discovery-pagination.test.ts > discoverFromCodeSearch pagination > fetches multiple pages when results span pages
[discovery:code] query "filename:skill.md": total_count=0
[discovery:code] query "filename:skill.md": 0 fetched

stdout | src/lib/crawler/__tests__/github-discovery-pagination.test.ts > discoverFromCodeSearch pagination > fetches multiple pages when results span pages
[discovery:code] query "filename:SKILL.md": total_count=0
[discovery:code] query "filename:SKILL.md": 0 fetched

stdout | src/lib/crawler/__tests__/github-discovery-pagination.test.ts > discoverFromCodeSearch pagination > fetches multiple pages when results span pages
[discovery:code] query "filename:SKILL.md path:skills/": total_count=0
[discovery:code] query "filename:SKILL.md path:skills/": 0 fetched

stdout | src/lib/crawler/__tests__/github-discovery-pagination.test.ts > discoverFromCodeSearch pagination > fetches multiple pages when results span pages
[discovery:code] query "filename:SKILL.md path:packages/": total_count=0
[discovery:code] query "filename:SKILL.md path:packages/": 0 fetched

stdout | src/lib/crawler/__tests__/github-discovery-pagination.test.ts > discoverFromCodeSearch pagination > stops at page 3 even if more results exist
[discovery:code] query "filename:SKILL.md+path:/": total_count=5000

stdout | src/lib/crawler/__tests__/github-discovery-pagination.test.ts > discoverFromCodeSearch pagination > stops at page 3 even if more results exist
[discovery:code] query "filename:SKILL.md+path:/": 300 fetched

stdout | src/lib/crawler/__tests__/github-discovery-pagination.test.ts > discoverFromCodeSearch pagination > stops at page 3 even if more results exist
[discovery:code] query "filename:SKILL.md+path:/skills/": total_count=0
[discovery:code] query "filename:SKILL.md+path:/skills/": 0 fetched

stdout | src/lib/crawler/__tests__/github-discovery-pagination.test.ts > discoverFromCodeSearch pagination > stops at page 3 even if more results exist
[discovery:code] query "filename:skill.md": total_count=0
[discovery:code] query "filename:skill.md": 0 fetched

stdout | src/lib/crawler/__tests__/github-discovery-pagination.test.ts > discoverFromCodeSearch pagination > stops at page 3 even if more results exist
[discovery:code] query "filename:SKILL.md": total_count=0
[discovery:code] query "filename:SKILL.md": 0 fetched

stdout | src/lib/crawler/__tests__/github-discovery-pagination.test.ts > discoverFromCodeSearch pagination > stops at page 3 even if more results exist
[discovery:code] query "filename:SKILL.md path:skills/": total_count=0
[discovery:code] query "filename:SKILL.md path:skills/": 0 fetched

stdout | src/lib/crawler/__tests__/github-discovery-pagination.test.ts > discoverFromCodeSearch pagination > stops at page 3 even if more results exist
[discovery:code] query "filename:SKILL.md path:packages/": total_count=0
[discovery:code] query "filename:SKILL.md path:packages/": 0 fetched

stdout | src/lib/crawler/__tests__/github-discovery-pagination.test.ts > discoverFromCodeSearch pagination > stops early when page has fewer results than per_page
[discovery:code] query "filename:SKILL.md+path:/": total_count=142

stdout | src/lib/crawler/__tests__/github-discovery-pagination.test.ts > discoverFromCodeSearch pagination > stops early when page has fewer results than per_page
[discovery:code] query "filename:SKILL.md+path:/": 142 fetched

stdout | src/lib/crawler/__tests__/github-discovery-pagination.test.ts > discoverFromCodeSearch pagination > stops early when page has fewer results than per_page
[discovery:code] query "filename:SKILL.md+path:/skills/": total_count=0
[discovery:code] query "filename:SKILL.md+path:/skills/": 0 fetched

stdout | src/lib/crawler/__tests__/github-discovery-pagination.test.ts > discoverFromCodeSearch pagination > stops early when page has fewer results than per_page
[discovery:code] query "filename:skill.md": total_count=0
[discovery:code] query "filename:skill.md": 0 fetched

stdout | src/lib/crawler/__tests__/github-discovery-pagination.test.ts > discoverFromCodeSearch pagination > stops early when page has fewer results than per_page
[discovery:code] query "filename:SKILL.md": total_count=0
[discovery:code] query "filename:SKILL.md": 0 fetched

stdout | src/lib/crawler/__tests__/github-discovery-pagination.test.ts > discoverFromCodeSearch pagination > stops early when page has fewer results than per_page
[discovery:code] query "filename:SKILL.md path:skills/": total_count=0
[discovery:code] query "filename:SKILL.md path:skills/": 0 fetched

stdout | src/lib/crawler/__tests__/github-discovery-pagination.test.ts > discoverFromCodeSearch pagination > stops early when page has fewer results than per_page
[discovery:code] query "filename:SKILL.md path:packages/": total_count=0
[discovery:code] query "filename:SKILL.md path:packages/": 0 fetched

stdout | src/lib/crawler/__tests__/github-discovery-pagination.test.ts > discoverFromCodeSearch pagination > backs off on 403 response then retries
[discovery:code] query "filename:SKILL.md+path:/": total_count=200

stderr | src/lib/crawler/__tests__/github-discovery-pagination.test.ts > discoverFromCodeSearch pagination > backs off on 403 response then retries
[discovery:code] 403 for filename:SKILL.md+path:/ page 2, backing off...

 ✓ src/lib/__tests__/bulk-submission.test.ts (4 tests) 5ms
stdout | src/lib/crawler/__tests__/github-discovery-pagination.test.ts > discoverFromCodeSearch pagination > backs off on 403 response then retries
[discovery:code] query "filename:SKILL.md+path:/": 150 fetched

stdout | src/lib/crawler/__tests__/github-discovery-pagination.test.ts > discoverFromCodeSearch pagination > backs off on 403 response then retries
[discovery:code] query "filename:SKILL.md+path:/skills/": total_count=0
[discovery:code] query "filename:SKILL.md+path:/skills/": 0 fetched

stdout | src/lib/crawler/__tests__/github-discovery-pagination.test.ts > discoverFromCodeSearch pagination > backs off on 403 response then retries
[discovery:code] query "filename:skill.md": total_count=0
[discovery:code] query "filename:skill.md": 0 fetched

stdout | src/lib/crawler/__tests__/github-discovery-pagination.test.ts > discoverFromCodeSearch pagination > backs off on 403 response then retries
[discovery:code] query "filename:SKILL.md": total_count=0
[discovery:code] query "filename:SKILL.md": 0 fetched

stdout | src/lib/crawler/__tests__/github-discovery-pagination.test.ts > discoverFromCodeSearch pagination > backs off on 403 response then retries
[discovery:code] query "filename:SKILL.md path:skills/": total_count=0
[discovery:code] query "filename:SKILL.md path:skills/": 0 fetched

stdout | src/lib/crawler/__tests__/github-discovery-pagination.test.ts > discoverFromCodeSearch pagination > backs off on 403 response then retries
[discovery:code] query "filename:SKILL.md path:packages/": total_count=0
[discovery:code] query "filename:SKILL.md path:packages/": 0 fetched

stderr | src/lib/scanner/__tests__/tier2.test.ts > runTier2Scan — timeout configuration > throws on timeout (both models never resolve)
[tier2] @cf/meta/llama-4-scout-17b-16e-instruct error: Timeout after 20000ms: Tier 2 LLM (@cf/meta/llama-4-scout-17b-16e-instruct)

stderr | src/lib/scanner/__tests__/tier2.test.ts > runTier2Scan — timeout configuration > throws on timeout (both models never resolve)
[tier2] Primary model (@cf/meta/llama-4-scout-17b-16e-instruct) failed, trying fallback (@cf/meta/llama-3.3-70b-instruct-fp8-fast)

stderr | src/lib/scanner/__tests__/tier2.test.ts > runTier2Scan — timeout configuration > throws on timeout (both models never resolve)
[tier2] @cf/meta/llama-3.3-70b-instruct-fp8-fast error: Timeout after 20000ms: Tier 2 LLM (@cf/meta/llama-3.3-70b-instruct-fp8-fast)

stderr | src/lib/scanner/__tests__/tier2.test.ts > runTier2Scan — timeout configuration > throws on timeout (both models never resolve)
[tier2] Both models failed for scan

stdout | src/lib/crawler/__tests__/github-discovery-pagination.test.ts > discoverFromCodeSearch pagination > logs total_count vs fetched count
[discovery:code] query "filename:SKILL.md+path:/": total_count=500
[discovery:code] query "filename:SKILL.md+path:/": 30 fetched

stdout | src/lib/crawler/__tests__/github-discovery-pagination.test.ts > discoverFromCodeSearch pagination > logs total_count vs fetched count
[discovery:code] query "filename:SKILL.md+path:/skills/": total_count=0
[discovery:code] query "filename:SKILL.md+path:/skills/": 0 fetched

 ✓ src/lib/scanner/__tests__/tier2.test.ts (23 tests) 9128ms
   ✓ runTier2Scan — timeout configuration > LLM that resolves after 9s completes without timeout (20s per-model budget)  9002ms
stdout | src/lib/crawler/__tests__/github-discovery-pagination.test.ts > discoverFromCodeSearch pagination > logs total_count vs fetched count
[discovery:code] query "filename:skill.md": total_count=0
[discovery:code] query "filename:skill.md": 0 fetched

stdout | src/lib/crawler/__tests__/github-discovery-pagination.test.ts > discoverFromCodeSearch pagination > logs total_count vs fetched count
[discovery:code] query "filename:SKILL.md": total_count=0
[discovery:code] query "filename:SKILL.md": 0 fetched

stdout | src/lib/crawler/__tests__/github-discovery-pagination.test.ts > discoverFromCodeSearch pagination > logs total_count vs fetched count
[discovery:code] query "filename:SKILL.md path:skills/": total_count=0
[discovery:code] query "filename:SKILL.md path:skills/": 0 fetched

stdout | src/lib/crawler/__tests__/github-discovery-pagination.test.ts > discoverFromCodeSearch pagination > logs total_count vs fetched count
[discovery:code] query "filename:SKILL.md path:packages/": total_count=0
[discovery:code] query "filename:SKILL.md path:packages/": 0 fetched

stdout | src/lib/crawler/__tests__/github-discovery-pagination.test.ts > discoverFromRepoSearch pagination > fetches multiple pages for repo search
[discovery:repo] query "topic:claude-code-skill": total_count=150

stdout | src/lib/crawler/__tests__/github-discovery-pagination.test.ts > discoverFromRepoSearch pagination > fetches multiple pages for repo search
[discovery:repo] query "topic:claude-code-skill": 250 fetched

stdout | src/lib/crawler/__tests__/github-discovery-pagination.test.ts > discoverFromRepoSearch pagination > fetches multiple pages for repo search
[discovery:repo] query "topic:claude-skill": total_count=0
[discovery:repo] query "topic:claude-skill": 0 fetched

stdout | src/lib/crawler/__tests__/github-discovery-pagination.test.ts > discoverFromRepoSearch pagination > fetches multiple pages for repo search
[discovery:repo] query ""claude code" skill SKILL.md in:readme": total_count=0
[discovery:repo] query ""claude code" skill SKILL.md in:readme": 0 fetched

stdout | src/lib/crawler/__tests__/github-discovery-pagination.test.ts > discoverFromRepoSearch pagination > fetches multiple pages for repo search
[discovery:repo] query ""SKILL.md" in:readme": total_count=0
[discovery:repo] query ""SKILL.md" in:readme": 0 fetched

stdout | src/lib/crawler/__tests__/github-discovery-pagination.test.ts > discoverFromRepoSearch pagination > fetches multiple pages for repo search
[discovery:repo] query ""claude code" skill in:description": total_count=0
[discovery:repo] query ""claude code" skill in:description": 0 fetched

stdout | src/lib/crawler/__tests__/github-discovery-pagination.test.ts > discoverFromRepoSearch pagination > fetches multiple pages for repo search
[discovery:repo] query ""agent skill" SKILL.md in:readme": total_count=0
[discovery:repo] query ""agent skill" SKILL.md in:readme": 0 fetched

 ✓ src/lib/crawler/__tests__/github-discovery-pagination.test.ts (6 tests) 199ms
stderr | src/__tests__/account/repos-callback.test.ts > GET /api/v1/account/repos/github/callback > F-006/F-R02: partial-failure path surfaces ?partial=N&total=M in redirect
[account/repos/github/callback] upsert failed for repo alex/skill-z Neon HTTP 503

 ✓ src/__tests__/account/repos-callback.test.ts (9 tests) 176ms
 ✓ src/__tests__/account/profile.test.ts (9 tests) 51ms
 ✓ src/app/api/v1/auth/user/refresh/__tests__/route.test.ts (7 tests) 50ms
 ✓ src/lib/installation-token.test.ts (7 tests) 61ms
 ✓ src/__tests__/account/repos-resync.test.ts (5 tests) 121ms
 ✓ src/lib/submission/__tests__/publish-privacy-failsafe.test.ts (3 tests) 119ms
 ✓ src/__tests__/billing/quota-report.test.ts (8 tests) 44ms
 ✓ src/app/api/v1/submissions/bulk/__tests__/route.db-lifecycle.test.ts (7 tests) 139ms
 ✓ src/__tests__/account/skills-summary.test.ts (4 tests) 83ms
 ✓ src/lib/lockdown-state.test.ts (8 tests) 60ms
 ✓ src/lib/skill-update/__tests__/webhook-dedup-do.test.ts (10 tests) 50ms
stderr | src/lib/crawler/__tests__/batch-verify-skillmd.test.ts > batchVerifySkillMd > returns empty set on GraphQL error (fail-closed)
[discovery:graphql-verify] GitHub 500, skipping batch

stderr | src/lib/skill-update/__tests__/scanner.test.ts > scanOneSkill > detects a new SHA → routes through writeSkillVersionWithOutbox inside db.$transaction (AC-US1-01/02/03)
[scanner] SKILL.md fetch failed {
  skillId: 'skill_1',
  sha: 'abcdef0123456789ffffffffffffffffffffffff',
  error: '404 Not Found'
}

stderr | src/lib/skill-update/__tests__/scanner.test.ts > scanOneSkill > GitHub error → result.status='error', no SkillVersion, no publish, lastCheckedAt still advances
[scanner] fetch failed {
  skillId: 'skill_1',
  repoUrl: 'https://github.com/anthropic-skills/pdf',
  error: 'GitHub 500 for anthropic-skills/pdf@main'
}

stderr | src/lib/skill-update/__tests__/scanner.test.ts > runSkillUpdateScan — batch error isolation + structured metrics (AC-US1-06, AC-US1-07) > one bad repo does not abort the batch; report + metrics are structured
[scanner] fetch failed {
  skillId: 'skill_2',
  repoUrl: 'https://github.com/a/two',
  error: 'GitHub 500 for a/two@main'
}

stderr | src/lib/skill-update/__tests__/scanner.test.ts > runSkillUpdateScan — batch error isolation + structured metrics (AC-US1-06, AC-US1-07) > one bad repo does not abort the batch; report + metrics are structured
[scanner] SKILL.md fetch failed {
  skillId: 'skill_3',
  sha: 'new_sha_33333333333333333333333333333333',
  error: '404 Not Found'
}

stderr | src/lib/crawler/__tests__/batch-verify-skillmd.test.ts > batchVerifySkillMd > retries on 403 rate limit then returns results
[discovery:graphql-verify] 403, backing off...

stderr | src/lib/crawler/__tests__/batch-verify-skillmd.test.ts > batchVerifySkillMd > returns empty set on network error (fail-closed)
[discovery:graphql-verify] batch failed: Error: network failure
    at /Users/antonabyzov/Projects/github/specweave-umb/repositories/anton-abyzov/0874-intake-identity/src/lib/crawler/__tests__/batch-verify-skillmd.test.ts:117:37
    at file:///Users/antonabyzov/Projects/github/specweave-umb/repositories/anton-abyzov/0874-bulk-request-memory/node_modules/@vitest/runner/dist/chunk-hooks.js:155:11
    at file:///Users/antonabyzov/Projects/github/specweave-umb/repositories/anton-abyzov/0874-bulk-request-memory/node_modules/@vitest/runner/dist/chunk-hooks.js:752:26
    at file:///Users/antonabyzov/Projects/github/specweave-umb/repositories/anton-abyzov/0874-bulk-request-memory/node_modules/@vitest/runner/dist/chunk-hooks.js:1897:20
    at new Promise (<anonymous>)
    at runWithTimeout (file:///Users/antonabyzov/Projects/github/specweave-umb/repositories/anton-abyzov/0874-bulk-request-memory/node_modules/@vitest/runner/dist/chunk-hooks.js:1863:10)
    at runTest (file:///Users/antonabyzov/Projects/github/specweave-umb/repositories/anton-abyzov/0874-bulk-request-memory/node_modules/@vitest/runner/dist/chunk-hooks.js:1574:12)
    at runSuite (file:///Users/antonabyzov/Projects/github/specweave-umb/repositories/anton-abyzov/0874-bulk-request-memory/node_modules/@vitest/runner/dist/chunk-hooks.js:1729:8)
    at runSuite (file:///Users/antonabyzov/Projects/github/specweave-umb/repositories/anton-abyzov/0874-bulk-request-memory/node_modules/@vitest/runner/dist/chunk-hooks.js:1729:8)
    at runFiles (file:///Users/antonabyzov/Projects/github/specweave-umb/repositories/anton-abyzov/0874-bulk-request-memory/node_modules/@vitest/runner/dist/chunk-hooks.js:1787:3)

stderr | src/lib/crawler/__tests__/batch-verify-skillmd.test.ts > batchVerifySkillMd > skips repos with invalid fullName characters (sanitization)
[discovery:graphql-verify] skipping invalid fullName: evil"}/repo
[discovery:graphql-verify] skipping invalid fullName: no-slash

stdout | src/lib/crawler/__tests__/batch-verify-skillmd.test.ts > filterVerifiedSkillMd > filters discovered repos through batchVerifySkillMd
[discovery:test] SKILL.md verification: 1/2 confirmed

stderr | src/lib/skill-update/__tests__/scanner.test.ts > scanOneSkill — cert-tier derivation on auto-poll path (0744 US-001) > vendor-org skill → extraData.certTier='CERTIFIED' + certMethod='VENDOR_AUTO' (AC-US1-01)
[scanner] SKILL.md fetch failed {
  skillId: 'skill_1',
  sha: 'vendor00abcfffffffffffffffffffffffffffff',
  error: '404 Not Found'
}

stderr | src/lib/skill-update/__tests__/scanner.test.ts > scanOneSkill — cert-tier derivation on auto-poll path (0744 US-001) > non-vendor author → extraData.certTier='VERIFIED' + certMethod='AUTOMATED_SCAN' (AC-US1-02)
[scanner] SKILL.md fetch failed {
  skillId: 'skill_1',
  sha: 'community0aaaaaaaaaaaaaaaaaaaaaaaaaaaaaa',
  error: '404 Not Found'
}

stderr | src/lib/skill-update/__tests__/scanner.test.ts > scanOneSkill — cert-tier derivation on auto-poll path (0744 US-001) > vendor-org check is case-insensitive (AC-US1-01)
[scanner] SKILL.md fetch failed {
  skillId: 'skill_1',
  sha: 'casecheck0111111111111111111111111111111',
  error: '404 Not Found'
}

 ✓ src/lib/__tests__/oauth-state.test.ts (8 tests) 90ms
 ✓ src/lib/crawler/__tests__/batch-verify-skillmd.test.ts (10 tests) 29ms
 ✓ src/lib/learn/__tests__/video-catalog.test.ts (12 tests) 6ms
stderr | src/lib/skill-update/__tests__/scanner.test.ts > scanOneSkill — content-hash dedup gate (0811 US-001) > TC-S03: fetch fails → falls through to legacy pending-hash bump (no detection blocking)
[scanner] SKILL.md fetch failed {
  skillId: 'skill_1',
  sha: 'deadbeefffffffffffffffffffffffffffffffff',
  error: 'ECONNRESET'
}

stderr | src/lib/skill-update/__tests__/scanner.test.ts > scanOneSkill — frontmatter-driven version bumps (0813 US-002) > TC-F03: frontmatter version lower than current (downgrade) → SKIP bump, do NOT advance lastSeenSha
[scanner] frontmatter downgrade rejected {
  skillId: 'skill_1',
  frontmatterVersion: '1.0.5',
  currentVersion: '1.1.0'
}

 ✓ src/lib/skill-update/__tests__/scanner.test.ts (25 tests) 54ms
 ✓ src/lib/queue/__tests__/metrics-store.test.ts (10 tests) 38ms
stderr | src/lib/skill-update/__tests__/queue-consumer.test.ts > queue-consumer (US-007) > releases the lock even if scanOneSkill throws
queue-consumer: scanOneSkill failed { skillId: 'skill-err', source: 'webhook', err: 'boom' }

 ✓ src/lib/skill-update/__tests__/queue-consumer.test.ts (8 tests) 71ms
stdout | src/lib/queue/__tests__/stale-received-recovery.test.ts > recoverStaleReceived > auto-rejects RECEIVED submission older than 24h
[recovery] found 1 stale RECEIVED submissions

 ✓ src/lib/__tests__/auth.test.ts (38 tests) 10292ms
   ✓ hashPassword > returns a bcrypt hash string  1182ms
   ✓ hashPassword > produces different hashes for the same password (salt)  2018ms
   ✓ verifyPassword > returns true for correct password  2289ms
   ✓ verifyPassword > returns false for wrong password  2664ms
   ✓ verifyPassword > returns false for empty password against a valid hash  1986ms
 ✓ src/lib/eval/__tests__/claude-adapter.test.ts (7 tests) 69ms
stderr | src/lib/queue/__tests__/stale-received-recovery.test.ts > recoverStaleReceived > auto-rejects RECEIVED submission older than 24h
[synthetic-scan-result] write failed for sub_old: Error: SUBMISSIONS_KV unavailable: not in worker or Next.js request context
    at getKV (/Users/antonabyzov/Projects/github/specweave-umb/repositories/anton-abyzov/0874-intake-identity/src/lib/submission/kv-store.ts:42:11)
    at processTicksAndRejections (node:internal/process/task_queues:105:5)
    at storeScanResult (/Users/antonabyzov/Projects/github/specweave-umb/repositories/anton-abyzov/0874-intake-identity/src/lib/submission/kv-store.ts:286:14)
    at writeSyntheticScanResult (/Users/antonabyzov/Projects/github/specweave-umb/repositories/anton-abyzov/0874-intake-identity/src/lib/submission/synthetic-scan-result.ts:130:5)
    at resolveStuckTargetState (/Users/antonabyzov/Projects/github/specweave-umb/repositories/anton-abyzov/0874-intake-identity/src/lib/queue/recovery.ts:108:5)
    at Module.recoverStaleReceived (/Users/antonabyzov/Projects/github/specweave-umb/repositories/anton-abyzov/0874-intake-identity/src/lib/queue/recovery.ts:582:53)
    at /Users/antonabyzov/Projects/github/specweave-umb/repositories/anton-abyzov/0874-intake-identity/src/lib/queue/__tests__/stale-received-recovery.test.ts:86:20
    at file:///Users/antonabyzov/Projects/github/specweave-umb/repositories/anton-abyzov/0874-bulk-request-memory/node_modules/@vitest/runner/dist/chunk-hooks.js:752:20

stdout | src/lib/queue/__tests__/stale-received-recovery.test.ts > recoverStaleReceived > auto-rejects RECEIVED submission older than 24h
[recovery] stale-received: found=1 requeued=0 rejected=1

stdout | src/lib/queue/__tests__/stale-received-recovery.test.ts > recoverStaleReceived > auto-rejects when retry budget (3) is exhausted
[recovery] found 1 stale RECEIVED submissions

stderr | src/lib/queue/__tests__/stale-received-recovery.test.ts > recoverStaleReceived > auto-rejects when retry budget (3) is exhausted
[synthetic-scan-result] write failed for sub_stale: Error: SUBMISSIONS_KV unavailable: not in worker or Next.js request context
    at getKV (/Users/antonabyzov/Projects/github/specweave-umb/repositories/anton-abyzov/0874-intake-identity/src/lib/submission/kv-store.ts:42:11)
    at processTicksAndRejections (node:internal/process/task_queues:105:5)
    at storeScanResult (/Users/antonabyzov/Projects/github/specweave-umb/repositories/anton-abyzov/0874-intake-identity/src/lib/submission/kv-store.ts:286:14)
    at writeSyntheticScanResult (/Users/antonabyzov/Projects/github/specweave-umb/repositories/anton-abyzov/0874-intake-identity/src/lib/submission/synthetic-scan-result.ts:130:5)
    at resolveStuckTargetState (/Users/antonabyzov/Projects/github/specweave-umb/repositories/anton-abyzov/0874-intake-identity/src/lib/queue/recovery.ts:108:5)
    at Module.recoverStaleReceived (/Users/antonabyzov/Projects/github/specweave-umb/repositories/anton-abyzov/0874-intake-identity/src/lib/queue/recovery.ts:582:53)
    at /Users/antonabyzov/Projects/github/specweave-umb/repositories/anton-abyzov/0874-intake-identity/src/lib/queue/__tests__/stale-received-recovery.test.ts:105:20
    at file:///Users/antonabyzov/Projects/github/specweave-umb/repositories/anton-abyzov/0874-bulk-request-memory/node_modules/@vitest/runner/dist/chunk-hooks.js:752:20

stdout | src/lib/queue/__tests__/stale-received-recovery.test.ts > recoverStaleReceived > auto-rejects when retry budget (3) is exhausted
[recovery] stale-received: found=1 requeued=0 rejected=1

stdout | src/lib/queue/__tests__/stale-received-recovery.test.ts > recoverStaleReceived > touches updatedAt after re-enqueue so next cron at <15min does NOT re-enqueue
[recovery] found 1 stale RECEIVED submissions

stdout | src/lib/queue/__tests__/stale-received-recovery.test.ts > recoverStaleReceived > touches updatedAt after re-enqueue so next cron at <15min does NOT re-enqueue
[recovery] stale-received: found=1 requeued=1 rejected=0

 ✓ src/lib/queue/__tests__/stale-received-recovery.test.ts (3 tests) 68ms
stderr | src/lib/skill-update/__tests__/outbox-reconciler-do.test.ts > OutboxReconcilerDO.alarm() > AC-US2-03: re-arms a +30s alarm even when reconcileOutboxOnce throws
[outbox-reconciler-do] alarm reconcile failed: Error: DB blew up
    at /Users/antonabyzov/Projects/github/specweave-umb/repositories/anton-abyzov/0874-intake-identity/src/lib/skill-update/__tests__/outbox-reconciler-do.test.ts:107:41
    at file:///Users/antonabyzov/Projects/github/specweave-umb/repositories/anton-abyzov/0874-bulk-request-memory/node_modules/@vitest/runner/dist/chunk-hooks.js:155:11
    at file:///Users/antonabyzov/Projects/github/specweave-umb/repositories/anton-abyzov/0874-bulk-request-memory/node_modules/@vitest/runner/dist/chunk-hooks.js:752:26
    at file:///Users/antonabyzov/Projects/github/specweave-umb/repositories/anton-abyzov/0874-bulk-request-memory/node_modules/@vitest/runner/dist/chunk-hooks.js:1897:20
    at new Promise (<anonymous>)
    at runWithTimeout (file:///Users/antonabyzov/Projects/github/specweave-umb/repositories/anton-abyzov/0874-bulk-request-memory/node_modules/@vitest/runner/dist/chunk-hooks.js:1863:10)
    at runTest (file:///Users/antonabyzov/Projects/github/specweave-umb/repositories/anton-abyzov/0874-bulk-request-memory/node_modules/@vitest/runner/dist/chunk-hooks.js:1574:12)
    at processTicksAndRejections (node:internal/process/task_queues:105:5)
    at runSuite (file:///Users/antonabyzov/Projects/github/specweave-umb/repositories/anton-abyzov/0874-bulk-request-memory/node_modules/@vitest/runner/dist/chunk-hooks.js:1729:8)
    at runSuite (file:///Users/antonabyzov/Projects/github/specweave-umb/repositories/anton-abyzov/0874-bulk-request-memory/node_modules/@vitest/runner/dist/chunk-hooks.js:1729:8)

stderr | src/lib/skill-update/__tests__/outbox-reconciler-do.test.ts > OutboxReconcilerDO.alarm() > AC-US2-06: emits outcome=error label when reconcileOutboxOnce throws
[outbox-reconciler-do] alarm reconcile failed: Error: transient
    at /Users/antonabyzov/Projects/github/specweave-umb/repositories/anton-abyzov/0874-intake-identity/src/lib/skill-update/__tests__/outbox-reconciler-do.test.ts:162:41
    at file:///Users/antonabyzov/Projects/github/specweave-umb/repositories/anton-abyzov/0874-bulk-request-memory/node_modules/@vitest/runner/dist/chunk-hooks.js:155:11
    at file:///Users/antonabyzov/Projects/github/specweave-umb/repositories/anton-abyzov/0874-bulk-request-memory/node_modules/@vitest/runner/dist/chunk-hooks.js:752:26
    at file:///Users/antonabyzov/Projects/github/specweave-umb/repositories/anton-abyzov/0874-bulk-request-memory/node_modules/@vitest/runner/dist/chunk-hooks.js:1897:20
    at new Promise (<anonymous>)
    at runWithTimeout (file:///Users/antonabyzov/Projects/github/specweave-umb/repositories/anton-abyzov/0874-bulk-request-memory/node_modules/@vitest/runner/dist/chunk-hooks.js:1863:10)
    at runTest (file:///Users/antonabyzov/Projects/github/specweave-umb/repositories/anton-abyzov/0874-bulk-request-memory/node_modules/@vitest/runner/dist/chunk-hooks.js:1574:12)
    at processTicksAndRejections (node:internal/process/task_queues:105:5)
    at runSuite (file:///Users/antonabyzov/Projects/github/specweave-umb/repositories/anton-abyzov/0874-bulk-request-memory/node_modules/@vitest/runner/dist/chunk-hooks.js:1729:8)
    at runSuite (file:///Users/antonabyzov/Projects/github/specweave-umb/repositories/anton-abyzov/0874-bulk-request-memory/node_modules/@vitest/runner/dist/chunk-hooks.js:1729:8)

 ✓ src/lib/skill-update/__tests__/outbox-reconciler-do.test.ts (9 tests) 27ms
 ✓ src/__tests__/account/repos-connect.test.ts (4 tests) 60ms
 ✓ src/lib/queue/__tests__/fetch-submission-list.test.ts (10 tests) 16ms
 ✓ src/lib/__tests__/status-intent.test.ts (8 tests) 4ms
 ✓ src/lib/skill-update/__tests__/update-hub.replay.test.ts (13 tests) 61ms
 ✓ src/lib/trust/__tests__/trust-flow.test.ts (3 tests) 166ms
stderr | src/lib/__tests__/data.test.ts > getSkills (DB unavailable) > returns empty array when DB fails at build time
[getSkills] DB unavailable, returning empty: DB not available in test

stderr | src/lib/__tests__/data.test.ts > getSkills (DB unavailable) > returns empty array with filters when DB fails
[getSkills] DB unavailable, returning empty: DB not available in test

stderr | src/lib/__tests__/data.test.ts > getSkillByName (DB unavailable) > returns null at build time so prerender does not abort
[getSkillByName] DB unavailable, returning null: DB not available in test

stderr | src/lib/__tests__/data.test.ts > getSkillCategories (DB unavailable) > returns empty array when DB fails at build time
[getSkillCategories] DB unavailable, returning empty: DB not available in test

stderr | src/lib/__tests__/data.test.ts > getSkillCount (DB unavailable) > returns 0 when DB fails at build time
[getSkillCount] DB unavailable, returning 0: DB not available in test

stderr | src/lib/__tests__/data.test.ts > getVerifiedSkillCount (DB unavailable) > returns 0 when DB fails at build time
[getVerifiedSkillCount] DB unavailable, returning 0: DB not available in test

stderr | src/lib/__tests__/data.test.ts > searchSkills (DB unavailable) > returns empty array when DB fails at build time
[getSkills] DB unavailable, returning empty: DB not available in test

 ✓ src/lib/__tests__/data.test.ts (30 tests) 32ms
 ✓ src/lib/scanner/__tests__/tier1.test.ts (149 tests) 47ms
 ✓ src/__tests__/billing/quota.test.ts (7 tests) 128ms
 ✓ src/__tests__/billing/waitlist.test.ts (9 tests) 159ms
 ✓ src/lib/lockdown-integration.test.ts (2 tests) 19ms
 ✓ src/__tests__/account/repos-list.test.ts (8 tests) 101ms
stderr | src/lib/email/__tests__/send.test.ts > sendEmail > returns success=false (does NOT throw) on sgMail failure
[email/send] failed to send to bad@example.com: 422 bad address

 ✓ src/lib/email/__tests__/send.test.ts (11 tests) 76ms
 ✓ src/lib/__tests__/auth-admin-unified.test.ts (7 tests) 70ms
 ✓ src/lib/installation-rate-limit.test.ts (6 tests) 16ms
 ✓ src/lib/cron/__tests__/trending-score.test.ts (14 tests) 8ms
 ✓ src/lib/envelope-crypto.test.ts (14 tests) 51ms
 ✓ src/lib/tenant-purge.test.ts (2 tests) 20ms
 ✓ src/lib/trust/__tests__/trust-updater.test.ts (10 tests) 23ms
stdout | src/lib/queue/__tests__/consumer.resolve-identity-retry.test.ts > handleSubmissionQueue — resolve_identity_retry (0861 T-002) > success: resolves identity, upserts with the natural key, enqueues a scan, acks
[consumer] resolve_identity_retry resolved https://github.com/acme/skills → github:12345, created sub_new

stdout | src/lib/queue/__tests__/consumer.resolve-identity-retry.test.ts > handleSubmissionQueue — resolve_identity_retry (0861 T-002) > success but SKIP_QUEUE_ENQUEUE=true: upserts, does NOT enqueue a scan, acks
[consumer] resolve_identity_retry resolved https://github.com/acme/skills → github:12345, created sub_new

stdout | src/lib/queue/__tests__/consumer.resolve-identity-retry.test.ts > handleSubmissionQueue — resolve_identity_retry (0861 T-002) > re-defer: re-enqueues with attempt+1 and acks (no submission created)
[consumer] resolve_identity_retry re-deferred for https://github.com/acme/skills (attempt 2/5)

stdout | src/lib/queue/__tests__/consumer.resolve-identity-retry.test.ts > handleSubmissionQueue — resolve_identity_retry (0861 T-002) > first defer (no attempt field) re-enqueues with attempt=1
[consumer] resolve_identity_retry re-deferred for https://github.com/acme/skills (attempt 1/5)

stderr | src/lib/queue/__tests__/consumer.resolve-identity-retry.test.ts > handleSubmissionQueue — resolve_identity_retry (0861 T-002) > max-retries: at the cap, stops re-enqueuing and drops (acks, no re-send)
[consumer] resolve_identity_retry exhausted for https://github.com/acme/skills (acme/skills) after 5 attempt(s) — dropping (dead-letter)

stderr | src/lib/queue/__tests__/consumer.resolve-identity-retry.test.ts > handleSubmissionQueue — resolve_identity_retry (0861 T-002) > re-defer with no queue binding drops rather than looping
[consumer] resolve_identity_retry exhausted for https://github.com/acme/skills (acme/skills) after 2 attempt(s) — dropping (dead-letter)

stderr | src/lib/queue/__tests__/consumer.resolve-identity-retry.test.ts > handleSubmissionQueue — resolve_identity_retry (0861 T-002) > re-enqueue send failure retries the in-flight message (item not lost)
[consumer] resolve_identity_retry re-enqueue failed for https://github.com/acme/skills: queue unavailable

stderr | src/lib/queue/__tests__/consumer.resolve-identity-retry.test.ts > handleSubmissionQueue — resolve_identity_retry (0861 T-002) > unexpected upsert error retries the in-flight message
[consumer] resolve_identity_retry failed for https://github.com/acme/skills: Error: db down
    at /Users/antonabyzov/Projects/github/specweave-umb/repositories/anton-abyzov/0874-intake-identity/src/lib/queue/__tests__/consumer.resolve-identity-retry.test.ts:255:44
    at file:///Users/antonabyzov/Projects/github/specweave-umb/repositories/anton-abyzov/0874-bulk-request-memory/node_modules/@vitest/runner/dist/chunk-hooks.js:155:11
    at file:///Users/antonabyzov/Projects/github/specweave-umb/repositories/anton-abyzov/0874-bulk-request-memory/node_modules/@vitest/runner/dist/chunk-hooks.js:752:26
    at file:///Users/antonabyzov/Projects/github/specweave-umb/repositories/anton-abyzov/0874-bulk-request-memory/node_modules/@vitest/runner/dist/chunk-hooks.js:1897:20
    at new Promise (<anonymous>)
    at runWithTimeout (file:///Users/antonabyzov/Projects/github/specweave-umb/repositories/anton-abyzov/0874-bulk-request-memory/node_modules/@vitest/runner/dist/chunk-hooks.js:1863:10)
    at runTest (file:///Users/antonabyzov/Projects/github/specweave-umb/repositories/anton-abyzov/0874-bulk-request-memory/node_modules/@vitest/runner/dist/chunk-hooks.js:1574:12)
    at processTicksAndRejections (node:internal/process/task_queues:105:5)
    at runSuite (file:///Users/antonabyzov/Projects/github/specweave-umb/repositories/anton-abyzov/0874-bulk-request-memory/node_modules/@vitest/runner/dist/chunk-hooks.js:1729:8)
    at runSuite (file:///Users/antonabyzov/Projects/github/specweave-umb/repositories/anton-abyzov/0874-bulk-request-memory/node_modules/@vitest/runner/dist/chunk-hooks.js:1729:8)

stdout | src/lib/queue/__tests__/consumer.resolve-identity-retry.test.ts > handleSubmissionQueue — resolve_identity_retry (0861 T-002) > does NOT route resolve_identity_retry into processSubmission
[consumer] resolve_identity_retry resolved https://github.com/acme/skills → github:12345, created sub_new

stderr | src/lib/queue/__tests__/consumer.resolve-identity-retry.test.ts > handleSubmissionQueue — resolve_identity_retry (0861 T-002) > unknown message type is acked as a no-op (never reaches processSubmission)
[consumer] dropping unknown queue message type: "totally_unknown_type"

 ✓ src/lib/queue/__tests__/consumer.resolve-identity-retry.test.ts (10 tests) 16ms
 ✓ src/lib/__tests__/auth-refresh-client.test.ts (6 tests) 14ms
 ✓ src/__tests__/account/repos-disconnect.test.ts (7 tests) 56ms
 ✓ src/lib/alerts/__tests__/source-observations.test.ts (19 tests) 36ms
 ✓ src/lib/__tests__/db-worker-context.test.ts (10 tests) 28ms
 ✓ src/lib/scanner/__tests__/scanner-parity.test.ts (20 tests) 33ms
 ✓ src/lib/submission/__tests__/publish-outbox-retrofit.test.ts (3 tests) 19ms
 ✓ src/lib/queue/__tests__/cron-event-log.test.ts (7 tests) 19ms
stderr | src/lib/__tests__/data-prisma.test.ts > getSkills (Prisma-primary) > returns empty when DB fails at build time
[getSkills] DB unavailable, returning empty: DB down

stderr | src/lib/__tests__/data-prisma.test.ts > getSkillByName (Prisma-primary) > returns null when DB fails during build/local catalog fallback
[getSkillByName] DB unavailable, returning null: DB down

stderr | src/lib/__tests__/data-prisma.test.ts > getSkillCount (Prisma-primary) > returns 0 when DB fails at build time
[getSkillCount] DB unavailable, returning 0: DB down

stderr | src/lib/__tests__/data-prisma.test.ts > getSkillCategories (Prisma-primary) > returns empty when DB fails at build time
[getSkillCategories] DB unavailable, returning empty: DB down

 ✓ src/lib/__tests__/data-prisma.test.ts (14 tests) 19ms
 ✓ src/lib/skills/__tests__/create-skill-with-version.test.ts (8 tests) 7ms
stdout | src/lib/crawler/__tests__/discovery-skillmd-wiring.test.ts > discoverFromRepoSearch — SKILL.md verification wiring > filters out repos that lack SKILL.md via GraphQL verification
[discovery:repo] query "topic:claude-code-skill": total_count=2
[discovery:repo] query "topic:claude-code-skill": 2 fetched

stdout | src/lib/crawler/__tests__/discovery-skillmd-wiring.test.ts > discoverFromRepoSearch — SKILL.md verification wiring > filters out repos that lack SKILL.md via GraphQL verification
[discovery:repo] query "topic:claude-skill": total_count=0
[discovery:repo] query "topic:claude-skill": 0 fetched

stdout | src/lib/crawler/__tests__/discovery-skillmd-wiring.test.ts > discoverFromRepoSearch — SKILL.md verification wiring > filters out repos that lack SKILL.md via GraphQL verification
[discovery:repo] query ""claude code" skill SKILL.md in:readme": total_count=0
[discovery:repo] query ""claude code" skill SKILL.md in:readme": 0 fetched

stdout | src/lib/crawler/__tests__/discovery-skillmd-wiring.test.ts > discoverFromRepoSearch — SKILL.md verification wiring > filters out repos that lack SKILL.md via GraphQL verification
[discovery:repo] query ""SKILL.md" in:readme": total_count=0
[discovery:repo] query ""SKILL.md" in:readme": 0 fetched

stdout | src/lib/crawler/__tests__/discovery-skillmd-wiring.test.ts > discoverFromRepoSearch — SKILL.md verification wiring > filters out repos that lack SKILL.md via GraphQL verification
[discovery:repo] query ""claude code" skill in:description": total_count=0
[discovery:repo] query ""claude code" skill in:description": 0 fetched

stdout | src/lib/crawler/__tests__/discovery-skillmd-wiring.test.ts > discoverFromRepoSearch — SKILL.md verification wiring > filters out repos that lack SKILL.md via GraphQL verification
[discovery:repo] query ""agent skill" SKILL.md in:readme": total_count=0
[discovery:repo] query ""agent skill" SKILL.md in:readme": 0 fetched

stdout | src/lib/crawler/__tests__/discovery-skillmd-wiring.test.ts > discoverFromRepoSearch — SKILL.md verification wiring > filters out repos that lack SKILL.md via GraphQL verification
[discovery:repo] SKILL.md verification: 1/2 confirmed

stdout | src/lib/crawler/__tests__/discovery-skillmd-wiring.test.ts > discoverFromRepoSearch — SKILL.md verification wiring > returns empty array when all repos fail SKILL.md verification
[discovery:repo] query "topic:claude-code-skill": total_count=1
[discovery:repo] query "topic:claude-code-skill": 1 fetched

stdout | src/lib/crawler/__tests__/discovery-skillmd-wiring.test.ts > discoverFromRepoSearch — SKILL.md verification wiring > returns empty array when all repos fail SKILL.md verification
[discovery:repo] query "topic:claude-skill": total_count=0
[discovery:repo] query "topic:claude-skill": 0 fetched

stdout | src/lib/crawler/__tests__/discovery-skillmd-wiring.test.ts > discoverFromRepoSearch — SKILL.md verification wiring > returns empty array when all repos fail SKILL.md verification
[discovery:repo] query ""claude code" skill SKILL.md in:readme": total_count=0
[discovery:repo] query ""claude code" skill SKILL.md in:readme": 0 fetched

stdout | src/lib/crawler/__tests__/discovery-skillmd-wiring.test.ts > discoverFromRepoSearch — SKILL.md verification wiring > returns empty array when all repos fail SKILL.md verification
[discovery:repo] query ""SKILL.md" in:readme": total_count=0
[discovery:repo] query ""SKILL.md" in:readme": 0 fetched

stdout | src/lib/crawler/__tests__/discovery-skillmd-wiring.test.ts > discoverFromRepoSearch — SKILL.md verification wiring > returns empty array when all repos fail SKILL.md verification
[discovery:repo] query ""claude code" skill in:description": total_count=0
[discovery:repo] query ""claude code" skill in:description": 0 fetched

stdout | src/lib/crawler/__tests__/discovery-skillmd-wiring.test.ts > discoverFromRepoSearch — SKILL.md verification wiring > returns empty array when all repos fail SKILL.md verification
[discovery:repo] query ""agent skill" SKILL.md in:readme": total_count=0
[discovery:repo] query ""agent skill" SKILL.md in:readme": 0 fetched

stdout | src/lib/crawler/__tests__/discovery-skillmd-wiring.test.ts > discoverFromRepoSearch — SKILL.md verification wiring > returns empty array when all repos fail SKILL.md verification
[discovery:repo] SKILL.md verification: 0/1 confirmed

stdout | src/lib/crawler/__tests__/discovery-skillmd-wiring.test.ts > discoverFromNpm — SKILL.md verification wiring > filters out npm packages whose repos lack SKILL.md
[discovery:npm] SKILL.md verification: 1/2 confirmed

 ✓ src/lib/crawler/__tests__/discovery-skillmd-wiring.test.ts (3 tests) 43ms
 ✓ src/__tests__/account/bearer-vskill-token.test.ts (9 tests) 49ms
stdout | src/lib/cron/__tests__/stale-source-sweep.test.ts > runStaleSourceSweep > deprecates only the 404 skill; leaves 200 and 429 alone
[stale-source-sweep] processed 3 skills, deprecated 1, healthy 1, transient 1

stdout | src/lib/cron/__tests__/stale-source-sweep.test.ts > runStaleSourceSweep > hits raw.githubusercontent.com (not github.com/blob/HEAD) for the HEAD probe
[stale-source-sweep] processed 1 skills, deprecated 0, healthy 1, transient 0

stdout | src/lib/cron/__tests__/stale-source-sweep.test.ts > runStaleSourceSweep > falls back to 'HEAD' as branch when sourceBranch is null
[stale-source-sweep] processed 1 skills, deprecated 0, healthy 1, transient 0

stdout | src/lib/cron/__tests__/stale-source-sweep.test.ts > runStaleSourceSweep > does not call KV cleanup when searchKv binding is absent
[stale-source-sweep] processed 1 skills, deprecated 1, healthy 0, transient 0

 ✓ src/lib/cron/__tests__/stale-source-sweep.test.ts (4 tests) 38ms
 ✓ src/lib/__tests__/db-request-scope.test.ts (11 tests) 45ms
 ✓ src/lib/stripe/redact-webhook.test.ts (4 tests) 3ms
 ✓ src/lib/__tests__/star-dedup.test.ts (30 tests) 85ms
 ✓ src/lib/__tests__/media-range.test.ts (26 tests) 20ms
 ✓ src/lib/__tests__/webhook-auth.test.ts (5 tests) 13ms
 ✓ src/lib/__tests__/desktop-version-single-source.test.ts (11 tests) 7ms
stderr | src/lib/queue/__tests__/consumer.test.ts > handleSubmissionQueue > calls retry() on processing failure
Queue processing failed for sub-1: Error: Processing failed
    at /Users/antonabyzov/Projects/github/specweave-umb/repositories/anton-abyzov/0874-intake-identity/src/lib/queue/__tests__/consumer.test.ts:147:45
    at file:///Users/antonabyzov/Projects/github/specweave-umb/repositories/anton-abyzov/0874-bulk-request-memory/node_modules/@vitest/runner/dist/chunk-hooks.js:155:11
    at file:///Users/antonabyzov/Projects/github/specweave-umb/repositories/anton-abyzov/0874-bulk-request-memory/node_modules/@vitest/runner/dist/chunk-hooks.js:752:26
    at file:///Users/antonabyzov/Projects/github/specweave-umb/repositories/anton-abyzov/0874-bulk-request-memory/node_modules/@vitest/runner/dist/chunk-hooks.js:1897:20
    at new Promise (<anonymous>)
    at runWithTimeout (file:///Users/antonabyzov/Projects/github/specweave-umb/repositories/anton-abyzov/0874-bulk-request-memory/node_modules/@vitest/runner/dist/chunk-hooks.js:1863:10)
    at runTest (file:///Users/antonabyzov/Projects/github/specweave-umb/repositories/anton-abyzov/0874-bulk-request-memory/node_modules/@vitest/runner/dist/chunk-hooks.js:1574:12)
    at processTicksAndRejections (node:internal/process/task_queues:105:5)
    at runSuite (file:///Users/antonabyzov/Projects/github/specweave-umb/repositories/anton-abyzov/0874-bulk-request-memory/node_modules/@vitest/runner/dist/chunk-hooks.js:1729:8)
    at runSuite (file:///Users/antonabyzov/Projects/github/specweave-umb/repositories/anton-abyzov/0874-bulk-request-memory/node_modules/@vitest/runner/dist/chunk-hooks.js:1729:8)

stderr | src/lib/queue/__tests__/consumer.test.ts > handleSubmissionQueue > calls retry() on processing failure
[consumer] tryFinalizeFromScanResults failed for sub-1: Error: [vitest] No "getWorkerEnv" export is defined on the "../../worker-context" mock. Did you forget to return it from "vi.mock"?
If you need to partially mock a module, you can use "importOriginal" helper inside:

    at VitestMocker.createError (file:///Users/antonabyzov/Projects/github/specweave-umb/repositories/anton-abyzov/0874-bulk-request-memory/node_modules/vitest/dist/chunks/execute.B7h3T_Hc.js:284:17)
    at Object.get (file:///Users/antonabyzov/Projects/github/specweave-umb/repositories/anton-abyzov/0874-bulk-request-memory/node_modules/vitest/dist/chunks/execute.B7h3T_Hc.js:330:16)
    at resolveFreshDatabaseConnection (/Users/antonabyzov/Projects/github/specweave-umb/repositories/anton-abyzov/0874-intake-identity/src/lib/db.ts:151:21)
    at resolveDatabaseConnection (/Users/antonabyzov/Projects/github/specweave-umb/repositories/anton-abyzov/0874-intake-identity/src/lib/db.ts:183:40)
    at getDb (/Users/antonabyzov/Projects/github/specweave-umb/repositories/anton-abyzov/0874-intake-identity/src/lib/db.ts:267:28)
    at tryFinalizeFromScanResults (/Users/antonabyzov/Projects/github/specweave-umb/repositories/anton-abyzov/0874-intake-identity/src/lib/queue/consumer.ts:49:22)
    at processOne (/Users/antonabyzov/Projects/github/specweave-umb/repositories/anton-abyzov/0874-intake-identity/src/lib/queue/consumer.ts:415:33)
    at processTicksAndRejections (node:internal/process/task_queues:105:5)
    at /Users/antonabyzov/Projects/github/specweave-umb/repositories/anton-abyzov/0874-intake-identity/src/lib/queue/consumer.ts:441:9
    at async Promise.all (index 0) {
  codeFrame: 'vi.mock(import("../../worker-context"), async (importOriginal) => {\n' +
    '  const actual = await importOriginal()\n' +
    '  return {\n' +
    '    ...actual,\n' +
    '    // your mocked methods\n' +
    '  }\n' +
    '})'
}

stdout | src/lib/cron/__tests__/stats-refresh.test.ts > refreshPlatformStats > computes stats and writes to KV without TTL
[stats-refresh] Running full recompute (watermark missing or >6h old)

stderr | src/lib/cron/__tests__/stats-refresh.test.ts > refreshPlatformStats > computes stats and writes to KV without TTL
[stats-refresh] Blocklist KV cache write failed (non-fatal): no db in test

stderr | src/lib/queue/__tests__/consumer.test.ts > handleSubmissionQueue > TC-054: runWithWorkerEnv is called once and wraps all message processing including failures
Queue processing failed for sub-fail: Error: processing failed
    at /Users/antonabyzov/Projects/github/specweave-umb/repositories/anton-abyzov/0874-intake-identity/src/lib/queue/__tests__/consumer.test.ts:181:30
    at file:///Users/antonabyzov/Projects/github/specweave-umb/repositories/anton-abyzov/0874-bulk-request-memory/node_modules/@vitest/runner/dist/chunk-hooks.js:155:11
    at file:///Users/antonabyzov/Projects/github/specweave-umb/repositories/anton-abyzov/0874-bulk-request-memory/node_modules/@vitest/runner/dist/chunk-hooks.js:752:26
    at file:///Users/antonabyzov/Projects/github/specweave-umb/repositories/anton-abyzov/0874-bulk-request-memory/node_modules/@vitest/runner/dist/chunk-hooks.js:1897:20
    at new Promise (<anonymous>)
    at runWithTimeout (file:///Users/antonabyzov/Projects/github/specweave-umb/repositories/anton-abyzov/0874-bulk-request-memory/node_modules/@vitest/runner/dist/chunk-hooks.js:1863:10)
    at runTest (file:///Users/antonabyzov/Projects/github/specweave-umb/repositories/anton-abyzov/0874-bulk-request-memory/node_modules/@vitest/runner/dist/chunk-hooks.js:1574:12)
    at processTicksAndRejections (node:internal/process/task_queues:105:5)
    at runSuite (file:///Users/antonabyzov/Projects/github/specweave-umb/repositories/anton-abyzov/0874-bulk-request-memory/node_modules/@vitest/runner/dist/chunk-hooks.js:1729:8)
    at runSuite (file:///Users/antonabyzov/Projects/github/specweave-umb/repositories/anton-abyzov/0874-bulk-request-memory/node_modules/@vitest/runner/dist/chunk-hooks.js:1729:8)

stderr | src/lib/queue/__tests__/consumer.test.ts > handleSubmissionQueue > TC-054: runWithWorkerEnv is called once and wraps all message processing including failures
[consumer] tryFinalizeFromScanResults failed for sub-fail: Error: [vitest] No "getWorkerEnv" export is defined on the "../../worker-context" mock. Did you forget to return it from "vi.mock"?
If you need to partially mock a module, you can use "importOriginal" helper inside:

    at VitestMocker.createError (file:///Users/antonabyzov/Projects/github/specweave-umb/repositories/anton-abyzov/0874-bulk-request-memory/node_modules/vitest/dist/chunks/execute.B7h3T_Hc.js:284:17)
    at Object.get (file:///Users/antonabyzov/Projects/github/specweave-umb/repositories/anton-abyzov/0874-bulk-request-memory/node_modules/vitest/dist/chunks/execute.B7h3T_Hc.js:330:16)
    at resolveFreshDatabaseConnection (/Users/antonabyzov/Projects/github/specweave-umb/repositories/anton-abyzov/0874-intake-identity/src/lib/db.ts:151:21)
    at resolveDatabaseConnection (/Users/antonabyzov/Projects/github/specweave-umb/repositories/anton-abyzov/0874-intake-identity/src/lib/db.ts:183:40)
    at getDb (/Users/antonabyzov/Projects/github/specweave-umb/repositories/anton-abyzov/0874-intake-identity/src/lib/db.ts:267:28)
    at tryFinalizeFromScanResults (/Users/antonabyzov/Projects/github/specweave-umb/repositories/anton-abyzov/0874-intake-identity/src/lib/queue/consumer.ts:49:22)
    at processOne (/Users/antonabyzov/Projects/github/specweave-umb/repositories/anton-abyzov/0874-intake-identity/src/lib/queue/consumer.ts:415:33)
    at processTicksAndRejections (node:internal/process/task_queues:105:5)
    at /Users/antonabyzov/Projects/github/specweave-umb/repositories/anton-abyzov/0874-intake-identity/src/lib/queue/consumer.ts:441:9
    at async Promise.all (index 1) {
  codeFrame: 'vi.mock(import("../../worker-context"), async (importOriginal) => {\n' +
    '  const actual = await importOriginal()\n' +
    '  return {\n' +
    '    ...actual,\n' +
    '    // your mocked methods\n' +
    '  }\n' +
    '})'
}

stderr | src/lib/cron/__tests__/stats-refresh.test.ts > refreshPlatformStats > computes stats and writes to KV without TTL
[stats-refresh] DB fallback write failed (non-fatal): no db in test

stdout | src/lib/cron/__tests__/stats-refresh.test.ts > refreshPlatformStats > computes stats and writes to KV without TTL
[stats-refresh] Updated platform stats: 100 skills, 5000 stars

stdout | src/lib/cron/__tests__/stats-refresh.test.ts > refreshPlatformStats > writes JSON-stringified stats data
[stats-refresh] Running full recompute (watermark missing or >6h old)

stderr | src/lib/cron/__tests__/stats-refresh.test.ts > refreshPlatformStats > writes JSON-stringified stats data
[stats-refresh] Blocklist KV cache write failed (non-fatal): no db in test

stderr | src/lib/cron/__tests__/stats-refresh.test.ts > refreshPlatformStats > writes JSON-stringified stats data
[stats-refresh] DB fallback write failed (non-fatal): no db in test

stdout | src/lib/cron/__tests__/stats-refresh.test.ts > refreshPlatformStats > writes JSON-stringified stats data
[stats-refresh] Updated platform stats: 100 skills, 5000 stars

stderr | src/lib/cron/__tests__/stats-refresh.test.ts > getPlatformStats > returns null when KV.get throws
[stats-refresh] getPlatformStats KV read failed: Error: KV unavailable
    at /Users/antonabyzov/Projects/github/specweave-umb/repositories/anton-abyzov/0874-intake-identity/src/lib/cron/__tests__/stats-refresh.test.ts:148:34
    at file:///Users/antonabyzov/Projects/github/specweave-umb/repositories/anton-abyzov/0874-bulk-request-memory/node_modules/@vitest/runner/dist/chunk-hooks.js:155:11
    at file:///Users/antonabyzov/Projects/github/specweave-umb/repositories/anton-abyzov/0874-bulk-request-memory/node_modules/@vitest/runner/dist/chunk-hooks.js:752:26
    at file:///Users/antonabyzov/Projects/github/specweave-umb/repositories/anton-abyzov/0874-bulk-request-memory/node_modules/@vitest/runner/dist/chunk-hooks.js:1897:20
    at new Promise (<anonymous>)
    at runWithTimeout (file:///Users/antonabyzov/Projects/github/specweave-umb/repositories/anton-abyzov/0874-bulk-request-memory/node_modules/@vitest/runner/dist/chunk-hooks.js:1863:10)
    at runTest (file:///Users/antonabyzov/Projects/github/specweave-umb/repositories/anton-abyzov/0874-bulk-request-memory/node_modules/@vitest/runner/dist/chunk-hooks.js:1574:12)
    at processTicksAndRejections (node:internal/process/task_queues:105:5)
    at runSuite (file:///Users/antonabyzov/Projects/github/specweave-umb/repositories/anton-abyzov/0874-bulk-request-memory/node_modules/@vitest/runner/dist/chunk-hooks.js:1729:8)
    at runSuite (file:///Users/antonabyzov/Projects/github/specweave-umb/repositories/anton-abyzov/0874-bulk-request-memory/node_modules/@vitest/runner/dist/chunk-hooks.js:1729:8)

stderr | src/lib/cron/__tests__/stats-refresh.test.ts > statsAreConsistent > returns false when uniqueRepos > 0 but totalSkills = 0
[stats-refresh] Inconsistent: uniqueRepos > 0 but totalSkills = 0

stderr | src/lib/cron/__tests__/stats-refresh.test.ts > statsAreConsistent > returns false when certifiedCount > verifiedCount
[stats-refresh] Inconsistent: certifiedCount > verifiedCount

stderr | src/lib/cron/__tests__/stats-refresh.test.ts > statsAreConsistent > returns false when blocklistCount=0 but topBlockedSkills has entries
[stats-refresh] Inconsistent: blocklistCount=0 but topBlockedSkills has entries — queries likely failed

stderr | src/lib/cron/__tests__/stats-refresh.test.ts > statsAreConsistent > returns false when blocklistCount regresses to 0 from previous > 0
[stats-refresh] Inconsistent: blocklistCount dropped 5 → 0 — likely query failure

stderr | src/lib/cron/__tests__/stats-refresh.test.ts > statsAreConsistent > returns false when verifiedCount drops >50% from previous
[stats-refresh] Inconsistent: verifiedCount dropped >50%: 37000 → 15000

stderr | src/lib/cron/__tests__/stats-refresh.test.ts > statsAreConsistent > returns false when totalSkills drops >50% from previous
[stats-refresh] Inconsistent: totalSkills dropped >50%: 40000 → 18000

stderr | src/lib/cron/__tests__/stats-refresh.test.ts > statsAreConsistent > returns false when submissionTotal regresses to 0 from previous > 0
[stats-refresh] Inconsistent: submissionTotal dropped 42 → 0 — likely query failure

stdout | src/lib/cron/__tests__/stats-refresh.test.ts > refreshPlatformStats — consistency guard > skips KV write when stats are inconsistent
[stats-refresh] Running full recompute (watermark missing or >6h old)

stderr | src/lib/cron/__tests__/stats-refresh.test.ts > refreshPlatformStats — consistency guard > skips KV write when stats are inconsistent
[stats-refresh] Inconsistent: uniqueRepos > 0 but totalSkills = 0
[stats-refresh] Skipping KV write due to inconsistent stats (partial query failure)

stdout | src/lib/cron/__tests__/stats-refresh.test.ts > refreshPlatformStats — incremental delta tracking (T-015) > skips recomputation when no skills changed and watermark is fresh
[stats-refresh] Running full recompute (watermark missing or >6h old)

stderr | src/lib/cron/__tests__/stats-refresh.test.ts > refreshPlatformStats — incremental delta tracking (T-015) > skips recomputation when no skills changed and watermark is fresh
[stats-refresh] Blocklist KV cache write failed (non-fatal): Cannot read properties of undefined (reading 'findMany')

stderr | src/lib/cron/__tests__/stats-refresh.test.ts > refreshPlatformStats — incremental delta tracking (T-015) > skips recomputation when no skills changed and watermark is fresh
[stats-refresh] DB fallback write failed (non-fatal): no db in test

stdout | src/lib/cron/__tests__/stats-refresh.test.ts > refreshPlatformStats — incremental delta tracking (T-015) > skips recomputation when no skills changed and watermark is fresh
[stats-refresh] Updated platform stats: 100 skills, 5000 stars

stdout | src/lib/cron/__tests__/stats-refresh.test.ts > refreshPlatformStats — incremental delta tracking (T-015) > skips recomputation when no skills changed and watermark is fresh
[stats-refresh] No skill changes since last computation — skipping (incremental)

stdout | src/lib/cron/__tests__/stats-refresh.test.ts > refreshPlatformStats — incremental delta tracking (T-015) > runs full recompute when watermark is older than 6h
[stats-refresh] Running full recompute (watermark missing or >6h old)

stderr | src/lib/cron/__tests__/stats-refresh.test.ts > refreshPlatformStats — incremental delta tracking (T-015) > runs full recompute when watermark is older than 6h
[stats-refresh] Blocklist KV cache write failed (non-fatal): no db in test

stderr | src/lib/cron/__tests__/stats-refresh.test.ts > refreshPlatformStats — incremental delta tracking (T-015) > runs full recompute when watermark is older than 6h
[stats-refresh] DB fallback write failed (non-fatal): no db in test

stdout | src/lib/cron/__tests__/stats-refresh.test.ts > refreshPlatformStats — incremental delta tracking (T-015) > runs full recompute when watermark is older than 6h
[stats-refresh] Updated platform stats: 100 skills, 5000 stars

stdout | src/lib/cron/__tests__/stats-refresh.test.ts > refreshPlatformStats — incremental delta tracking (T-015) > runs full recompute when watermark is missing
[stats-refresh] Running full recompute (watermark missing or >6h old)

stderr | src/lib/cron/__tests__/stats-refresh.test.ts > refreshPlatformStats — incremental delta tracking (T-015) > runs full recompute when watermark is missing
[stats-refresh] Blocklist KV cache write failed (non-fatal): no db in test

stderr | src/lib/cron/__tests__/stats-refresh.test.ts > refreshPlatformStats — incremental delta tracking (T-015) > runs full recompute when watermark is missing
[stats-refresh] DB fallback write failed (non-fatal): no db in test

stdout | src/lib/cron/__tests__/stats-refresh.test.ts > refreshPlatformStats — incremental delta tracking (T-015) > runs full recompute when watermark is missing
[stats-refresh] Updated platform stats: 100 skills, 5000 stars

stdout | src/lib/cron/__tests__/stats-refresh.test.ts > refreshPlatformStats — KV write failure resilience > does not throw when KV put fails
[stats-refresh] Running full recompute (watermark missing or >6h old)

stderr | src/lib/cron/__tests__/stats-refresh.test.ts > refreshPlatformStats — KV write failure resilience > does not throw when KV put fails
[stats-refresh] KV stats write FAILED: KV unavailable

stderr | src/lib/cron/__tests__/stats-refresh.test.ts > refreshPlatformStats — KV write failure resilience > does not throw when KV put fails
[stats-refresh] Blocklist KV cache write failed (non-fatal): no db in test

stdout | src/lib/cron/__tests__/stats-refresh.test.ts > refreshPlatformStats — KV write failure resilience > does not throw when KV put fails
[stats-refresh] Updated platform stats: 100 skills, 5000 stars (KV write failed, memory + DB only)

stderr | src/lib/cron/__tests__/stats-refresh.test.ts > refreshPlatformStats — KV write failure resilience > does not throw when KV put fails
[stats-refresh] DB fallback write failed (non-fatal): no db in test
[stats-refresh] skipping watermark write because stats KV put failed — next cron tick will retry full recompute

stdout | src/lib/cron/__tests__/stats-refresh.test.ts > refreshPlatformStats — KV write failure resilience > still attempts blocklist and DB writes when stats KV put fails
[stats-refresh] Running full recompute (watermark missing or >6h old)

stderr | src/lib/cron/__tests__/stats-refresh.test.ts > refreshPlatformStats — KV write failure resilience > still attempts blocklist and DB writes when stats KV put fails
[stats-refresh] KV stats write FAILED: KV unavailable

stderr | src/lib/cron/__tests__/stats-refresh.test.ts > refreshPlatformStats — KV write failure resilience > still attempts blocklist and DB writes when stats KV put fails
[stats-refresh] Blocklist KV cache write failed (non-fatal): no db in test

stdout | src/lib/cron/__tests__/stats-refresh.test.ts > refreshPlatformStats — KV write failure resilience > still attempts blocklist and DB writes when stats KV put fails
[stats-refresh] Updated platform stats: 100 skills, 5000 stars (KV write failed, memory + DB only)

stderr | src/lib/cron/__tests__/stats-refresh.test.ts > refreshPlatformStats — KV write failure resilience > still attempts blocklist and DB writes when stats KV put fails
[stats-refresh] DB fallback write failed (non-fatal): no db in test
[stats-refresh] skipping watermark write because stats KV put failed — next cron tick will retry full recompute

 ✓ src/lib/cron/__tests__/stats-refresh.test.ts (27 tests) 28ms
 ✓ src/lib/queue/__tests__/consumer.test.ts (7 tests) 60ms
 ✓ src/__tests__/account/notifications.test.ts (7 tests) 52ms
 ✓ src/lib/queue/__tests__/bulk-intake-retry.test.ts (9 tests) 22ms
stderr | src/lib/__tests__/external-scan-dispatch.test.ts > external-scan-dispatch (T-007) > GitHub API failure is swallowed (non-fatal)
GitHub dispatch failed for semgrep/my-skill: Error: Network error
    at /Users/antonabyzov/Projects/github/specweave-umb/repositories/anton-abyzov/0874-intake-identity/src/lib/__tests__/external-scan-dispatch.test.ts:106:33
    at file:///Users/antonabyzov/Projects/github/specweave-umb/repositories/anton-abyzov/0874-bulk-request-memory/node_modules/@vitest/runner/dist/chunk-hooks.js:155:11
    at file:///Users/antonabyzov/Projects/github/specweave-umb/repositories/anton-abyzov/0874-bulk-request-memory/node_modules/@vitest/runner/dist/chunk-hooks.js:752:26
    at file:///Users/antonabyzov/Projects/github/specweave-umb/repositories/anton-abyzov/0874-bulk-request-memory/node_modules/@vitest/runner/dist/chunk-hooks.js:1897:20
    at new Promise (<anonymous>)
    at runWithTimeout (file:///Users/antonabyzov/Projects/github/specweave-umb/repositories/anton-abyzov/0874-bulk-request-memory/node_modules/@vitest/runner/dist/chunk-hooks.js:1863:10)
    at runTest (file:///Users/antonabyzov/Projects/github/specweave-umb/repositories/anton-abyzov/0874-bulk-request-memory/node_modules/@vitest/runner/dist/chunk-hooks.js:1574:12)
    at processTicksAndRejections (node:internal/process/task_queues:105:5)
    at runSuite (file:///Users/antonabyzov/Projects/github/specweave-umb/repositories/anton-abyzov/0874-bulk-request-memory/node_modules/@vitest/runner/dist/chunk-hooks.js:1729:8)
    at runSuite (file:///Users/antonabyzov/Projects/github/specweave-umb/repositories/anton-abyzov/0874-bulk-request-memory/node_modules/@vitest/runner/dist/chunk-hooks.js:1729:8)

stderr | src/lib/__tests__/external-scan-dispatch.test.ts > external-scan-dispatch (T-007) > GitHub API failure is swallowed (non-fatal)
GitHub dispatch failed for njsscan/my-skill: Error: Network error
    at /Users/antonabyzov/Projects/github/specweave-umb/repositories/anton-abyzov/0874-intake-identity/src/lib/__tests__/external-scan-dispatch.test.ts:106:33
    at file:///Users/antonabyzov/Projects/github/specweave-umb/repositories/anton-abyzov/0874-bulk-request-memory/node_modules/@vitest/runner/dist/chunk-hooks.js:155:11
    at file:///Users/antonabyzov/Projects/github/specweave-umb/repositories/anton-abyzov/0874-bulk-request-memory/node_modules/@vitest/runner/dist/chunk-hooks.js:752:26
    at file:///Users/antonabyzov/Projects/github/specweave-umb/repositories/anton-abyzov/0874-bulk-request-memory/node_modules/@vitest/runner/dist/chunk-hooks.js:1897:20
    at new Promise (<anonymous>)
    at runWithTimeout (file:///Users/antonabyzov/Projects/github/specweave-umb/repositories/anton-abyzov/0874-bulk-request-memory/node_modules/@vitest/runner/dist/chunk-hooks.js:1863:10)
    at runTest (file:///Users/antonabyzov/Projects/github/specweave-umb/repositories/anton-abyzov/0874-bulk-request-memory/node_modules/@vitest/runner/dist/chunk-hooks.js:1574:12)
    at processTicksAndRejections (node:internal/process/task_queues:105:5)
    at runSuite (file:///Users/antonabyzov/Projects/github/specweave-umb/repositories/anton-abyzov/0874-bulk-request-memory/node_modules/@vitest/runner/dist/chunk-hooks.js:1729:8)
    at runSuite (file:///Users/antonabyzov/Projects/github/specweave-umb/repositories/anton-abyzov/0874-bulk-request-memory/node_modules/@vitest/runner/dist/chunk-hooks.js:1729:8)

stderr | src/lib/__tests__/external-scan-dispatch.test.ts > external-scan-dispatch (T-007) > GitHub API failure is swallowed (non-fatal)
GitHub dispatch failed for trufflehog/my-skill: Error: Network error
    at /Users/antonabyzov/Projects/github/specweave-umb/repositories/anton-abyzov/0874-intake-identity/src/lib/__tests__/external-scan-dispatch.test.ts:106:33
    at file:///Users/antonabyzov/Projects/github/specweave-umb/repositories/anton-abyzov/0874-bulk-request-memory/node_modules/@vitest/runner/dist/chunk-hooks.js:155:11
    at file:///Users/antonabyzov/Projects/github/specweave-umb/repositories/anton-abyzov/0874-bulk-request-memory/node_modules/@vitest/runner/dist/chunk-hooks.js:752:26
    at file:///Users/antonabyzov/Projects/github/specweave-umb/repositories/anton-abyzov/0874-bulk-request-memory/node_modules/@vitest/runner/dist/chunk-hooks.js:1897:20
    at new Promise (<anonymous>)
    at runWithTimeout (file:///Users/antonabyzov/Projects/github/specweave-umb/repositories/anton-abyzov/0874-bulk-request-memory/node_modules/@vitest/runner/dist/chunk-hooks.js:1863:10)
    at runTest (file:///Users/antonabyzov/Projects/github/specweave-umb/repositories/anton-abyzov/0874-bulk-request-memory/node_modules/@vitest/runner/dist/chunk-hooks.js:1574:12)
    at processTicksAndRejections (node:internal/process/task_queues:105:5)
    at runSuite (file:///Users/antonabyzov/Projects/github/specweave-umb/repositories/anton-abyzov/0874-bulk-request-memory/node_modules/@vitest/runner/dist/chunk-hooks.js:1729:8)
    at runSuite (file:///Users/antonabyzov/Projects/github/specweave-umb/repositories/anton-abyzov/0874-bulk-request-memory/node_modules/@vitest/runner/dist/chunk-hooks.js:1729:8)

stderr | src/lib/__tests__/external-scan-dispatch.test.ts > external-scan-dispatch (T-007) > dispatches to correct GitHub API URL
GitHub dispatch failed for semgrep/my-skill: Error: Network error
    at /Users/antonabyzov/Projects/github/specweave-umb/repositories/anton-abyzov/0874-intake-identity/src/lib/__tests__/external-scan-dispatch.test.ts:106:33
    at file:///Users/antonabyzov/Projects/github/specweave-umb/repositories/anton-abyzov/0874-bulk-request-memory/node_modules/@vitest/runner/dist/chunk-hooks.js:155:11
    at file:///Users/antonabyzov/Projects/github/specweave-umb/repositories/anton-abyzov/0874-bulk-request-memory/node_modules/@vitest/runner/dist/chunk-hooks.js:752:26
    at file:///Users/antonabyzov/Projects/github/specweave-umb/repositories/anton-abyzov/0874-bulk-request-memory/node_modules/@vitest/runner/dist/chunk-hooks.js:1897:20
    at new Promise (<anonymous>)
    at runWithTimeout (file:///Users/antonabyzov/Projects/github/specweave-umb/repositories/anton-abyzov/0874-bulk-request-memory/node_modules/@vitest/runner/dist/chunk-hooks.js:1863:10)
    at runTest (file:///Users/antonabyzov/Projects/github/specweave-umb/repositories/anton-abyzov/0874-bulk-request-memory/node_modules/@vitest/runner/dist/chunk-hooks.js:1574:12)
    at processTicksAndRejections (node:internal/process/task_queues:105:5)
    at runSuite (file:///Users/antonabyzov/Projects/github/specweave-umb/repositories/anton-abyzov/0874-bulk-request-memory/node_modules/@vitest/runner/dist/chunk-hooks.js:1729:8)
    at runSuite (file:///Users/antonabyzov/Projects/github/specweave-umb/repositories/anton-abyzov/0874-bulk-request-memory/node_modules/@vitest/runner/dist/chunk-hooks.js:1729:8)

stderr | src/lib/__tests__/external-scan-dispatch.test.ts > external-scan-dispatch (T-007) > dispatches to correct GitHub API URL
GitHub dispatch failed for njsscan/my-skill: Error: Network error
    at /Users/antonabyzov/Projects/github/specweave-umb/repositories/anton-abyzov/0874-intake-identity/src/lib/__tests__/external-scan-dispatch.test.ts:106:33
    at file:///Users/antonabyzov/Projects/github/specweave-umb/repositories/anton-abyzov/0874-bulk-request-memory/node_modules/@vitest/runner/dist/chunk-hooks.js:155:11
    at file:///Users/antonabyzov/Projects/github/specweave-umb/repositories/anton-abyzov/0874-bulk-request-memory/node_modules/@vitest/runner/dist/chunk-hooks.js:752:26
    at file:///Users/antonabyzov/Projects/github/specweave-umb/repositories/anton-abyzov/0874-bulk-request-memory/node_modules/@vitest/runner/dist/chunk-hooks.js:1897:20
    at new Promise (<anonymous>)
    at runWithTimeout (file:///Users/antonabyzov/Projects/github/specweave-umb/repositories/anton-abyzov/0874-bulk-request-memory/node_modules/@vitest/runner/dist/chunk-hooks.js:1863:10)
    at runTest (file:///Users/antonabyzov/Projects/github/specweave-umb/repositories/anton-abyzov/0874-bulk-request-memory/node_modules/@vitest/runner/dist/chunk-hooks.js:1574:12)
    at processTicksAndRejections (node:internal/process/task_queues:105:5)
    at runSuite (file:///Users/antonabyzov/Projects/github/specweave-umb/repositories/anton-abyzov/0874-bulk-request-memory/node_modules/@vitest/runner/dist/chunk-hooks.js:1729:8)
    at runSuite (file:///Users/antonabyzov/Projects/github/specweave-umb/repositories/anton-abyzov/0874-bulk-request-memory/node_modules/@vitest/runner/dist/chunk-hooks.js:1729:8)

stderr | src/lib/__tests__/external-scan-dispatch.test.ts > external-scan-dispatch (T-007) > dispatches to correct GitHub API URL
GitHub dispatch failed for trufflehog/my-skill: Error: Network error
    at /Users/antonabyzov/Projects/github/specweave-umb/repositories/anton-abyzov/0874-intake-identity/src/lib/__tests__/external-scan-dispatch.test.ts:106:33
    at file:///Users/antonabyzov/Projects/github/specweave-umb/repositories/anton-abyzov/0874-bulk-request-memory/node_modules/@vitest/runner/dist/chunk-hooks.js:155:11
    at file:///Users/antonabyzov/Projects/github/specweave-umb/repositories/anton-abyzov/0874-bulk-request-memory/node_modules/@vitest/runner/dist/chunk-hooks.js:752:26
    at file:///Users/antonabyzov/Projects/github/specweave-umb/repositories/anton-abyzov/0874-bulk-request-memory/node_modules/@vitest/runner/dist/chunk-hooks.js:1897:20
    at new Promise (<anonymous>)
    at runWithTimeout (file:///Users/antonabyzov/Projects/github/specweave-umb/repositories/anton-abyzov/0874-bulk-request-memory/node_modules/@vitest/runner/dist/chunk-hooks.js:1863:10)
    at runTest (file:///Users/antonabyzov/Projects/github/specweave-umb/repositories/anton-abyzov/0874-bulk-request-memory/node_modules/@vitest/runner/dist/chunk-hooks.js:1574:12)
    at processTicksAndRejections (node:internal/process/task_queues:105:5)
    at runSuite (file:///Users/antonabyzov/Projects/github/specweave-umb/repositories/anton-abyzov/0874-bulk-request-memory/node_modules/@vitest/runner/dist/chunk-hooks.js:1729:8)
    at runSuite (file:///Users/antonabyzov/Projects/github/specweave-umb/repositories/anton-abyzov/0874-bulk-request-memory/node_modules/@vitest/runner/dist/chunk-hooks.js:1729:8)

stderr | src/lib/__tests__/external-scan-dispatch.test.ts > external-scan-dispatch pull mode (T-006/T-007) > preserves push behavior when SAST_PULL_MODE is falsy
GitHub dispatch failed for semgrep/my-skill: Error: Network error
    at /Users/antonabyzov/Projects/github/specweave-umb/repositories/anton-abyzov/0874-intake-identity/src/lib/__tests__/external-scan-dispatch.test.ts:106:33
    at file:///Users/antonabyzov/Projects/github/specweave-umb/repositories/anton-abyzov/0874-bulk-request-memory/node_modules/@vitest/runner/dist/chunk-hooks.js:155:11
    at file:///Users/antonabyzov/Projects/github/specweave-umb/repositories/anton-abyzov/0874-bulk-request-memory/node_modules/@vitest/runner/dist/chunk-hooks.js:752:26
    at file:///Users/antonabyzov/Projects/github/specweave-umb/repositories/anton-abyzov/0874-bulk-request-memory/node_modules/@vitest/runner/dist/chunk-hooks.js:1897:20
    at new Promise (<anonymous>)
    at runWithTimeout (file:///Users/antonabyzov/Projects/github/specweave-umb/repositories/anton-abyzov/0874-bulk-request-memory/node_modules/@vitest/runner/dist/chunk-hooks.js:1863:10)
    at runTest (file:///Users/antonabyzov/Projects/github/specweave-umb/repositories/anton-abyzov/0874-bulk-request-memory/node_modules/@vitest/runner/dist/chunk-hooks.js:1574:12)
    at processTicksAndRejections (node:internal/process/task_queues:105:5)
    at runSuite (file:///Users/antonabyzov/Projects/github/specweave-umb/repositories/anton-abyzov/0874-bulk-request-memory/node_modules/@vitest/runner/dist/chunk-hooks.js:1729:8)
    at runSuite (file:///Users/antonabyzov/Projects/github/specweave-umb/repositories/anton-abyzov/0874-bulk-request-memory/node_modules/@vitest/runner/dist/chunk-hooks.js:1729:8)

stderr | src/lib/__tests__/external-scan-dispatch.test.ts > external-scan-dispatch pull mode (T-006/T-007) > preserves push behavior when SAST_PULL_MODE is falsy
GitHub dispatch failed for njsscan/my-skill: Error: Network error
    at /Users/antonabyzov/Projects/github/specweave-umb/repositories/anton-abyzov/0874-intake-identity/src/lib/__tests__/external-scan-dispatch.test.ts:106:33
    at file:///Users/antonabyzov/Projects/github/specweave-umb/repositories/anton-abyzov/0874-bulk-request-memory/node_modules/@vitest/runner/dist/chunk-hooks.js:155:11
    at file:///Users/antonabyzov/Projects/github/specweave-umb/repositories/anton-abyzov/0874-bulk-request-memory/node_modules/@vitest/runner/dist/chunk-hooks.js:752:26
    at file:///Users/antonabyzov/Projects/github/specweave-umb/repositories/anton-abyzov/0874-bulk-request-memory/node_modules/@vitest/runner/dist/chunk-hooks.js:1897:20
    at new Promise (<anonymous>)
    at runWithTimeout (file:///Users/antonabyzov/Projects/github/specweave-umb/repositories/anton-abyzov/0874-bulk-request-memory/node_modules/@vitest/runner/dist/chunk-hooks.js:1863:10)
    at runTest (file:///Users/antonabyzov/Projects/github/specweave-umb/repositories/anton-abyzov/0874-bulk-request-memory/node_modules/@vitest/runner/dist/chunk-hooks.js:1574:12)
    at processTicksAndRejections (node:internal/process/task_queues:105:5)
    at runSuite (file:///Users/antonabyzov/Projects/github/specweave-umb/repositories/anton-abyzov/0874-bulk-request-memory/node_modules/@vitest/runner/dist/chunk-hooks.js:1729:8)
    at runSuite (file:///Users/antonabyzov/Projects/github/specweave-umb/repositories/anton-abyzov/0874-bulk-request-memory/node_modules/@vitest/runner/dist/chunk-hooks.js:1729:8)

stderr | src/lib/__tests__/external-scan-dispatch.test.ts > external-scan-dispatch pull mode (T-006/T-007) > preserves push behavior when SAST_PULL_MODE is falsy
GitHub dispatch failed for trufflehog/my-skill: Error: Network error
    at /Users/antonabyzov/Projects/github/specweave-umb/repositories/anton-abyzov/0874-intake-identity/src/lib/__tests__/external-scan-dispatch.test.ts:106:33
    at file:///Users/antonabyzov/Projects/github/specweave-umb/repositories/anton-abyzov/0874-bulk-request-memory/node_modules/@vitest/runner/dist/chunk-hooks.js:155:11
    at file:///Users/antonabyzov/Projects/github/specweave-umb/repositories/anton-abyzov/0874-bulk-request-memory/node_modules/@vitest/runner/dist/chunk-hooks.js:752:26
    at file:///Users/antonabyzov/Projects/github/specweave-umb/repositories/anton-abyzov/0874-bulk-request-memory/node_modules/@vitest/runner/dist/chunk-hooks.js:1897:20
    at new Promise (<anonymous>)
    at runWithTimeout (file:///Users/antonabyzov/Projects/github/specweave-umb/repositories/anton-abyzov/0874-bulk-request-memory/node_modules/@vitest/runner/dist/chunk-hooks.js:1863:10)
    at runTest (file:///Users/antonabyzov/Projects/github/specweave-umb/repositories/anton-abyzov/0874-bulk-request-memory/node_modules/@vitest/runner/dist/chunk-hooks.js:1574:12)
    at processTicksAndRejections (node:internal/process/task_queues:105:5)
    at runSuite (file:///Users/antonabyzov/Projects/github/specweave-umb/repositories/anton-abyzov/0874-bulk-request-memory/node_modules/@vitest/runner/dist/chunk-hooks.js:1729:8)
    at runSuite (file:///Users/antonabyzov/Projects/github/specweave-umb/repositories/anton-abyzov/0874-bulk-request-memory/node_modules/@vitest/runner/dist/chunk-hooks.js:1729:8)

stderr | src/lib/__tests__/external-scan-dispatch.test.ts > external-scan-dispatch pull mode (T-006/T-007) > preserves push behavior when SAST_PULL_MODE is empty string
GitHub dispatch failed for semgrep/my-skill: Error: Network error
    at /Users/antonabyzov/Projects/github/specweave-umb/repositories/anton-abyzov/0874-intake-identity/src/lib/__tests__/external-scan-dispatch.test.ts:106:33
    at file:///Users/antonabyzov/Projects/github/specweave-umb/repositories/anton-abyzov/0874-bulk-request-memory/node_modules/@vitest/runner/dist/chunk-hooks.js:155:11
    at file:///Users/antonabyzov/Projects/github/specweave-umb/repositories/anton-abyzov/0874-bulk-request-memory/node_modules/@vitest/runner/dist/chunk-hooks.js:752:26
    at file:///Users/antonabyzov/Projects/github/specweave-umb/repositories/anton-abyzov/0874-bulk-request-memory/node_modules/@vitest/runner/dist/chunk-hooks.js:1897:20
    at new Promise (<anonymous>)
    at runWithTimeout (file:///Users/antonabyzov/Projects/github/specweave-umb/repositories/anton-abyzov/0874-bulk-request-memory/node_modules/@vitest/runner/dist/chunk-hooks.js:1863:10)
    at runTest (file:///Users/antonabyzov/Projects/github/specweave-umb/repositories/anton-abyzov/0874-bulk-request-memory/node_modules/@vitest/runner/dist/chunk-hooks.js:1574:12)
    at processTicksAndRejections (node:internal/process/task_queues:105:5)
    at runSuite (file:///Users/antonabyzov/Projects/github/specweave-umb/repositories/anton-abyzov/0874-bulk-request-memory/node_modules/@vitest/runner/dist/chunk-hooks.js:1729:8)
    at runSuite (file:///Users/antonabyzov/Projects/github/specweave-umb/repositories/anton-abyzov/0874-bulk-request-memory/node_modules/@vitest/runner/dist/chunk-hooks.js:1729:8)

stderr | src/lib/__tests__/external-scan-dispatch.test.ts > external-scan-dispatch pull mode (T-006/T-007) > preserves push behavior when SAST_PULL_MODE is empty string
GitHub dispatch failed for njsscan/my-skill: Error: Network error
    at /Users/antonabyzov/Projects/github/specweave-umb/repositories/anton-abyzov/0874-intake-identity/src/lib/__tests__/external-scan-dispatch.test.ts:106:33
    at file:///Users/antonabyzov/Projects/github/specweave-umb/repositories/anton-abyzov/0874-bulk-request-memory/node_modules/@vitest/runner/dist/chunk-hooks.js:155:11
    at file:///Users/antonabyzov/Projects/github/specweave-umb/repositories/anton-abyzov/0874-bulk-request-memory/node_modules/@vitest/runner/dist/chunk-hooks.js:752:26
    at file:///Users/antonabyzov/Projects/github/specweave-umb/repositories/anton-abyzov/0874-bulk-request-memory/node_modules/@vitest/runner/dist/chunk-hooks.js:1897:20
    at new Promise (<anonymous>)
    at runWithTimeout (file:///Users/antonabyzov/Projects/github/specweave-umb/repositories/anton-abyzov/0874-bulk-request-memory/node_modules/@vitest/runner/dist/chunk-hooks.js:1863:10)
    at runTest (file:///Users/antonabyzov/Projects/github/specweave-umb/repositories/anton-abyzov/0874-bulk-request-memory/node_modules/@vitest/runner/dist/chunk-hooks.js:1574:12)
    at processTicksAndRejections (node:internal/process/task_queues:105:5)
    at runSuite (file:///Users/antonabyzov/Projects/github/specweave-umb/repositories/anton-abyzov/0874-bulk-request-memory/node_modules/@vitest/runner/dist/chunk-hooks.js:1729:8)
    at runSuite (file:///Users/antonabyzov/Projects/github/specweave-umb/repositories/anton-abyzov/0874-bulk-request-memory/node_modules/@vitest/runner/dist/chunk-hooks.js:1729:8)

stderr | src/lib/__tests__/external-scan-dispatch.test.ts > external-scan-dispatch pull mode (T-006/T-007) > preserves push behavior when SAST_PULL_MODE is empty string
GitHub dispatch failed for trufflehog/my-skill: Error: Network error
    at /Users/antonabyzov/Projects/github/specweave-umb/repositories/anton-abyzov/0874-intake-identity/src/lib/__tests__/external-scan-dispatch.test.ts:106:33
    at file:///Users/antonabyzov/Projects/github/specweave-umb/repositories/anton-abyzov/0874-bulk-request-memory/node_modules/@vitest/runner/dist/chunk-hooks.js:155:11
    at file:///Users/antonabyzov/Projects/github/specweave-umb/repositories/anton-abyzov/0874-bulk-request-memory/node_modules/@vitest/runner/dist/chunk-hooks.js:752:26
    at file:///Users/antonabyzov/Projects/github/specweave-umb/repositories/anton-abyzov/0874-bulk-request-memory/node_modules/@vitest/runner/dist/chunk-hooks.js:1897:20
    at new Promise (<anonymous>)
    at runWithTimeout (file:///Users/antonabyzov/Projects/github/specweave-umb/repositories/anton-abyzov/0874-bulk-request-memory/node_modules/@vitest/runner/dist/chunk-hooks.js:1863:10)
    at runTest (file:///Users/antonabyzov/Projects/github/specweave-umb/repositories/anton-abyzov/0874-bulk-request-memory/node_modules/@vitest/runner/dist/chunk-hooks.js:1574:12)
    at processTicksAndRejections (node:internal/process/task_queues:105:5)
    at runSuite (file:///Users/antonabyzov/Projects/github/specweave-umb/repositories/anton-abyzov/0874-bulk-request-memory/node_modules/@vitest/runner/dist/chunk-hooks.js:1729:8)
    at runSuite (file:///Users/antonabyzov/Projects/github/specweave-umb/repositories/anton-abyzov/0874-bulk-request-memory/node_modules/@vitest/runner/dist/chunk-hooks.js:1729:8)

 ✓ src/lib/__tests__/external-scan-dispatch.test.ts (9 tests) 57ms
 ✓ src/lib/crawler/__tests__/adaptive-delay.test.ts (6 tests) 18ms
 ✓ src/lib/__tests__/auto-block.test.ts (8 tests) 7ms
stderr | src/lib/__tests__/stats-compute.test.ts > computePlatformStats > falls back to minimal stats when full computation fails
[stats-compute] Full stats failed: {
  error: 'DB unavailable',
  stack: 'Error: DB unavailable |     at /Users/antonabyzov/Projects/github/specweave-umb/repositories/anton-abyzov/0874-intake-identity/src/lib/__tests__/stats-compute.test.ts:368:30 |     at processTicksAndRejections (node:internal/process/task_queues:105:5)'
}
[stats-compute] Falling back to minimal stats (individual queries)

stderr | src/lib/__tests__/stats-compute.test.ts > computePlatformStats > falls back to findMany when DISTINCT ON query fails
[stats-compute] DISTINCT ON query failed, using fallback: Error: raw SQL unsupported
    at /Users/antonabyzov/Projects/github/specweave-umb/repositories/anton-abyzov/0874-intake-identity/src/lib/__tests__/stats-compute.test.ts:391:44
    at file:///Users/antonabyzov/Projects/github/specweave-umb/repositories/anton-abyzov/0874-bulk-request-memory/node_modules/@vitest/runner/dist/chunk-hooks.js:155:11
    at file:///Users/antonabyzov/Projects/github/specweave-umb/repositories/anton-abyzov/0874-bulk-request-memory/node_modules/@vitest/runner/dist/chunk-hooks.js:752:26
    at file:///Users/antonabyzov/Projects/github/specweave-umb/repositories/anton-abyzov/0874-bulk-request-memory/node_modules/@vitest/runner/dist/chunk-hooks.js:1897:20
    at new Promise (<anonymous>)
    at runWithTimeout (file:///Users/antonabyzov/Projects/github/specweave-umb/repositories/anton-abyzov/0874-bulk-request-memory/node_modules/@vitest/runner/dist/chunk-hooks.js:1863:10)
    at runTest (file:///Users/antonabyzov/Projects/github/specweave-umb/repositories/anton-abyzov/0874-bulk-request-memory/node_modules/@vitest/runner/dist/chunk-hooks.js:1574:12)
    at processTicksAndRejections (node:internal/process/task_queues:105:5)
    at runSuite (file:///Users/antonabyzov/Projects/github/specweave-umb/repositories/anton-abyzov/0874-bulk-request-memory/node_modules/@vitest/runner/dist/chunk-hooks.js:1729:8)
    at runSuite (file:///Users/antonabyzov/Projects/github/specweave-umb/repositories/anton-abyzov/0874-bulk-request-memory/node_modules/@vitest/runner/dist/chunk-hooks.js:1729:8)

stderr | src/lib/__tests__/data-db-first.test.ts > getSkills > Given DB throws and not in CATALOG_DB_STRICT → When called → Then returns empty array
[getSkills] DB unavailable, returning empty: DB unavailable

stderr | src/lib/__tests__/data-db-first.test.ts > getSkillByName > Given DB throws → When called during build/local fallback → Then returns null
[getSkillByName] DB unavailable, returning null: DB unavailable

 ✓ src/lib/__tests__/data-db-first.test.ts (41 tests) 42ms
 ✓ src/lib/__tests__/stats-compute.test.ts (23 tests) 19ms
stdout | src/lib/crawler/__tests__/github-discovery-e2e.test.ts > end-to-end discovery > back-to-back runs produce 0 duplicates
[discovery] found 3 candidates (npm:3)

stdout | src/lib/crawler/__tests__/github-discovery-e2e.test.ts > end-to-end discovery > back-to-back runs produce 0 duplicates
[discovery] org/skill-a: submitted 1 new, skipped 0 already-verified
[discovery] org/skill-b: submitted 1 new, skipped 0 already-verified
[discovery] org/skill-c: submitted 1 new, skipped 0 already-verified
[discovery] run complete — 3 new skills enqueued from 3 candidates

stdout | src/lib/crawler/__tests__/github-discovery-e2e.test.ts > end-to-end discovery > back-to-back runs produce 0 duplicates
[discovery] found 3 candidates (npm:3)

stdout | src/lib/crawler/__tests__/github-discovery-e2e.test.ts > end-to-end discovery > back-to-back runs produce 0 duplicates
[discovery] org/skill-a: submitted 0 new, skipped 1 already-verified
[discovery] org/skill-b: submitted 0 new, skipped 1 already-verified
[discovery] org/skill-c: submitted 0 new, skipped 1 already-verified
[discovery] run complete — 0 new skills enqueued from 3 candidates

stdout | src/lib/crawler/__tests__/github-discovery-e2e.test.ts > end-to-end discovery > dryRun returns candidates without submitting
[discovery] found 1 candidates (npm:1)

 ✓ src/lib/crawler/__tests__/github-discovery-e2e.test.ts (2 tests) 15ms
 ✓ src/lib/__tests__/blocklist-seed.test.ts (7 tests) 7ms
 ✓ src/lib/__tests__/repo-health-checker.test.ts (12 tests) 10ms
 ✓ src/lib/__tests__/search-index.test.ts (43 tests) 24ms
 ✓ src/db/dedup/dedup.test.ts (14 tests) 23ms
 ✓ scripts/__tests__/trust-migration.test.ts (6 tests) 97ms
 ✓ src/lib/stripe/webhook-handlers.test.ts (29 tests) 59ms
 ✓ src/lib/eval/__tests__/assertion-grader.test.ts (5 tests) 5ms
 ✓ src/lib/skill-update/__tests__/outbox-writer.test.ts (13 tests) 14ms
stdout | src/lib/crawler/__tests__/github-discovery-queries.test.ts > expanded search queries > dedup works across queries via shared seen Set
[discovery:code] query "filename:SKILL.md+path:/": total_count=1
[discovery:code] query "filename:SKILL.md+path:/": 1 fetched

stdout | src/lib/crawler/__tests__/github-discovery-queries.test.ts > expanded search queries > dedup works across queries via shared seen Set
[discovery:code] query "filename:SKILL.md+path:/skills/": total_count=1
[discovery:code] query "filename:SKILL.md+path:/skills/": 1 fetched

stdout | src/lib/crawler/__tests__/github-discovery-queries.test.ts > expanded search queries > dedup works across queries via shared seen Set
[discovery:code] query "filename:skill.md": total_count=1
[discovery:code] query "filename:skill.md": 1 fetched

stdout | src/lib/crawler/__tests__/github-discovery-queries.test.ts > expanded search queries > dedup works across queries via shared seen Set
[discovery:code] query "filename:SKILL.md": total_count=1
[discovery:code] query "filename:SKILL.md": 1 fetched

 ✓ src/lib/trust/__tests__/content-hash.test.ts (7 tests) 12ms
 ✓ src/lib/skill-update/__tests__/github-api.test.ts (8 tests) 7ms
stdout | src/lib/crawler/__tests__/github-discovery-queries.test.ts > expanded search queries > dedup works across queries via shared seen Set
[discovery:code] query "filename:SKILL.md path:skills/": total_count=1
[discovery:code] query "filename:SKILL.md path:skills/": 1 fetched

stdout | src/lib/crawler/__tests__/github-discovery-queries.test.ts > expanded search queries > dedup works across queries via shared seen Set
[discovery:code] query "filename:SKILL.md path:packages/": total_count=1
[discovery:code] query "filename:SKILL.md path:packages/": 1 fetched

stdout | src/lib/crawler/__tests__/github-discovery-queries.test.ts > expanded search queries > dedup works across queries via shared seen Set
[discovery:repo] query "topic:claude-code-skill": total_count=1
[discovery:repo] query "topic:claude-code-skill": 1 fetched

stdout | src/lib/crawler/__tests__/github-discovery-queries.test.ts > expanded search queries > dedup works across queries via shared seen Set
[discovery:repo] query "topic:claude-skill": total_count=1
[discovery:repo] query "topic:claude-skill": 1 fetched

stdout | src/lib/crawler/__tests__/github-discovery-queries.test.ts > expanded search queries > dedup works across queries via shared seen Set
[discovery:repo] query ""claude code" skill SKILL.md in:readme": total_count=1
[discovery:repo] query ""claude code" skill SKILL.md in:readme": 1 fetched

stdout | src/lib/crawler/__tests__/github-discovery-queries.test.ts > expanded search queries > dedup works across queries via shared seen Set
[discovery:repo] query ""SKILL.md" in:readme": total_count=1
[discovery:repo] query ""SKILL.md" in:readme": 1 fetched

stdout | src/lib/crawler/__tests__/github-discovery-queries.test.ts > expanded search queries > dedup works across queries via shared seen Set
[discovery:repo] query ""claude code" skill in:description": total_count=1
[discovery:repo] query ""claude code" skill in:description": 1 fetched

stdout | src/lib/crawler/__tests__/github-discovery-queries.test.ts > expanded search queries > dedup works across queries via shared seen Set
[discovery:repo] query ""agent skill" SKILL.md in:readme": total_count=1
[discovery:repo] query ""agent skill" SKILL.md in:readme": 1 fetched

 ✓ src/lib/crawler/__tests__/github-discovery-queries.test.ts (5 tests) 33ms
 ✓ src/workers/__tests__/audit-log-archiver.test.ts (4 tests) 19ms
stderr | src/lib/skill-update/discovery/__tests__/enqueue.test.ts > enqueueDiscovery — sends discovery-resolve Queue message (T-060) > swallows send() errors (best-effort)
[discovery.enqueue] send failed: Error: queue down
    at /Users/antonabyzov/Projects/github/specweave-umb/repositories/anton-abyzov/0874-intake-identity/src/lib/skill-update/discovery/__tests__/enqueue.test.ts:191:56
    at file:///Users/antonabyzov/Projects/github/specweave-umb/repositories/anton-abyzov/0874-bulk-request-memory/node_modules/@vitest/runner/dist/chunk-hooks.js:155:11
    at file:///Users/antonabyzov/Projects/github/specweave-umb/repositories/anton-abyzov/0874-bulk-request-memory/node_modules/@vitest/runner/dist/chunk-hooks.js:752:26
    at file:///Users/antonabyzov/Projects/github/specweave-umb/repositories/anton-abyzov/0874-bulk-request-memory/node_modules/@vitest/runner/dist/chunk-hooks.js:1897:20
    at new Promise (<anonymous>)
    at runWithTimeout (file:///Users/antonabyzov/Projects/github/specweave-umb/repositories/anton-abyzov/0874-bulk-request-memory/node_modules/@vitest/runner/dist/chunk-hooks.js:1863:10)
    at runTest (file:///Users/antonabyzov/Projects/github/specweave-umb/repositories/anton-abyzov/0874-bulk-request-memory/node_modules/@vitest/runner/dist/chunk-hooks.js:1574:12)
    at processTicksAndRejections (node:internal/process/task_queues:105:5)
    at runSuite (file:///Users/antonabyzov/Projects/github/specweave-umb/repositories/anton-abyzov/0874-bulk-request-memory/node_modules/@vitest/runner/dist/chunk-hooks.js:1729:8)
    at runSuite (file:///Users/antonabyzov/Projects/github/specweave-umb/repositories/anton-abyzov/0874-bulk-request-memory/node_modules/@vitest/runner/dist/chunk-hooks.js:1729:8)

 ✓ src/lib/skill-update/discovery/__tests__/enqueue.test.ts (12 tests) 10ms
 ✓ src/lib/__tests__/scanner-discovery.test.ts (33 tests) 16ms
stderr | src/lib/queue/__tests__/eval-consumer.test.ts > eval-consumer > REVERIFY trigger handling > should process REVERIFY trigger without throwing
[eval-consumer] Could not fetch SKILL.md for test-skill, using description (27 chars)

stdout | src/lib/queue/__tests__/eval-consumer.test.ts > eval-consumer > REVERIFY trigger handling > should process REVERIFY trigger without throwing
[eval-consumer] Eval complete for test-skill: verdict=EFFECTIVE quality=80 delta=20 cases=5 pass=4 fail=1

stderr | src/lib/queue/__tests__/eval-consumer.test.ts > eval-consumer > REVERIFY trigger handling > should use 5 test prompts for REVERIFY trigger (V1 path)
[eval-consumer] Could not fetch SKILL.md for test-skill, using description (27 chars)

stdout | src/lib/queue/__tests__/eval-consumer.test.ts > eval-consumer > REVERIFY trigger handling > should use 5 test prompts for REVERIFY trigger (V1 path)
[eval-consumer] Eval complete for test-skill: verdict=EFFECTIVE quality=80 delta=20 cases=5 pass=4 fail=1

stderr | src/lib/queue/__tests__/eval-consumer.test.ts > eval-consumer > V2 engine routing > should route to V2 engine when methodologyVersion is 2
[eval-consumer] Could not fetch SKILL.md for test-skill, using description (27 chars)

stdout | src/lib/queue/__tests__/eval-consumer.test.ts > eval-consumer > V2 engine routing > should route to V2 engine when methodologyVersion is 2
[eval-consumer] Eval complete for test-skill: verdict=EFFECTIVE quality=80 delta=20 cases=5 pass=4 fail=1

stderr | src/lib/queue/__tests__/eval-consumer.test.ts > eval-consumer > V2 engine routing > should pass runsPerCase to V2 engine options when provided
[eval-consumer] Could not fetch SKILL.md for test-skill, using description (27 chars)

stdout | src/lib/queue/__tests__/eval-consumer.test.ts > eval-consumer > V2 engine routing > should pass runsPerCase to V2 engine options when provided
[eval-consumer] Eval complete for test-skill: verdict=EFFECTIVE quality=80 delta=20 cases=5 pass=4 fail=1

stderr | src/lib/queue/__tests__/eval-consumer.test.ts > eval-consumer > V2 engine routing > should use V1 engine when methodologyVersion is not set
[eval-consumer] Could not fetch SKILL.md for test-skill, using description (27 chars)

stdout | src/lib/queue/__tests__/eval-consumer.test.ts > eval-consumer > V2 engine routing > should use V1 engine when methodologyVersion is not set
[eval-consumer] Eval complete for test-skill: verdict=EFFECTIVE quality=80 delta=20 cases=5 pass=4 fail=1

stderr | src/lib/queue/__tests__/eval-consumer.test.ts > eval-consumer > V2 engine routing > should use V1 engine when methodologyVersion is 1
[eval-consumer] Could not fetch SKILL.md for test-skill, using description (27 chars)

stdout | src/lib/queue/__tests__/eval-consumer.test.ts > eval-consumer > V2 engine routing > should use V1 engine when methodologyVersion is 1
[eval-consumer] Eval complete for test-skill: verdict=EFFECTIVE quality=80 delta=20 cases=5 pass=4 fail=1

stderr | src/lib/queue/__tests__/eval-consumer.test.ts > eval-consumer > V2 REVERIFY — no auto-deprecation > should store V2 REVERIFY results without deprecating the skill
[eval-consumer] Could not fetch SKILL.md for test-skill, using description (27 chars)

stdout | src/lib/queue/__tests__/eval-consumer.test.ts > eval-consumer > V2 REVERIFY — no auto-deprecation > should store V2 REVERIFY results without deprecating the skill
[eval-consumer] Eval complete for test-skill: verdict=DEGRADING quality=20 delta=20 cases=5 pass=4 fail=1

stderr | src/lib/queue/__tests__/eval-consumer.test.ts > eval-consumer > test prompt count by trigger > should use 10 test prompts for REGRESSION trigger
[eval-consumer] Could not fetch SKILL.md for test-skill, using description (27 chars)

stdout | src/lib/queue/__tests__/eval-consumer.test.ts > eval-consumer > test prompt count by trigger > should use 10 test prompts for REGRESSION trigger
[eval-consumer] Eval complete for test-skill: verdict=EFFECTIVE quality=80 delta=20 cases=5 pass=4 fail=1

stderr | src/lib/queue/__tests__/eval-consumer.test.ts > eval-consumer > test prompt count by trigger > should use 5 test prompts for SUBMISSION trigger
[eval-consumer] Could not fetch SKILL.md for test-skill, using description (27 chars)

stdout | src/lib/queue/__tests__/eval-consumer.test.ts > eval-consumer > test prompt count by trigger > should use 5 test prompts for SUBMISSION trigger
[eval-consumer] Eval complete for test-skill: verdict=EFFECTIVE quality=80 delta=20 cases=5 pass=4 fail=1

 ✓ src/lib/queue/__tests__/eval-consumer.test.ts (9 tests) 11ms
 ✓ src/lib/skill-update/__tests__/scan-lock.test.ts (5 tests) 56ms
 ✓ src/lib/studio/__tests__/etag.test.ts (4 tests) 12ms
 ✓ scripts/__tests__/sync-agents-json.test.ts (4 tests) 5ms
 ✓ src/lib/conditional-get.test.ts (4 tests) 16ms
 ✓ src/lib/alerts/__tests__/detectors.test.ts (44 tests) 34ms
 ✓ src/lib/learn/__tests__/video-helpers.test.ts (6 tests) 98ms
stderr | src/lib/queue/__tests__/search-index-consumer.test.ts > handleSearchIndexUpdate > swallows bumpRespVersion failure — shard update still succeeds
bumpRespVersion failed during shard update: Error: KV write failed
    at /Users/antonabyzov/Projects/github/specweave-umb/repositories/anton-abyzov/0874-intake-identity/src/lib/queue/__tests__/search-index-consumer.test.ts:135:43
    at file:///Users/antonabyzov/Projects/github/specweave-umb/repositories/anton-abyzov/0874-bulk-request-memory/node_modules/@vitest/runner/dist/chunk-hooks.js:155:11
    at file:///Users/antonabyzov/Projects/github/specweave-umb/repositories/anton-abyzov/0874-bulk-request-memory/node_modules/@vitest/runner/dist/chunk-hooks.js:752:26
    at file:///Users/antonabyzov/Projects/github/specweave-umb/repositories/anton-abyzov/0874-bulk-request-memory/node_modules/@vitest/runner/dist/chunk-hooks.js:1897:20
    at new Promise (<anonymous>)
    at runWithTimeout (file:///Users/antonabyzov/Projects/github/specweave-umb/repositories/anton-abyzov/0874-bulk-request-memory/node_modules/@vitest/runner/dist/chunk-hooks.js:1863:10)
    at runTest (file:///Users/antonabyzov/Projects/github/specweave-umb/repositories/anton-abyzov/0874-bulk-request-memory/node_modules/@vitest/runner/dist/chunk-hooks.js:1574:12)
    at processTicksAndRejections (node:internal/process/task_queues:105:5)
    at runSuite (file:///Users/antonabyzov/Projects/github/specweave-umb/repositories/anton-abyzov/0874-bulk-request-memory/node_modules/@vitest/runner/dist/chunk-hooks.js:1729:8)
    at runSuite (file:///Users/antonabyzov/Projects/github/specweave-umb/repositories/anton-abyzov/0874-bulk-request-memory/node_modules/@vitest/runner/dist/chunk-hooks.js:1729:8)

 ✓ src/lib/queue/__tests__/search-index-consumer.test.ts (8 tests) 10ms
 ✓ src/lib/learn/__tests__/video-size-constraints.test.ts (21 tests) 6ms
stderr | src/lib/eval/__tests__/prompt-generator.test.ts > generateTestPrompts > handles LLM failure gracefully by returning fewer prompts
[prompt-gen] LLM generation failed: Error: LLM unavailable
    at /Users/antonabyzov/Projects/github/specweave-umb/repositories/anton-abyzov/0874-intake-identity/src/lib/eval/__tests__/prompt-generator.test.ts:150:38
    at file:///Users/antonabyzov/Projects/github/specweave-umb/repositories/anton-abyzov/0874-bulk-request-memory/node_modules/@vitest/runner/dist/chunk-hooks.js:155:11
    at file:///Users/antonabyzov/Projects/github/specweave-umb/repositories/anton-abyzov/0874-bulk-request-memory/node_modules/@vitest/runner/dist/chunk-hooks.js:752:26
    at file:///Users/antonabyzov/Projects/github/specweave-umb/repositories/anton-abyzov/0874-bulk-request-memory/node_modules/@vitest/runner/dist/chunk-hooks.js:1897:20
    at new Promise (<anonymous>)
    at runWithTimeout (file:///Users/antonabyzov/Projects/github/specweave-umb/repositories/anton-abyzov/0874-bulk-request-memory/node_modules/@vitest/runner/dist/chunk-hooks.js:1863:10)
    at runTest (file:///Users/antonabyzov/Projects/github/specweave-umb/repositories/anton-abyzov/0874-bulk-request-memory/node_modules/@vitest/runner/dist/chunk-hooks.js:1574:12)
    at processTicksAndRejections (node:internal/process/task_queues:105:5)
    at runSuite (file:///Users/antonabyzov/Projects/github/specweave-umb/repositories/anton-abyzov/0874-bulk-request-memory/node_modules/@vitest/runner/dist/chunk-hooks.js:1729:8)
    at runSuite (file:///Users/antonabyzov/Projects/github/specweave-umb/repositories/anton-abyzov/0874-bulk-request-memory/node_modules/@vitest/runner/dist/chunk-hooks.js:1729:8)

stderr | src/lib/eval/__tests__/prompt-generator.test.ts > generateTestPrompts > handles unparseable LLM response gracefully
[prompt-gen] No JSON found in response for code-reviewer: not json

 ✓ src/lib/eval/__tests__/prompt-generator.test.ts (17 tests) 33ms
stderr | src/lib/submission/__tests__/upsert-requeue-rejected.test.ts > upsertSubmission — REJECTED/DEQUEUED resubmission requeue on content change > REJECTED + changed hash but queue.send throws → stays rejected
[upsertSubmission] resubmit queue.send failed for sub_rejected; leaving row REJECTED: Queue offline

 ✓ src/lib/submission/__tests__/upsert-requeue-rejected.test.ts (8 tests) 27ms
stderr | src/lib/account/scan-connected-repo.test.ts > scanConnectedRepo > writes syncStatus=RED with truncated lastErrorMessage on scan failure
[scan-connected-repo] scan failed for owner/repo (install 999): GitHub /repos/owner/repo → 503

 ✓ src/lib/account/scan-connected-repo.test.ts (10 tests) 25ms
 ✓ src/lib/__tests__/github-oauth.test.ts (8 tests) 25ms
stdout | src/lib/queue/__tests__/multi-skill-expand.test.ts > tryExpandMultiSkill > expands multi-skill repo into individual submissions
[multi-skill-expand] sub-001 expanded into 3 skills for https://github.com/anton-abyzov/specweave

stderr | src/lib/queue/__tests__/multi-skill-expand.test.ts > tryExpandMultiSkill > falls through on discovery failure
[multi-skill-expand] discovery failed for https://github.com/anton-abyzov/specweave: Error: Network error
    at /Users/antonabyzov/Projects/github/specweave-umb/repositories/anton-abyzov/0874-intake-identity/src/lib/queue/__tests__/multi-skill-expand.test.ts:158:50
    at file:///Users/antonabyzov/Projects/github/specweave-umb/repositories/anton-abyzov/0874-bulk-request-memory/node_modules/@vitest/runner/dist/chunk-hooks.js:155:11
    at file:///Users/antonabyzov/Projects/github/specweave-umb/repositories/anton-abyzov/0874-bulk-request-memory/node_modules/@vitest/runner/dist/chunk-hooks.js:752:26
    at file:///Users/antonabyzov/Projects/github/specweave-umb/repositories/anton-abyzov/0874-bulk-request-memory/node_modules/@vitest/runner/dist/chunk-hooks.js:1897:20
    at new Promise (<anonymous>)
    at runWithTimeout (file:///Users/antonabyzov/Projects/github/specweave-umb/repositories/anton-abyzov/0874-bulk-request-memory/node_modules/@vitest/runner/dist/chunk-hooks.js:1863:10)
    at runTest (file:///Users/antonabyzov/Projects/github/specweave-umb/repositories/anton-abyzov/0874-bulk-request-memory/node_modules/@vitest/runner/dist/chunk-hooks.js:1574:12)
    at processTicksAndRejections (node:internal/process/task_queues:105:5)
    at runSuite (file:///Users/antonabyzov/Projects/github/specweave-umb/repositories/anton-abyzov/0874-bulk-request-memory/node_modules/@vitest/runner/dist/chunk-hooks.js:1729:8)
    at runSuite (file:///Users/antonabyzov/Projects/github/specweave-umb/repositories/anton-abyzov/0874-bulk-request-memory/node_modules/@vitest/runner/dist/chunk-hooks.js:1729:8)

stderr | src/lib/queue/__tests__/multi-skill-expand.test.ts > tryExpandMultiSkill > falls through on discovery error response
[multi-skill-expand] discovery error for https://github.com/anton-abyzov/specweave: Rate limited

stderr | src/lib/queue/__tests__/multi-skill-expand.test.ts > tryExpandMultiSkill > falls through when no selfReference available
[multi-skill-expand] cannot expand sub-001: no selfReference/internalKey

stderr | src/lib/queue/__tests__/multi-skill-expand.test.ts > tryExpandMultiSkill > falls through when self-reference call fails
[multi-skill-expand] batch creation failed (500): Internal error

 ✓ src/lib/queue/__tests__/multi-skill-expand.test.ts (15 tests) 12ms
stderr | src/lib/__tests__/kv-enumeration.test.ts > enumeratePublishedSkills > skips malformed JSON values gracefully
[enumeratePublishedSkills] malformed KV value for key skill:bad-skill SyntaxError: Expected property name or '}' in JSON at position 1 (line 1 column 2)
    at JSON.parse (<anonymous>)
    at /Users/antonabyzov/Projects/github/specweave-umb/repositories/anton-abyzov/0874-intake-identity/src/lib/submission/publish.ts:948:30
    at processTicksAndRejections (node:internal/process/task_queues:105:5)
    at async Promise.allSettled (index 1)
    at Module.enumeratePublishedSkills (/Users/antonabyzov/Projects/github/specweave-umb/repositories/anton-abyzov/0874-intake-identity/src/lib/submission/publish.ts:943:21)
    at /Users/antonabyzov/Projects/github/specweave-umb/repositories/anton-abyzov/0874-intake-identity/src/lib/__tests__/kv-enumeration.test.ts:168:20
    at file:///Users/antonabyzov/Projects/github/specweave-umb/repositories/anton-abyzov/0874-bulk-request-memory/node_modules/@vitest/runner/dist/chunk-hooks.js:752:20

 ✓ src/lib/__tests__/kv-enumeration.test.ts (12 tests) 16ms
 ✓ src/__tests__/schema/account-schema.test.ts (22 tests) 37ms
 ✓ scripts/__tests__/backfill-source-repo-url.test.ts (7 tests) 15ms
stderr | src/lib/eval/__tests__/judge.test.ts > judgeOutputs — error handling > returns error result when AI fails
[judge] Failed: Error: AI unavailable
    at /Users/antonabyzov/Projects/github/specweave-umb/repositories/anton-abyzov/0874-intake-identity/src/lib/eval/__tests__/judge.test.ts:138:38
    at file:///Users/antonabyzov/Projects/github/specweave-umb/repositories/anton-abyzov/0874-bulk-request-memory/node_modules/@vitest/runner/dist/chunk-hooks.js:155:11
    at file:///Users/antonabyzov/Projects/github/specweave-umb/repositories/anton-abyzov/0874-bulk-request-memory/node_modules/@vitest/runner/dist/chunk-hooks.js:752:26
    at file:///Users/antonabyzov/Projects/github/specweave-umb/repositories/anton-abyzov/0874-bulk-request-memory/node_modules/@vitest/runner/dist/chunk-hooks.js:1897:20
    at new Promise (<anonymous>)
    at runWithTimeout (file:///Users/antonabyzov/Projects/github/specweave-umb/repositories/anton-abyzov/0874-bulk-request-memory/node_modules/@vitest/runner/dist/chunk-hooks.js:1863:10)
    at runTest (file:///Users/antonabyzov/Projects/github/specweave-umb/repositories/anton-abyzov/0874-bulk-request-memory/node_modules/@vitest/runner/dist/chunk-hooks.js:1574:12)
    at processTicksAndRejections (node:internal/process/task_queues:105:5)
    at runSuite (file:///Users/antonabyzov/Projects/github/specweave-umb/repositories/anton-abyzov/0874-bulk-request-memory/node_modules/@vitest/runner/dist/chunk-hooks.js:1729:8)
    at runSuite (file:///Users/antonabyzov/Projects/github/specweave-umb/repositories/anton-abyzov/0874-bulk-request-memory/node_modules/@vitest/runner/dist/chunk-hooks.js:1729:8)

stderr | src/lib/eval/__tests__/judge.test.ts > judgeOutputs — error handling > handles empty response
[judge] LLM returned empty response

 ✓ src/lib/eval/__tests__/judge.test.ts (11 tests) 11ms
 ✓ src/lib/queue/__tests__/process-submission.decision.test.ts (3 tests) 36ms
 ✓ src/lib/alerts/__tests__/dedup.test.ts (10 tests) 12ms
 ✓ src/lib/scanner/__tests__/index.test.ts (8 tests) 45ms
 ✓ src/lib/scanner/__tests__/socket-client.test.ts (12 tests) 16ms
 ✓ src/lib/scanner/__tests__/dependency-analyzer.test.ts (12 tests) 6ms
stdout | src/lib/cron/__tests__/stats-refresh.watermark.test.ts > refreshPlatformStats — watermark gating on stats KV put (0695) > AC-US2-01: does NOT write the watermark when the stats KV put throws
[stats-refresh] Running full recompute (watermark missing or >6h old)

stderr | src/lib/cron/__tests__/stats-refresh.watermark.test.ts > refreshPlatformStats — watermark gating on stats KV put (0695) > AC-US2-01: does NOT write the watermark when the stats KV put throws
[stats-refresh] KV stats write FAILED: KV unavailable

stderr | src/lib/cron/__tests__/stats-refresh.watermark.test.ts > refreshPlatformStats — watermark gating on stats KV put (0695) > AC-US2-01: does NOT write the watermark when the stats KV put throws
[stats-refresh] Blocklist KV cache write failed (non-fatal): no db in test

stdout | src/lib/cron/__tests__/stats-refresh.watermark.test.ts > refreshPlatformStats — watermark gating on stats KV put (0695) > AC-US2-01: does NOT write the watermark when the stats KV put throws
[stats-refresh] Updated platform stats: 100 skills, 5000 stars (KV write failed, memory + DB only)

stderr | src/lib/cron/__tests__/stats-refresh.watermark.test.ts > refreshPlatformStats — watermark gating on stats KV put (0695) > AC-US2-01: does NOT write the watermark when the stats KV put throws
[stats-refresh] DB fallback write failed (non-fatal): no db in test
[stats-refresh] skipping watermark write because stats KV put failed — next cron tick will retry full recompute

stdout | src/lib/cron/__tests__/stats-refresh.watermark.test.ts > refreshPlatformStats — watermark gating on stats KV put (0695) > AC-US2-02: DOES write the watermark on the happy path
[stats-refresh] Running full recompute (watermark missing or >6h old)

stderr | src/lib/cron/__tests__/stats-refresh.watermark.test.ts > refreshPlatformStats — watermark gating on stats KV put (0695) > AC-US2-02: DOES write the watermark on the happy path
[stats-refresh] Blocklist KV cache write failed (non-fatal): no db in test

stderr | src/lib/cron/__tests__/stats-refresh.watermark.test.ts > refreshPlatformStats — watermark gating on stats KV put (0695) > AC-US2-02: DOES write the watermark on the happy path
[stats-refresh] DB fallback write failed (non-fatal): no db in test

stdout | src/lib/cron/__tests__/stats-refresh.watermark.test.ts > refreshPlatformStats — watermark gating on stats KV put (0695) > AC-US2-02: DOES write the watermark on the happy path
[stats-refresh] Updated platform stats: 100 skills, 5000 stars

stdout | src/lib/cron/__tests__/stats-refresh.watermark.test.ts > refreshPlatformStats — watermark gating on stats KV put (0695) > AC-US2-04: does NOT write stats or watermark when statsAreConsistent fails
[stats-refresh] Running full recompute (watermark missing or >6h old)

stderr | src/lib/eval/__tests__/eval-engine.test.ts > runQualityEval > returns ERROR verdict when no test prompts can be generated
[prompt-gen] LLM generation failed: Error: AI unavailable
    at /Users/antonabyzov/Projects/github/specweave-umb/repositories/anton-abyzov/0874-intake-identity/src/lib/eval/__tests__/eval-engine.test.ts:202:38
    at file:///Users/antonabyzov/Projects/github/specweave-umb/repositories/anton-abyzov/0874-bulk-request-memory/node_modules/@vitest/runner/dist/chunk-hooks.js:155:11
    at file:///Users/antonabyzov/Projects/github/specweave-umb/repositories/anton-abyzov/0874-bulk-request-memory/node_modules/@vitest/runner/dist/chunk-hooks.js:752:26
    at file:///Users/antonabyzov/Projects/github/specweave-umb/repositories/anton-abyzov/0874-bulk-request-memory/node_modules/@vitest/runner/dist/chunk-hooks.js:1897:20
    at new Promise (<anonymous>)
    at runWithTimeout (file:///Users/antonabyzov/Projects/github/specweave-umb/repositories/anton-abyzov/0874-bulk-request-memory/node_modules/@vitest/runner/dist/chunk-hooks.js:1863:10)
    at runTest (file:///Users/antonabyzov/Projects/github/specweave-umb/repositories/anton-abyzov/0874-bulk-request-memory/node_modules/@vitest/runner/dist/chunk-hooks.js:1574:12)
    at processTicksAndRejections (node:internal/process/task_queues:105:5)
    at runSuite (file:///Users/antonabyzov/Projects/github/specweave-umb/repositories/anton-abyzov/0874-bulk-request-memory/node_modules/@vitest/runner/dist/chunk-hooks.js:1729:8)
    at runSuite (file:///Users/antonabyzov/Projects/github/specweave-umb/repositories/anton-abyzov/0874-bulk-request-memory/node_modules/@vitest/runner/dist/chunk-hooks.js:1729:8)

stderr | src/lib/cron/__tests__/stats-refresh.watermark.test.ts > refreshPlatformStats — watermark gating on stats KV put (0695) > AC-US2-04: does NOT write stats or watermark when statsAreConsistent fails
[stats-refresh] Inconsistent: all metrics zero — likely total DB failure
[stats-refresh] Skipping KV write due to inconsistent stats (partial query failure)

 ✓ src/lib/eval/__tests__/eval-engine.test.ts (8 tests) 12ms
stdout | src/lib/cron/__tests__/stats-refresh.watermark.test.ts > refreshPlatformStats — watermark gating on stats KV put (0695) > AC-US2-05: emits a structured console.error noting the watermark skip when stats put fails
[stats-refresh] Running full recompute (watermark missing or >6h old)

stderr | src/lib/cron/__tests__/stats-refresh.watermark.test.ts > refreshPlatformStats — watermark gating on stats KV put (0695) > AC-US2-05: emits a structured console.error noting the watermark skip when stats put fails
[stats-refresh] Blocklist KV cache write failed (non-fatal): no db in test

stdout | src/lib/cron/__tests__/stats-refresh.watermark.test.ts > refreshPlatformStats — watermark gating on stats KV put (0695) > AC-US2-05: emits a structured console.error noting the watermark skip when stats put fails
[stats-refresh] Updated platform stats: 100 skills, 5000 stars (KV write failed, memory + DB only)

stderr | src/lib/cron/__tests__/stats-refresh.watermark.test.ts > refreshPlatformStats — watermark gating on stats KV put (0695) > AC-US2-05: emits a structured console.error noting the watermark skip when stats put fails
[stats-refresh] DB fallback write failed (non-fatal): no db in test

 ✓ src/lib/cron/__tests__/stats-refresh.watermark.test.ts (4 tests) 25ms
stdout | src/lib/queue/__tests__/drain-stuck-received.test.ts > drainStuckReceived (0713 US-004) > returns zeroes when no stale RECEIVED rows
[drain-stuck-received] found=0 enqueued=0 skipped=0

stdout | src/lib/queue/__tests__/drain-stuck-received.test.ts > drainStuckReceived (0713 US-004) > re-enqueues a stale RECEIVED row exactly once with the expected payload
[drain-stuck-received] found=1 enqueued=1 skipped=0

stdout | src/lib/queue/__tests__/drain-stuck-received.test.ts > drainStuckReceived (0713 US-004) > dryRun does NOT enqueue but still reports found count
[drain-stuck-received] DRY RUN would enqueue sub_a (https://github.com/org/repo/test-skill)
[drain-stuck-received] DRY RUN would enqueue sub_b (https://github.com/org/repo/test-skill)
[drain-stuck-received] DRY RUN would enqueue sub_c (https://github.com/org/repo/test-skill)

stdout | src/lib/queue/__tests__/drain-stuck-received.test.ts > drainStuckReceived (0713 US-004) > skips rows with KV inflight:<id> set (currently being processed)
[drain-stuck-received] skipping sub_inflight: inflight marker held

stdout | src/lib/queue/__tests__/drain-stuck-received.test.ts > drainStuckReceived (0713 US-004) > skips rows with KV inflight:<id> set (currently being processed)
[drain-stuck-received] found=2 enqueued=1 skipped=1

stdout | src/lib/queue/__tests__/drain-stuck-received.test.ts > drainStuckReceived (0713 US-004) > filters by repoUrl when provided
[drain-stuck-received] found=1 enqueued=1 skipped=0

stderr | src/lib/queue/__tests__/drain-stuck-received.test.ts > drainStuckReceived (0713 US-004) > continues processing after a per-row queue.send error (does not abort batch)
[drain-stuck-received] enqueue failed for sub_will_fail: Error: queue transient error
    at /Users/antonabyzov/Projects/github/specweave-umb/repositories/anton-abyzov/0874-intake-identity/src/lib/queue/__tests__/drain-stuck-received.test.ts:149:30
    at file:///Users/antonabyzov/Projects/github/specweave-umb/repositories/anton-abyzov/0874-bulk-request-memory/node_modules/@vitest/runner/dist/chunk-hooks.js:155:11
    at file:///Users/antonabyzov/Projects/github/specweave-umb/repositories/anton-abyzov/0874-bulk-request-memory/node_modules/@vitest/runner/dist/chunk-hooks.js:752:26
    at file:///Users/antonabyzov/Projects/github/specweave-umb/repositories/anton-abyzov/0874-bulk-request-memory/node_modules/@vitest/runner/dist/chunk-hooks.js:1897:20
    at new Promise (<anonymous>)
    at runWithTimeout (file:///Users/antonabyzov/Projects/github/specweave-umb/repositories/anton-abyzov/0874-bulk-request-memory/node_modules/@vitest/runner/dist/chunk-hooks.js:1863:10)
    at runTest (file:///Users/antonabyzov/Projects/github/specweave-umb/repositories/anton-abyzov/0874-bulk-request-memory/node_modules/@vitest/runner/dist/chunk-hooks.js:1574:12)
    at processTicksAndRejections (node:internal/process/task_queues:105:5)
    at runSuite (file:///Users/antonabyzov/Projects/github/specweave-umb/repositories/anton-abyzov/0874-bulk-request-memory/node_modules/@vitest/runner/dist/chunk-hooks.js:1729:8)
    at runSuite (file:///Users/antonabyzov/Projects/github/specweave-umb/repositories/anton-abyzov/0874-bulk-request-memory/node_modules/@vitest/runner/dist/chunk-hooks.js:1729:8)

stdout | src/lib/queue/__tests__/drain-stuck-received.test.ts > drainStuckReceived (0713 US-004) > continues processing after a per-row queue.send error (does not abort batch)
[drain-stuck-received] found=2 enqueued=1 skipped=1

 ✓ src/lib/queue/__tests__/drain-stuck-received.test.ts (6 tests) 14ms
stderr | src/lib/skill-update/__tests__/submission-decision.test.ts > publishSubmissionDecision — best-effort > swallows an upstream publish rejection (never throws)
[submission-decision] publish failed for sub-fail (REJECTED): Error: DO unreachable
    at /Users/antonabyzov/Projects/github/specweave-umb/repositories/anton-abyzov/0874-intake-identity/src/lib/skill-update/__tests__/submission-decision.test.ts:158:39
    at file:///Users/antonabyzov/Projects/github/specweave-umb/repositories/anton-abyzov/0874-bulk-request-memory/node_modules/@vitest/runner/dist/chunk-hooks.js:155:11
    at file:///Users/antonabyzov/Projects/github/specweave-umb/repositories/anton-abyzov/0874-bulk-request-memory/node_modules/@vitest/runner/dist/chunk-hooks.js:752:26
    at file:///Users/antonabyzov/Projects/github/specweave-umb/repositories/anton-abyzov/0874-bulk-request-memory/node_modules/@vitest/runner/dist/chunk-hooks.js:1897:20
    at new Promise (<anonymous>)
    at runWithTimeout (file:///Users/antonabyzov/Projects/github/specweave-umb/repositories/anton-abyzov/0874-bulk-request-memory/node_modules/@vitest/runner/dist/chunk-hooks.js:1863:10)
    at runTest (file:///Users/antonabyzov/Projects/github/specweave-umb/repositories/anton-abyzov/0874-bulk-request-memory/node_modules/@vitest/runner/dist/chunk-hooks.js:1574:12)
    at processTicksAndRejections (node:internal/process/task_queues:105:5)
    at runSuite (file:///Users/antonabyzov/Projects/github/specweave-umb/repositories/anton-abyzov/0874-bulk-request-memory/node_modules/@vitest/runner/dist/chunk-hooks.js:1729:8)
    at runSuite (file:///Users/antonabyzov/Projects/github/specweave-umb/repositories/anton-abyzov/0874-bulk-request-memory/node_modules/@vitest/runner/dist/chunk-hooks.js:1729:8)

 ✓ src/lib/skill-update/__tests__/submission-decision.test.ts (10 tests) 11ms
stderr | src/lib/queue/__tests__/state-guard.test.ts > updateState — SUCCESS_LOCKED guard > blocks PUBLISHED → REJECTED (duplicate processing scenario)
[updateState] blocked PUBLISHED → REJECTED for sub_1

stderr | src/lib/queue/__tests__/state-guard.test.ts > updateState — SUCCESS_LOCKED guard > blocks PUBLISHED → TIER1_SCANNING (re-scan attempt)
[updateState] blocked PUBLISHED → TIER1_SCANNING for sub_2

 ✓ src/lib/queue/__tests__/state-guard.test.ts (9 tests) 7ms
 ✓ src/lib/__tests__/slug-migration.test.ts (12 tests) 11ms
stderr | src/lib/submission/__tests__/state-history-shape.test.ts > getSubmissionFullFromDb stateHistory shape (0713 US-003) > returns null on Prisma throw (no unhandled exception)
[getSubmissionFullFromDb] sub_x: Error: DB unavailable
    at /Users/antonabyzov/Projects/github/specweave-umb/repositories/anton-abyzov/0874-intake-identity/src/lib/submission/__tests__/state-history-shape.test.ts:74:42
    at file:///Users/antonabyzov/Projects/github/specweave-umb/repositories/anton-abyzov/0874-bulk-request-memory/node_modules/@vitest/runner/dist/chunk-hooks.js:155:11
    at file:///Users/antonabyzov/Projects/github/specweave-umb/repositories/anton-abyzov/0874-bulk-request-memory/node_modules/@vitest/runner/dist/chunk-hooks.js:752:26
    at file:///Users/antonabyzov/Projects/github/specweave-umb/repositories/anton-abyzov/0874-bulk-request-memory/node_modules/@vitest/runner/dist/chunk-hooks.js:1897:20
    at new Promise (<anonymous>)
    at runWithTimeout (file:///Users/antonabyzov/Projects/github/specweave-umb/repositories/anton-abyzov/0874-bulk-request-memory/node_modules/@vitest/runner/dist/chunk-hooks.js:1863:10)
    at runTest (file:///Users/antonabyzov/Projects/github/specweave-umb/repositories/anton-abyzov/0874-bulk-request-memory/node_modules/@vitest/runner/dist/chunk-hooks.js:1574:12)
    at processTicksAndRejections (node:internal/process/task_queues:105:5)
    at runSuite (file:///Users/antonabyzov/Projects/github/specweave-umb/repositories/anton-abyzov/0874-bulk-request-memory/node_modules/@vitest/runner/dist/chunk-hooks.js:1729:8)
    at runSuite (file:///Users/antonabyzov/Projects/github/specweave-umb/repositories/anton-abyzov/0874-bulk-request-memory/node_modules/@vitest/runner/dist/chunk-hooks.js:1729:8)

 ✓ src/lib/submission/__tests__/state-history-shape.test.ts (3 tests) 8ms
 ✓ src/lib/crawler/__tests__/query-generation.test.ts (11 tests) 8ms
stderr | src/lib/__tests__/crawl-dispatch.test.ts > crawl-dispatch > TC-009: handles worker failure gracefully (no throw)
Crawl dispatch failed for source github-skills: Error: Connection refused
    at /Users/antonabyzov/Projects/github/specweave-umb/repositories/anton-abyzov/0874-intake-identity/src/lib/__tests__/crawl-dispatch.test.ts:88:33
    at file:///Users/antonabyzov/Projects/github/specweave-umb/repositories/anton-abyzov/0874-bulk-request-memory/node_modules/@vitest/runner/dist/chunk-hooks.js:155:11
    at file:///Users/antonabyzov/Projects/github/specweave-umb/repositories/anton-abyzov/0874-bulk-request-memory/node_modules/@vitest/runner/dist/chunk-hooks.js:752:26
    at file:///Users/antonabyzov/Projects/github/specweave-umb/repositories/anton-abyzov/0874-bulk-request-memory/node_modules/@vitest/runner/dist/chunk-hooks.js:1897:20
    at new Promise (<anonymous>)
    at runWithTimeout (file:///Users/antonabyzov/Projects/github/specweave-umb/repositories/anton-abyzov/0874-bulk-request-memory/node_modules/@vitest/runner/dist/chunk-hooks.js:1863:10)
    at runTest (file:///Users/antonabyzov/Projects/github/specweave-umb/repositories/anton-abyzov/0874-bulk-request-memory/node_modules/@vitest/runner/dist/chunk-hooks.js:1574:12)
    at processTicksAndRejections (node:internal/process/task_queues:105:5)
    at runSuite (file:///Users/antonabyzov/Projects/github/specweave-umb/repositories/anton-abyzov/0874-bulk-request-memory/node_modules/@vitest/runner/dist/chunk-hooks.js:1729:8)
    at runSuite (file:///Users/antonabyzov/Projects/github/specweave-umb/repositories/anton-abyzov/0874-bulk-request-memory/node_modules/@vitest/runner/dist/chunk-hooks.js:1729:8)

stderr | src/lib/__tests__/crawl-dispatch.test.ts > crawl-dispatch > TC-010: respects rate limit
Crawl dispatch rate limited for source: github-skills

stderr | src/lib/__tests__/crawl-dispatch.test.ts > crawl-dispatch > TC-011: falls back to getCloudflareContext when no explicit env
Crawl dispatch failed for source github-skills: Error: Connection refused
    at /Users/antonabyzov/Projects/github/specweave-umb/repositories/anton-abyzov/0874-intake-identity/src/lib/__tests__/crawl-dispatch.test.ts:88:33
    at file:///Users/antonabyzov/Projects/github/specweave-umb/repositories/anton-abyzov/0874-bulk-request-memory/node_modules/@vitest/runner/dist/chunk-hooks.js:155:11
    at file:///Users/antonabyzov/Projects/github/specweave-umb/repositories/anton-abyzov/0874-bulk-request-memory/node_modules/@vitest/runner/dist/chunk-hooks.js:752:26
    at file:///Users/antonabyzov/Projects/github/specweave-umb/repositories/anton-abyzov/0874-bulk-request-memory/node_modules/@vitest/runner/dist/chunk-hooks.js:1897:20
    at new Promise (<anonymous>)
    at runWithTimeout (file:///Users/antonabyzov/Projects/github/specweave-umb/repositories/anton-abyzov/0874-bulk-request-memory/node_modules/@vitest/runner/dist/chunk-hooks.js:1863:10)
    at runTest (file:///Users/antonabyzov/Projects/github/specweave-umb/repositories/anton-abyzov/0874-bulk-request-memory/node_modules/@vitest/runner/dist/chunk-hooks.js:1574:12)
    at processTicksAndRejections (node:internal/process/task_queues:105:5)
    at runSuite (file:///Users/antonabyzov/Projects/github/specweave-umb/repositories/anton-abyzov/0874-bulk-request-memory/node_modules/@vitest/runner/dist/chunk-hooks.js:1729:8)
    at runSuite (file:///Users/antonabyzov/Projects/github/specweave-umb/repositories/anton-abyzov/0874-bulk-request-memory/node_modules/@vitest/runner/dist/chunk-hooks.js:1729:8)

stderr | src/lib/__tests__/crawl-dispatch.test.ts > crawl-dispatch > TC-012: silently returns when no workers configured
No crawl workers configured or missing SCANNER_WORKER_SECRET

 ✓ src/lib/submission/__tests__/state-history.test.ts (7 tests) 5ms
 ✓ src/lib/__tests__/crawl-dispatch.test.ts (6 tests) 29ms
 ✓ src/lib/cron/__tests__/eval-regression.test.ts (7 tests) 9ms
 ✓ src/db/dedup/resolve.test.ts (15 tests) 6ms
stdout | src/lib/queue/__tests__/recovery.scanning.test.ts > releaseStuckScanning > resets a first-time stuck item back to RECEIVED with trigger='scanner_timeout'
[release-scanning] scanned=1 released=1 rejected=0

stdout | src/lib/queue/__tests__/recovery.scanning.test.ts > releaseStuckScanning > rejects after 3 prior releases with trigger='scanner_timeout_max_retries'
[release-scanning] scanned=1 released=0 rejected=1

stdout | src/lib/queue/__tests__/recovery.scanning.test.ts > releaseStuckScanning > caps processing at 100 items per call
[release-scanning] scanned=100 released=100 rejected=0

stderr | src/lib/queue/__tests__/recovery.scanning.test.ts > releaseStuckScanning > no-ops when DB circuit breaker is open
[release-scanning] DB circuit open — skipping

 ✓ src/lib/queue/__tests__/recovery.scanning.test.ts (5 tests) 9ms
 ✓ src/lib/__tests__/rate-limit.test.ts (4 tests) 8ms
 ✓ src/lib/crawler/__tests__/discovery-dedup.test.ts (6 tests) 6ms
stderr | src/lib/cron/__tests__/queue-list-warmup.test.ts > warmQueueListCache > counts per-filter errors into `failed` but still processes remaining filters
[cron] queue list warmup failed for filter=published: DB down

 ✓ src/lib/cron/__tests__/queue-list-warmup.test.ts (9 tests) 13ms
 ✓ src/lib/queue/__tests__/skillmd-kv-store.test.ts (2 tests) 14ms
 ✓ scripts/__tests__/backfill-state-history.test.ts (9 tests) 26ms
 ✓ src/lib/webhook-handlers/__tests__/dispatch.test.ts (15 tests) 23ms
stderr | src/lib/submission/__tests__/upsert-requeue.test.ts > upsertSubmission — PUBLISHED + contentHash changed → requeue (T-002, AC-US1-02) > leaves state=PUBLISHED and returns verified when queue.send throws (0705 F-005)
[upsertSubmission] queue.send failed for sub_existing; leaving row PUBLISHED: Queue offline

 ✓ src/lib/submission/__tests__/upsert-requeue.test.ts (8 tests) 9ms
stderr | src/lib/cron/__tests__/queue-stats-refresh.ensure-fresh.test.ts > ensureFreshStats > preserves the prior KV payload when DB query fails
[ensure-fresh-stats] minimal count query failed — leaving prior KV in place: Neon timeout

stderr | src/lib/cron/__tests__/queue-stats-refresh.ensure-fresh.test.ts > ensureFreshStats > falls back to prior avgScore when the inline avg query fails
[ensure-fresh-stats] skill stats query failed: Skill avg timeout

stderr | src/lib/cron/__tests__/queue-stats-refresh.ensure-fresh.test.ts > ensureFreshStats > falls back to 0 when avg query fails AND no prior snapshot exists
[ensure-fresh-stats] skill stats query failed: Skill avg timeout

stderr | src/lib/cron/__tests__/queue-stats-refresh.ensure-fresh.test.ts > ensureFreshStats > skips the SQL when the DB circuit breaker is open
[ensure-fresh-stats] DB circuit open — leaving stale KV in place

 ✓ src/lib/cron/__tests__/queue-stats-refresh.ensure-fresh.test.ts (8 tests) 19ms
stderr | src/lib/audit-log.test.ts > audit-log > does not throw when the DB write fails — failure is swallowed, telemetry only
audit_emit_failed: { action: 'auth.login', outcome: 'SUCCESS', err: 'postgres-down' }

 ✓ src/lib/audit-log.test.ts (6 tests) 10ms
 ✓ src/lib/__tests__/skill-path-validation.test.ts (72 tests) 25ms
 ✓ src/lib/__tests__/auth-cookies.test.ts (6 tests) 12ms
 ✓ src/lib/tenant-caps.test.ts (22 tests) 9ms
 ✓ src/lib/__tests__/repo-utils.test.ts (30 tests) 15ms
 ✓ src/lib/scanner/__tests__/dci-integration.test.ts (5 tests) 10ms
 ✓ src/workers/__tests__/poll-installations.test.ts (6 tests) 42ms
stderr | src/lib/skill-update/__tests__/outbox-reconciler.test.ts > reconcileOutbox (T-050) > picks rows older than 10s with publishedAt=null and publishAttempts<10
[metric] outbox.attempts-exceeded eventId=evt_01JZABCDEFGHJKMNPQRSTVWXYZ attempts=0

stderr | src/lib/skill-update/__tests__/outbox-reconciler.test.ts > reconcileOutbox (T-050) > invokes publishToUpdateHubWithEventId with the stored payload
[metric] outbox.attempts-exceeded eventId=evt_01JZABCDEFGHJKMNPQRSTVWXYZ attempts=0

stderr | src/lib/skill-update/__tests__/outbox-reconciler.test.ts > reconcileOutbox (T-050) > on success: sets publishedAt = now
[metric] outbox.attempts-exceeded eventId=evt_success attempts=0

stderr | src/lib/skill-update/__tests__/outbox-reconciler.test.ts > reconcileOutbox (T-050) > on failure: increments publishAttempts and stores lastAttemptErr
[metric] outbox.attempts-exceeded eventId=evt_fail attempts=2

stderr | src/lib/skill-update/__tests__/outbox-reconciler.test.ts > reconcileOutbox (T-050) > on thrown error: still increments publishAttempts and stores message
[metric] outbox.attempts-exceeded eventId=evt_throw attempts=0

stderr | src/lib/skill-update/__tests__/outbox-reconciler.test.ts > reconcileOutbox (T-050) > AC-US4-03: error logs include eventId for trace correlation
[metric] outbox.attempts-exceeded eventId=evt_correlation_check attempts=0

stderr | src/lib/skill-update/__tests__/outbox-reconciler.test.ts > reconcileOutbox (T-050) > processes a batch of stuck rows in order and aggregates results
[metric] outbox.attempts-exceeded eventId=evt_a attempts=0
[metric] outbox.attempts-exceeded eventId=evt_b attempts=0
[metric] outbox.attempts-exceeded eventId=evt_c attempts=0

 ✓ src/lib/skill-update/__tests__/outbox-reconciler.test.ts (13 tests) 45ms
 ✓ src/lib/cron/__tests__/grandfather-day-91-flip.test.ts (9 tests) 12ms
 ✓ scripts/__tests__/backfill-skill-version-ghosts.test.ts (24 tests) 10ms
 ✓ src/lib/scanner/__tests__/script-scanner.test.ts (8 tests) 42ms
 ✓ src/lib/trust/__tests__/taint-propagation.test.ts (10 tests) 9ms
 ✓ src/lib/__tests__/api-helpers.test.ts (46 tests) 10ms
 ✓ src/lib/cron/__tests__/grandfather-day-75-reminder.test.ts (8 tests) 34ms
 ✓ src/db/dedup/reconcile.test.ts (19 tests) 7ms
 ✓ src/lib/integrity/__tests__/tree-hash.test.ts (10 tests) 5ms
 ✓ src/db/dedup/apply-reconcile.test.ts (5 tests) 8ms
 ✓ src/lib/__tests__/discovery-enrichment.test.ts (2 tests) 5ms
 ✓ scripts/__tests__/0840-grandfather.test.ts (17 tests) 12ms
 ✓ src/lib/integrity/__tests__/canonical-hash.test.ts (11 tests) 13ms
 ✓ src/lib/__tests__/github-metrics.test.ts (4 tests) 7ms
 ✓ src/lib/eval/__tests__/comparator.test.ts (7 tests) 6ms
stderr | src/lib/github/__tests__/compare.test.ts > githubCompare > F-CR-2D response-shape validation > refetches when KV cache has a malformed entry (no `files` array)
[githubCompare] cache corrupt for key=compare:a/b:4f2285d...71a9132; refetching from GitHub

stderr | src/lib/github/__tests__/compare.test.ts > githubCompare > F-CR-2D response-shape validation > returns null when fetch response has `files` as non-array (silent UI bug guard)
[githubCompare] upstream response failed shape validation for a/b:4f2285d...71a9132

stderr | src/lib/github/__tests__/compare.test.ts > githubCompare > F-CR-2D response-shape validation > returns null when fetch response omits `files` entirely
[githubCompare] upstream response failed shape validation for a/b:4f2285d...71a9132

 ✓ src/lib/github/__tests__/compare.test.ts (25 tests) 16ms
 ✓ src/lib/__tests__/scanner-check-skillmd.test.ts (21 tests) 18098ms
   ✓ checkSkillMdExists > returns false (fail-closed) on network error  3012ms
   ✓ checkSkillMdExists > returns false (fail-closed) on timeout  3006ms
   ✓ checkSkillMdExistsTriState > returns {exists:false, transient:true} when rate-limited (429) on all attempts  3000ms
   ✓ checkSkillMdExistsTriState > returns {exists:false, transient:true} on a 5xx server error  3002ms
   ✓ checkSkillMdExistsTriState > returns {exists:false, transient:true} on a network timeout  3002ms
   ✓ checkSkillMdExistsTriState > checkSkillMdExists boolean wrapper still returns the .exists value  3005ms
 ✓ src/lib/__tests__/blocklist-upsert.test.ts (9 tests) 8ms
 ✓ src/lib/submission/__tests__/stage-timings.test.ts (6 tests) 4ms
 ✓ src/lib/trust/__tests__/provider-registry.test.ts (8 tests) 17ms
 ✓ src/lib/__tests__/frontmatter-parser.test.ts (21 tests) 9ms
 ✓ src/lib/stripe/client.test.ts (13 tests) 10ms
 ✓ src/lib/__tests__/data-failsoft.test.ts (4 tests) 7ms
 ✓ src/lib/__tests__/popularity-fetcher.test.ts (30 tests) 10ms
 ✓ src/lib/skills/__tests__/skill-validator.test.ts (18 tests) 8ms
 ✓ src/lib/trust/__tests__/trusted-orgs.test.ts (18 tests) 5ms
 ✓ src/lib/__tests__/repository-store.test.ts (8 tests) 7ms
 ✓ src/lib/__tests__/metric-utils.test.ts (33 tests) 9ms
 ✓ src/lib/submission/__tests__/synthetic-scan-result.test.ts (16 tests) 11ms
 ✓ src/lib/__tests__/external-scan-store.test.ts (13 tests) 5ms
 ✓ src/lib/pipeline/__tests__/submission-machine.test.ts (43 tests) 7ms
 ✓ src/lib/scanner/__tests__/dci-package-extractor.test.ts (19 tests) 7ms
 ✓ src/lib/scanner/__tests__/github-permalink.test.ts (16 tests) 36ms
 ✓ src/lib/__tests__/slug.test.ts (22 tests) 22ms
 ✓ src/lib/__tests__/scanner-fetch-repo-files.test.ts (7 tests) 9ms
 ✓ src/lib/studio/__tests__/rate-limit.test.ts (4 tests) 5ms
 ✓ src/lib/skill-update/__tests__/update-hub.test.ts (11 tests) 13ms
 ✓ src/lib/__tests__/security-report.test.ts (5 tests) 5ms
 ✓ src/lib/scanner/__tests__/extensibility-detector.test.ts (18 tests) 65ms
 ✓ src/lib/integrity/__tests__/semver.test.ts (21 tests) 8ms
 ✓ src/lib/__tests__/data-enrichment.test.ts (4 tests) 7ms
 ✓ src/lib/__tests__/tenant-subscription.test.ts (6 tests) 6ms
  ! error on bad: D1 unavailable
 ✓ scripts/__tests__/backfill-version-stamps.test.ts (5 tests) 8ms
 ✓ src/lib/trust/__tests__/provenance.test.ts (12 tests) 21ms
 ✓ src/lib/cron/seat-drift-reconciler.test.ts (9 tests) 20ms
 ✓ src/lib/__tests__/rate-limit-bypass.test.ts (9 tests) 8ms
 ✓ src/lib/cron/dedup-reconciler.test.ts (9 tests) 10ms
 ✓ src/lib/trust/__tests__/trust-score.test.ts (30 tests) 5ms
 ✓ src/lib/submission/__tests__/getSubmissionFull-publishedSkillName.test.ts (4 tests) 7ms
 ✓ src/remotion/__tests__/no-inline-hex.test.ts (2 tests) 18ms
 ✓ src/lib/__tests__/preferences.test.ts (17 tests) 6ms
 ✓ src/lib/repo-visibility.test.ts (9 tests) 5ms
 ✓ src/lib/__tests__/npm-extract.test.ts (19 tests) 4ms
 ✓ src/lib/eval/__tests__/eval-engine-v2.test.ts (9 tests) 7ms
 ✓ tests/integration/supply-chain-install-scripts.test.ts (10 tests) 7ms
 ✓ src/lib/queue/__tests__/dlq-consumer.test.ts (4 tests) 18ms
 ✓ src/lib/queue/__tests__/dlq-store.test.ts (8 tests) 7ms
 ✓ src/lib/__tests__/desktop-release.test.ts (18 tests) 9ms
 ✓ src/lib/__tests__/internal-auth.test.ts (4 tests) 5ms
 ✓ scripts/__tests__/build-worker-entry.test.ts (4 tests) 5ms
 ✓ src/lib/__tests__/schema-versioning-v2.test.ts (11 tests) 5ms
 ✓ src/remotion/scenes/studio/__tests__/script.test.ts (9 tests) 6ms
 ✓ src/lib/__tests__/skill-seo.test.ts (11 tests) 5ms
 ✓ src/test-fixtures/studio-search.handlers.test.ts (7 tests) 5ms
 ✓ src/lib/__tests__/data.versions.test.ts (2 tests) 14ms
 ✓ src/lib/crawler/__tests__/discovery-ttl.test.ts (6 tests) 4ms
 ✓ src/lib/scanner/__tests__/group-findings.test.ts (13 tests) 6ms
 ✓ src/lib/skill-update/__tests__/outbox-reconciler-slug.test.ts (1 test) 5ms
 ✓ src/lib/__tests__/orphan-cleanup.test.ts (7 tests) 7ms
 ✓ src/lib/search-index/__tests__/mark-dirty.test.ts (4 tests) 8ms
 ✓ src/lib/__tests__/scan-breakdown.test.ts (8 tests) 4ms
 ✓ src/lib/eval/__tests__/model-registry.test.ts (14 tests) 30ms
 ✓ scripts/migrations/__tests__/0673-survivor-selection.test.ts (5 tests) 5ms
 ✓ src/db/dedup/repo-identity.test.ts (8 tests) 5ms
 ✓ src/lib/__tests__/stale-received-threshold.test.ts (2 tests) 14ms
 ✓ scripts/__tests__/generate-vtt.test.ts (8 tests) 7ms
 ✓ src/lib/diff/__tests__/parse-unified-patch.test.ts (8 tests) 5ms
 ✓ src/lib/eval/__tests__/variance-analyzer.test.ts (7 tests) 19ms
 ✓ src/remotion/scene-kit/__tests__/tokens.test.ts (5 tests) 3ms
 ✓ src/lib/eval/__tests__/usefulness.test.ts (26 tests) 5ms
 ✓ src/lib/__tests__/submission-state-styles.test.ts (4 tests) 12ms
 ✓ src/lib/skill-md/__tests__/inject-version-if-missing.test.ts (8 tests) 8ms
 ✓ src/lib/learn/__tests__/voiceover-size.test.ts (11 tests) 5ms
 ✓ scripts/__tests__/generate-voiceover.test.ts (11 tests) 10ms
 ✓ src/lib/studio/__tests__/lru.test.ts (5 tests) 5ms
 ✓ src/lib/__tests__/migration-versioning-mode-default-author.test.ts (4 tests) 5ms
 ✓ src/lib/skill-update/__tests__/update-hub.idempotency.test.ts (3 tests) 5ms
 ✓ src/lib/queue/__tests__/flush-db-updates.test.ts (3 tests) 4ms
 ✓ src/lib/__tests__/event-bus.test.ts (10 tests) 5ms
 ✓ src/lib/alerts/__tests__/digest.test.ts (3 tests) 3ms
 ✓ src/lib/alerts/__tests__/aggregate-deadman.test.ts (7 tests) 10ms
 ✓ src/lib/__tests__/blocklist-check.test.ts (5 tests) 6ms
 ✓ src/lib/__tests__/trending-formula.test.ts (5 tests) 3ms
 ✓ src/lib/stripe/tier-flip.test.ts (27 tests) 5ms
 ✓ src/lib/__tests__/submission-categories.test.ts (10 tests) 6ms
 ✓ src/lib/__tests__/repo-health-store.test.ts (4 tests) 4ms
 ✓ src/lib/skill-update/__tests__/publish-client.test.ts (3 tests) 4ms
 ✓ src/lib/__tests__/agent-branding.test.ts (3 tests) 3ms
 ✓ src/lib/eval/__tests__/rubric-scorer.test.ts (5 tests) 4ms
 ✓ src/__tests__/docs-search-palette-sanitize.test.ts (11 tests) 9ms
 ✓ src/lib/eval/__tests__/verdict-v2.test.ts (8 tests) 3ms
 ✓ src/lib/scanner/__tests__/threat-type-mapper.test.ts (10 tests) 4ms
 ✓ src/db/dedup/registry-alias.test.ts (11 tests) 37ms
 ✓ src/lib/stripe/coupons.test.ts (9 tests) 4ms
 ✓ src/lib/org-access.test.ts (5 tests) 4ms
 ✓ src/lib/with-tenant.test.ts (5 tests) 3ms
 ✓ scripts/migrations/__tests__/0673-prod-guard.test.ts (5 tests) 6ms
 ✓ src/lib/__tests__/catalog-db-strict-wiring.test.ts (3 tests) 3ms
 ✓ src/lib/eval/__tests__/types.test.ts (7 tests) 3ms
 ✓ src/lib/__tests__/token-rotator.test.ts (7 tests) 11ms
 ✓ src/lib/integrity/__tests__/tree-hash-contract.test.ts (2 tests) 13ms
 ✓ src/lib/crawler/__tests__/token-rotation.test.ts (9 tests) 28ms
 ✓ src/__tests__/account-tokens-format-expiry.test.ts (8 tests) 4ms
 ✓ src/lib/skill-update/__tests__/skill-name.test.ts (7 tests) 3ms
 ✓ src/lib/crypto/__tests__/timing-safe-equal.test.ts (7 tests) 3ms
 ✓ src/lib/__tests__/skill-version-content.test.ts (3 tests) 4ms
 ✓ src/lib/lockdown-error.test.ts (6 tests) 23ms
 ✓ src/lib/cron/__tests__/cohort-dispatch.test.ts (7 tests) 3ms
 ✓ src/lib/tenant-rate-headers.test.ts (4 tests) 2ms
 ✓ src/lib/queue/__tests__/types.test.ts (1 test) 2ms
 ✓ src/lib/__tests__/format.test.ts (3 tests) 3ms
 ✓ src/lib/__tests__/worker-context.test.ts (2 tests) 3ms
 ✓ src/lib/crawler/__tests__/github-discovery-no-commands.test.ts (3 tests) 3ms
 ✓ scripts/migrations/__tests__/0673-cleanup.resume.test.ts (5 tests | 4 skipped) 3ms
 ↓ scripts/migrations/__tests__/0672-collapse.int.test.ts (2 tests | 2 skipped)
 ✓ src/lib/queue/__tests__/queue-stats-cache.timeout.test.ts (1 test) 2ms
 ↓ src/lib/submission/__tests__/upsert-concurrency.int.test.ts (1 test | 1 skipped)
 ↓ scripts/migrations/__tests__/0672-restore.int.test.ts (3 tests | 3 skipped)
 ↓ scripts/migrations/__tests__/0673-cleanup.int.test.ts (2 tests | 2 skipped)

 Test Files  638 passed | 4 skipped (642)
      Tests  6044 passed | 14 skipped (6058)
   Start at  18:54:26
   Duration  66.07s (transform 27.14s, setup 173.08s, collect 93.95s, tests 137.17s, environment 319.94s, prepare 68.72s)

