2026-09-22T05:20:10.8245093Z Current runner version: '2.337.0'
2026-09-22T05:20:10.8268434Z ##[group]Runner Image Provisioner
2026-09-22T05:20:10.8269224Z Hosted Compute Agent
2026-09-22T05:20:10.8269835Z Version: 20260828.587
2026-09-22T05:20:10.8270559Z Commit: abac92662cab4cc7352de4f9f9d2e2419aad9c29
2026-09-22T05:20:10.8271488Z Build Date: 2026-08-28T16:44:25Z
2026-09-22T05:20:10.8272123Z Worker ID: {b04b306e-40fd-41bd-8b66-2515812fc442}
2026-09-22T05:20:10.8272772Z Azure Region: centralus
2026-09-22T05:20:10.8273322Z ##[endgroup]
2026-09-22T05:20:10.8276077Z ##[group]Operating System
2026-09-22T05:20:10.8277042Z Ubuntu
2026-09-22T05:20:10.8277537Z 24.04.5
2026-09-22T05:20:10.8278000Z LTS
2026-09-22T05:20:10.8278504Z ##[endgroup]
2026-09-22T05:20:10.8278997Z ##[group]Runner Image
2026-09-22T05:20:10.8279534Z Image: ubuntu-24.04
2026-09-22T05:20:10.8280081Z Version: 20260907.300.1
2026-09-22T05:20:10.8281212Z Included Software: https://github.com/actions/runner-images/blob/ubuntu24/20260907.300/images/ubuntu/Ubuntu2404-Readme.md
2026-09-22T05:20:10.8282753Z Image Release: https://github.com/actions/runner-images/releases/tag/ubuntu24%2F20260907.300
2026-09-22T05:20:10.8283617Z ##[endgroup]
2026-09-22T05:20:10.8286574Z ##[group]GITHUB_TOKEN Permissions
2026-09-22T05:20:10.8289344Z Actions: write
2026-09-22T05:20:10.8289922Z ArtifactMetadata: write
2026-09-22T05:20:10.8290479Z Attestations: write
2026-09-22T05:20:10.8291053Z Checks: write
2026-09-22T05:20:10.8291556Z CodeQuality: write
2026-09-22T05:20:10.8292047Z Contents: write
2026-09-22T05:20:10.8292642Z CopilotRequests: write
2026-09-22T05:20:10.8293177Z Deployments: write
2026-09-22T05:20:10.8293699Z Discussions: write
2026-09-22T05:20:10.8294285Z Drives: write
2026-09-22T05:20:10.8294789Z Issues: write
2026-09-22T05:20:10.8295350Z Metadata: read
2026-09-22T05:20:10.8295922Z Models: read
2026-09-22T05:20:10.8296678Z Packages: write
2026-09-22T05:20:10.8297447Z Pages: write
2026-09-22T05:20:10.8297942Z PullRequests: write
2026-09-22T05:20:10.8298555Z RepositoryProjects: write
2026-09-22T05:20:10.8299133Z SecurityEvents: write
2026-09-22T05:20:10.8299695Z Statuses: write
2026-09-22T05:20:10.8300212Z VulnerabilityAlerts: read
2026-09-22T05:20:10.8300778Z ##[endgroup]
2026-09-22T05:20:10.8303037Z Secret source: Actions
2026-09-22T05:20:10.8303877Z Cache mode: write
2026-09-22T05:20:10.8304771Z Prepare workflow directory
2026-09-22T05:20:10.8674901Z Prepare all required actions
2026-09-22T05:20:10.8724480Z Getting action download info
2026-09-22T05:20:11.1252703Z Download action repository 'actions/checkout@v4' (SHA:11d5960a326750d5838078e36cf38b85af677262)
2026-09-22T05:20:11.2882226Z Complete job name: unit
2026-09-22T05:20:11.3572147Z Node 20 is being deprecated. This workflow is running with Node 24 by default. If you need to temporarily use Node 20, you can set the ACTIONS_ALLOW_USE_UNSECURE_NODE_VERSION=true environment variable. For more information see: https://github.blog/changelog/2025-09-19-deprecation-of-node-20-on-github-actions-runners/
2026-09-22T05:20:11.3581229Z ##[group]Run actions/checkout@v4
2026-09-22T05:20:11.3582007Z with:
2026-09-22T05:20:11.3582650Z   repository: anton-abyzov/specweave
2026-09-22T05:20:11.3586245Z   token: ***
2026-09-22T05:20:11.3586832Z   ssh-strict: true
2026-09-22T05:20:11.3587350Z   ssh-user: git
2026-09-22T05:20:11.3587861Z   persist-credentials: true
2026-09-22T05:20:11.3588402Z   clean: true
2026-09-22T05:20:11.3588927Z   sparse-checkout-cone-mode: true
2026-09-22T05:20:11.3589460Z   fetch-depth: 1
2026-09-22T05:20:11.3589952Z   fetch-tags: false
2026-09-22T05:20:11.3590454Z   show-progress: true
2026-09-22T05:20:11.3590941Z   lfs: false
2026-09-22T05:20:11.3591497Z   submodules: false
2026-09-22T05:20:11.3592014Z   set-safe-directory: true
2026-09-22T05:20:11.3592602Z   allow-unsafe-pr-checkout: false
2026-09-22T05:20:11.3593480Z env:
2026-09-22T05:20:11.3593959Z   PWDEBUG: 0
2026-09-22T05:20:11.3594427Z   PLAYWRIGHT_HTML_OPEN: never
2026-09-22T05:20:11.3594931Z ##[endgroup]
2026-09-22T05:20:11.4730257Z Syncing repository: anton-abyzov/specweave
2026-09-22T05:20:11.4732456Z ##[group]Getting Git version info
2026-09-22T05:20:11.4733133Z Working directory is '/home/runner/work/specweave/specweave'
2026-09-22T05:20:11.4734146Z [command]/usr/bin/git version
2026-09-22T05:20:11.4773938Z git version 2.55.0
2026-09-22T05:20:11.4793395Z ##[endgroup]
2026-09-22T05:20:11.4805618Z Temporarily overriding HOME='/home/runner/work/_temp/9d48ddb7-e698-44fc-b1be-23d0de6b2fe1' before making global git config changes
2026-09-22T05:20:11.4807771Z Adding repository directory to the temporary git global config as a safe directory
2026-09-22T05:20:11.4811109Z [command]/usr/bin/git config --global --add safe.directory /home/runner/work/specweave/specweave
2026-09-22T05:20:11.4854773Z Deleting the contents of '/home/runner/work/specweave/specweave'
2026-09-22T05:20:11.4858105Z ##[group]Initializing the repository
2026-09-22T05:20:11.4862052Z [command]/usr/bin/git init /home/runner/work/specweave/specweave
2026-09-22T05:20:11.4939798Z hint: Using 'master' as the name for the initial branch. This default branch name
2026-09-22T05:20:11.4941501Z hint: will change to "main" in Git 3.0. To configure the initial branch name
2026-09-22T05:20:11.4943100Z hint: to use in all of your new repositories, which will suppress this warning,
2026-09-22T05:20:11.4944287Z hint: call:
2026-09-22T05:20:11.4944908Z hint:
2026-09-22T05:20:11.4945725Z hint: 	git config --global init.defaultBranch <name>
2026-09-22T05:20:11.4946916Z hint:
2026-09-22T05:20:11.4947883Z hint: Names commonly chosen instead of 'master' are 'main', 'trunk' and
2026-09-22T05:20:11.4949443Z hint: 'development'. The just-created branch can be renamed via this command:
2026-09-22T05:20:11.4951791Z hint:
2026-09-22T05:20:11.4952490Z hint: 	git branch -m <name>
2026-09-22T05:20:11.4953255Z hint:
2026-09-22T05:20:11.4954215Z hint: Disable this message with "git config set advice.defaultBranchName false"
2026-09-22T05:20:11.4955884Z Initialized empty Git repository in /home/runner/work/specweave/specweave/.git/
2026-09-22T05:20:11.4958727Z [command]/usr/bin/git remote add origin https://github.com/anton-abyzov/specweave
2026-09-22T05:20:11.4993008Z ##[endgroup]
2026-09-22T05:20:11.4994272Z ##[group]Disabling automatic garbage collection
2026-09-22T05:20:11.4997592Z [command]/usr/bin/git config --local gc.auto 0
2026-09-22T05:20:11.5022586Z ##[endgroup]
2026-09-22T05:20:11.5023542Z ##[group]Setting up auth
2026-09-22T05:20:11.5028277Z [command]/usr/bin/git config --local --name-only --get-regexp core\.sshCommand
2026-09-22T05:20:11.5054839Z [command]/usr/bin/git submodule foreach --recursive sh -c "git config --local --name-only --get-regexp 'core\.sshCommand' && git config --local --unset-all 'core.sshCommand' || :"
2026-09-22T05:20:11.5337810Z [command]/usr/bin/git config --local --name-only --get-regexp http\.https\:\/\/github\.com\/\.extraheader
2026-09-22T05:20:11.5362845Z [command]/usr/bin/git submodule foreach --recursive sh -c "git config --local --name-only --get-regexp 'http\.https\:\/\/github\.com\/\.extraheader' && git config --local --unset-all 'http.https://github.com/.extraheader' || :"
2026-09-22T05:20:11.5537234Z [command]/usr/bin/git config --local --name-only --get-regexp ^includeIf\.gitdir:
2026-09-22T05:20:11.5562629Z [command]/usr/bin/git submodule foreach --recursive git config --local --show-origin --name-only --get-regexp remote.origin.url
2026-09-22T05:20:11.5737822Z [command]/usr/bin/git config --local http.https://github.com/.extraheader AUTHORIZATION: basic ***
2026-09-22T05:20:11.5765510Z ##[endgroup]
2026-09-22T05:20:11.5766718Z ##[group]Fetching the repository
2026-09-22T05:20:11.5775267Z [command]/usr/bin/git -c protocol.version=2 fetch --no-tags --prune --no-recurse-submodules --depth=1 origin +e61acfcd3bd2c2ffefb56845781ff1ad8ecd128b:refs/remotes/pull/1953/merge
2026-09-22T05:20:12.6147902Z From https://github.com/anton-abyzov/specweave
2026-09-22T05:20:12.6150754Z  * [new ref]         e61acfcd3bd2c2ffefb56845781ff1ad8ecd128b -> pull/1953/merge
2026-09-22T05:20:12.6154880Z ##[endgroup]
2026-09-22T05:20:12.6156868Z ##[group]Determining the checkout info
2026-09-22T05:20:12.6158919Z ##[endgroup]
2026-09-22T05:20:12.6193563Z [command]/usr/bin/git sparse-checkout disable
2026-09-22T05:20:12.6238219Z [command]/usr/bin/git config --local --unset-all extensions.worktreeConfig
2026-09-22T05:20:12.6265985Z ##[group]Checking out the ref
2026-09-22T05:20:12.6269006Z [command]/usr/bin/git checkout --progress --force refs/remotes/pull/1953/merge
2026-09-22T05:20:12.8447231Z Note: switching to 'refs/remotes/pull/1953/merge'.
2026-09-22T05:20:12.8447803Z 
2026-09-22T05:20:12.8448269Z You are in 'detached HEAD' state. You can look around, make experimental
2026-09-22T05:20:12.8449194Z changes and commit them, and you can discard any commits you make in this
2026-09-22T05:20:12.8449865Z state without impacting any branches by switching back to a branch.
2026-09-22T05:20:12.8450185Z 
2026-09-22T05:20:12.8450425Z If you want to create a new branch to retain commits you create, you may
2026-09-22T05:20:12.8450950Z do so (now or later) by using -c with the switch command. Example:
2026-09-22T05:20:12.8451249Z 
2026-09-22T05:20:12.8451405Z   git switch -c <new-branch-name>
2026-09-22T05:20:12.8451607Z 
2026-09-22T05:20:12.8451757Z Or undo this operation with:
2026-09-22T05:20:12.8451950Z 
2026-09-22T05:20:12.8452081Z   git switch -
2026-09-22T05:20:12.8452244Z 
2026-09-22T05:20:12.8452509Z Turn off this advice by setting config variable advice.detachedHead to false
2026-09-22T05:20:12.8452829Z 
2026-09-22T05:20:12.8453391Z HEAD is now at e61acfc Merge c8fbd8c16cee0dd6b83fb7353d889fdb73e5eabc into 5728b69a08ca41f10c10f2143f3751a907434e61
2026-09-22T05:20:12.8458795Z ##[endgroup]
2026-09-22T05:20:12.8495313Z [command]/usr/bin/git log -1 --format=%H
2026-09-22T05:20:12.8514251Z e61acfcd3bd2c2ffefb56845781ff1ad8ecd128b
2026-09-22T05:20:12.8788129Z Prepare all required actions
2026-09-22T05:20:12.8788799Z Getting action download info
2026-09-22T05:20:12.9719186Z Download action repository 'actions/setup-node@v6' (SHA:249970729cb0ef3589644e2896645e5dc5ba9c38)
2026-09-22T05:20:13.0938481Z ##[group]Run ./.github/actions/setup-and-build
2026-09-22T05:20:13.0938859Z with:
2026-09-22T05:20:13.0939110Z   node-version: 22.x
2026-09-22T05:20:13.0939384Z   skip-build: false
2026-09-22T05:20:13.0939648Z env:
2026-09-22T05:20:13.0939872Z   PWDEBUG: 0
2026-09-22T05:20:13.0940120Z   PLAYWRIGHT_HTML_OPEN: never
2026-09-22T05:20:13.0940396Z ##[endgroup]
2026-09-22T05:20:13.1001954Z ##[start-action display=Setup Node.js;id=__self.__actions_setup-node]
2026-09-22T05:20:13.1098148Z ##[group]Run actions/setup-node@v6
2026-09-22T05:20:13.1098523Z with:
2026-09-22T05:20:13.1098778Z   node-version: 22.x
2026-09-22T05:20:13.1099034Z   cache: npm
2026-09-22T05:20:13.1099285Z   check-latest: false
2026-09-22T05:20:13.1101660Z   token: ***
2026-09-22T05:20:13.1101992Z   package-manager-cache: true
2026-09-22T05:20:13.1102273Z env:
2026-09-22T05:20:13.1102500Z   PWDEBUG: 0
2026-09-22T05:20:13.1102746Z   PLAYWRIGHT_HTML_OPEN: never
2026-09-22T05:20:13.1103023Z ##[endgroup]
2026-09-22T05:20:13.2442680Z Found in cache @ /opt/hostedtoolcache/node/22.23.2/x64
2026-09-22T05:20:13.2445412Z ##[group]Environment details
2026-09-22T05:20:13.6030754Z node: v22.23.2
2026-09-22T05:20:13.6031263Z npm: 10.9.8
2026-09-22T05:20:13.6031553Z yarn: 1.22.22
2026-09-22T05:20:13.6032514Z ##[endgroup]
2026-09-22T05:20:13.6049826Z [command]/opt/hostedtoolcache/node/22.23.2/x64/bin/npm config get cache
2026-09-22T05:20:13.7084081Z /home/runner/.npm
2026-09-22T05:20:13.8483603Z Cache hit for: node-cache-Linux-x64-npm-e7b90dd53e2ca65817860eca4818dd273ccf63ab402a60ab264042b4c905462e
2026-09-22T05:20:15.0148142Z Received 130023424 of 173029532 (75.1%), 124.0 MBs/sec
2026-09-22T05:20:15.3083696Z Received 173029532 of 173029532 (100.0%), 127.5 MBs/sec
2026-09-22T05:20:15.3084603Z Cache Size: ~165 MB (173029532 B)
2026-09-22T05:20:15.3118764Z [command]/usr/bin/tar -xf /home/runner/work/_temp/cf07b71b-7289-4f3c-9877-b9270c1615ce/cache.tzst -P -C /home/runner/work/specweave/specweave --use-compress-program unzstd
2026-09-22T05:20:15.8303180Z Cache restored successfully
2026-09-22T05:20:15.9084279Z Cache restored from key: node-cache-Linux-x64-npm-e7b90dd53e2ca65817860eca4818dd273ccf63ab402a60ab264042b4c905462e
2026-09-22T05:20:15.9189893Z ##[end-action id=__self.__actions_setup-node;outcome=success;conclusion=success;duration_ms=2818]
2026-09-22T05:20:15.9193247Z ##[start-action display=Install dependencies (no install scripts);id=__self.__run]
2026-09-22T05:20:15.9232177Z ##[group]Run npm ci --ignore-scripts
2026-09-22T05:20:15.9232616Z npm ci --ignore-scripts
2026-09-22T05:20:15.9273982Z shell: /usr/bin/bash --noprofile --norc -e -o pipefail {0}
2026-09-22T05:20:15.9274351Z env:
2026-09-22T05:20:15.9274560Z   PWDEBUG: 0
2026-09-22T05:20:15.9274790Z   PLAYWRIGHT_HTML_OPEN: never
2026-09-22T05:20:15.9275065Z ##[endgroup]
2026-09-22T05:20:19.1065802Z npm warn deprecated @types/open@6.2.1: This is a stub types definition. open provides its own type definitions, so you do not need this installed.
2026-09-22T05:20:19.1068513Z npm warn deprecated @types/handlebars@4.1.0: This is a stub types definition. handlebars provides its own type definitions, so you do not need this installed.
2026-09-22T05:20:20.9078163Z npm warn deprecated puppeteer@23.11.1: < 24.15.0 is no longer supported
2026-09-22T05:20:24.3447324Z 
2026-09-22T05:20:24.3448235Z added 706 packages in 8s
2026-09-22T05:20:24.4035487Z ##[end-action id=__self.__run;outcome=success;conclusion=success;duration_ms=8484]
2026-09-22T05:20:24.4038108Z ##[start-action display=Rebuild allowlisted native deps;id=__self.__run_2]
2026-09-22T05:20:24.4054439Z ##[group]Run npm run setup
2026-09-22T05:20:24.4054732Z npm run setup
2026-09-22T05:20:24.4075995Z shell: /usr/bin/bash --noprofile --norc -e -o pipefail {0}
2026-09-22T05:20:24.4076911Z env:
2026-09-22T05:20:24.4077140Z   PWDEBUG: 0
2026-09-22T05:20:24.4077361Z   PLAYWRIGHT_HTML_OPEN: never
2026-09-22T05:20:24.4077610Z ##[endgroup]
2026-09-22T05:20:24.5042565Z 
2026-09-22T05:20:24.5043756Z > specweave@2.3.0 setup
2026-09-22T05:20:24.5044544Z > npm rebuild --ignore-scripts=false esbuild
2026-09-22T05:20:24.5045000Z 
2026-09-22T05:20:24.9775506Z rebuilt dependencies successfully
2026-09-22T05:20:24.9895101Z ##[end-action id=__self.__run_2;outcome=success;conclusion=success;duration_ms=585]
2026-09-22T05:20:24.9899233Z ##[start-action display=Build project;id=__self.__run_3]
2026-09-22T05:20:24.9932798Z ##[group]Run npm run rebuild
2026-09-22T05:20:24.9933308Z npm run rebuild
2026-09-22T05:20:24.9965091Z shell: /usr/bin/bash --noprofile --norc -e -o pipefail {0}
2026-09-22T05:20:24.9965724Z env:
2026-09-22T05:20:24.9966073Z   PWDEBUG: 0
2026-09-22T05:20:24.9966552Z   PLAYWRIGHT_HTML_OPEN: never
2026-09-22T05:20:24.9967075Z ##[endgroup]
2026-09-22T05:20:25.0914716Z 
2026-09-22T05:20:25.0915482Z > specweave@2.3.0 rebuild
2026-09-22T05:20:25.0916142Z > npm run clean && npm run build
2026-09-22T05:20:25.0916574Z 
2026-09-22T05:20:25.1840513Z 
2026-09-22T05:20:25.1841280Z > specweave@2.3.0 clean
2026-09-22T05:20:25.1841937Z > rm -rf dist/
2026-09-22T05:20:25.1842329Z 
2026-09-22T05:20:25.2797700Z 
2026-09-22T05:20:25.2798485Z > specweave@2.3.0 build
2026-09-22T05:20:25.2800206Z > tsc && npm run build:dashboard && npm run copy:locales && npm run copy:plugins && npm run copy:hook-deps && npm run copy:adapters && npm run stamp:plugin-version
2026-09-22T05:20:25.2801347Z 
2026-09-22T05:20:40.5268717Z 
2026-09-22T05:20:40.5269460Z > specweave@2.3.0 build:dashboard
2026-09-22T05:20:40.5270318Z > npx vite build --config src/dashboard/client/vite.config.ts
2026-09-22T05:20:40.5270775Z 
2026-09-22T05:20:41.0401968Z vite v7.3.6 building client environment for production...
2026-09-22T05:20:41.1091476Z transforming...
2026-09-22T05:20:42.5081024Z ✓ 84 modules transformed.
2026-09-22T05:20:42.7227824Z rendering chunks...
2026-09-22T05:20:42.7326883Z computing gzip size...
2026-09-22T05:20:42.7454072Z ../../../dist/dashboard/index.html                      0.60 kB │ gzip:   0.40 kB
2026-09-22T05:20:42.7456128Z ../../../dist/dashboard/assets/web-6-CuVUMDWO.woff2     5.54 kB
2026-09-22T05:20:42.7457821Z ../../../dist/dashboard/assets/web-3-tuJ4lY6O.woff2     9.61 kB
2026-09-22T05:20:42.7459243Z ../../../dist/dashboard/assets/web-9-CjmLAiqB.woff2    11.85 kB
2026-09-22T05:20:42.7460709Z ../../../dist/dashboard/assets/web-7-B2O-dwcv.woff2    15.25 kB
2026-09-22T05:20:42.7462142Z ../../../dist/dashboard/assets/web-2-Cuw1d432.woff2    16.30 kB
2026-09-22T05:20:42.7463685Z ../../../dist/dashboard/assets/web-0-CXU3YvQl.woff2    19.68 kB
2026-09-22T05:20:42.7465107Z ../../../dist/dashboard/assets/web-8-b0I-AwbV.woff2    24.41 kB
2026-09-22T05:20:42.7466695Z ../../../dist/dashboard/assets/web-1-CnEgTPdE.woff2    25.41 kB
2026-09-22T05:20:42.7468067Z ../../../dist/dashboard/assets/web-4-KUPCjGsn.woff2    25.87 kB
2026-09-22T05:20:42.7469456Z ../../../dist/dashboard/assets/web-10-ppjp2k5c.woff2   36.33 kB
2026-09-22T05:20:42.7471007Z ../../../dist/dashboard/assets/web-5-BD64o3ke.woff2    40.24 kB
2026-09-22T05:20:42.7472479Z ../../../dist/dashboard/assets/web-11-T5L87s1n.woff2   58.15 kB
2026-09-22T05:20:42.7474454Z ../../../dist/dashboard/assets/index-DS3yH-sX.css      82.61 kB │ gzip:  14.26 kB
2026-09-22T05:20:42.7476243Z ../../../dist/dashboard/assets/index-DjfDqgzX.js      442.77 kB │ gzip: 122.46 kB
2026-09-22T05:20:42.7494651Z ✓ built in 1.68s
2026-09-22T05:20:42.8702878Z 
2026-09-22T05:20:42.8703715Z > specweave@2.3.0 copy:locales
2026-09-22T05:20:42.8704327Z > node scripts/build/copy-locales.js
2026-09-22T05:20:42.8704667Z 
2026-09-22T05:20:42.9002592Z ✓ Locales copied successfully
2026-09-22T05:20:42.9933072Z 
2026-09-22T05:20:42.9933685Z > specweave@2.3.0 copy:plugins
2026-09-22T05:20:42.9934137Z > node scripts/build/copy-plugin-js.js
2026-09-22T05:20:42.9934336Z 
2026-09-22T05:20:43.0303791Z 📦 Transpiling plugin TypeScript files with esbuild...
2026-09-22T05:21:08.9768953Z ✓ Transpiled 113 plugin files (0 skipped, already up-to-date)
2026-09-22T05:21:09.0764231Z 
2026-09-22T05:21:09.0764906Z > specweave@2.3.0 copy:hook-deps
2026-09-22T05:21:09.0765635Z > node scripts/build/copy-hook-dependencies.js
2026-09-22T05:21:09.0765942Z 
2026-09-22T05:21:09.1064979Z 🔧 Copying hook dependencies to plugin vendor directories...
2026-09-22T05:21:09.1065356Z 
2026-09-22T05:21:09.1067371Z 
2026-09-22T05:21:09.1067807Z 📦 Copying dependencies for plugin: specweave
2026-09-22T05:21:09.1121578Z    ✅ Copied: core/increment/ac-status-manager.js
2026-09-22T05:21:09.1135467Z    ✅ Copied: core/increment/active-increment-manager.js
2026-09-22T05:21:09.1144962Z    ✅ Copied: core/increment/auto-transition-manager.js
2026-09-22T05:21:09.1152396Z    ✅ Copied: core/increment/duplicate-detector.js
2026-09-22T05:21:09.1163280Z    ✅ Copied: core/increment/metadata-manager.js
2026-09-22T05:21:09.1172743Z    ✅ Copied: core/increment/status-auto-transition.js
2026-09-22T05:21:09.1184919Z    ✅ Copied: core/types/increment-metadata.js
2026-09-22T05:21:09.1198529Z    ✅ Copied: generators/spec/task-parser.js
2026-09-22T05:21:09.1213987Z    ✅ Copied: core/tasks/task-id.js
2026-09-22T05:21:09.1224874Z    ✅ Copied: utils/logger.js
2026-09-22T05:21:09.1232157Z    ✅ Copied: utils/credential-masker.js
2026-09-22T05:21:09.1239351Z    ✅ Copied: utils/translation.js
2026-09-22T05:21:09.1246767Z    ✅ Copied: core/ac-test-validator.js
2026-09-22T05:21:09.1254628Z    ✅ Copied: core/ac-test-validator-cli.js
2026-09-22T05:21:09.1262752Z    ✅ Copied: utils/fs-native.js
2026-09-22T05:21:09.1271153Z    ✅ Copied: utils/chalk-fallback.js
2026-09-22T05:21:09.1279396Z    ✅ Copied: sync/github-reconciler.js
2026-09-22T05:21:09.1287150Z    ✅ Copied: core/universal-auto-create.js
2026-09-22T05:21:09.1294212Z    ✅ Copied: utils/feature-id-derivation.js
2026-09-22T05:21:09.1309326Z    ✅ Copied: sync/provider-router.js
2026-09-22T05:21:09.1317790Z    ✅ Copied: sync/status-mapper.js
2026-09-22T05:21:09.1325943Z    ✅ Copied: sync/config.js
2026-09-22T05:21:09.1332971Z    ✅ Copied: utils/execFileNoThrow.js
2026-09-22T05:21:09.1339832Z    ✅ Copied: utils/clean-env.js
2026-09-22T05:21:09.1349787Z    ✅ Copied: utils/auth-helpers.js
2026-09-22T05:21:09.1350368Z    📊 Copied 25/25 files
2026-09-22T05:21:09.1350636Z 
2026-09-22T05:21:09.1351039Z ✅ All hook dependencies copied successfully!
2026-09-22T05:21:09.2281297Z 
2026-09-22T05:21:09.2282115Z > specweave@2.3.0 copy:adapters
2026-09-22T05:21:09.2282642Z > node scripts/build/copy-adapters.js
2026-09-22T05:21:09.2282851Z 
2026-09-22T05:21:09.2622663Z ✓ Adapter assets copied successfully
2026-09-22T05:21:09.3581436Z 
2026-09-22T05:21:09.3582037Z > specweave@2.3.0 stamp:plugin-version
2026-09-22T05:21:09.3582638Z > node scripts/build/stamp-plugin-version.cjs
2026-09-22T05:21:09.3582894Z 
2026-09-22T05:21:09.3857599Z ✓ plugin/marketplace versions already aligned at 2.3.0
2026-09-22T05:21:09.4016251Z ##[end-action id=__self.__run_3;outcome=success;conclusion=success;duration_ms=44411]
2026-09-22T05:21:09.4050621Z ##[group]Run npx playwright install --with-deps chromium
2026-09-22T05:21:09.4051053Z npx playwright install --with-deps chromium
2026-09-22T05:21:09.4072683Z shell: /usr/bin/bash -e {0}
2026-09-22T05:21:09.4072966Z env:
2026-09-22T05:21:09.4073187Z   PWDEBUG: 0
2026-09-22T05:21:09.4073428Z   PLAYWRIGHT_HTML_OPEN: never
2026-09-22T05:21:09.4073682Z ##[endgroup]
2026-09-22T05:21:10.1149807Z Installing dependencies...
2026-09-22T05:21:10.1207967Z Switching to root user to install dependencies...
2026-09-22T05:21:10.1978048Z Get:1 file:/etc/apt/apt-mirrors.txt Mirrorlist [144 B]
2026-09-22T05:21:10.2428316Z Hit:2 http://azure.archive.ubuntu.com/ubuntu noble InRelease
2026-09-22T05:21:10.2432983Z Get:6 https://packages.microsoft.com/ubuntu/24.04/prod noble InRelease [3600 B]
2026-09-22T05:21:10.2453547Z Get:3 http://azure.archive.ubuntu.com/ubuntu noble-updates InRelease [126 kB]
2026-09-22T05:21:10.2480176Z Get:4 http://azure.archive.ubuntu.com/ubuntu noble-backports InRelease [126 kB]
2026-09-22T05:21:10.2509674Z Get:5 http://azure.archive.ubuntu.com/ubuntu noble-security InRelease [126 kB]
2026-09-22T05:21:10.3388287Z Get:7 https://dl.google.com/linux/chrome-stable/deb stable InRelease [2548 B]
2026-09-22T05:21:10.3442739Z Get:8 https://packages.microsoft.com/ubuntu/24.04/prod noble/main arm64 Packages [430 kB]
2026-09-22T05:21:10.3576299Z Get:9 https://packages.microsoft.com/ubuntu/24.04/prod noble/main amd64 Packages [480 kB]
2026-09-22T05:21:10.3834723Z Get:10 http://azure.archive.ubuntu.com/ubuntu noble-updates/main amd64 Packages [1284 kB]
2026-09-22T05:21:10.3928541Z Get:11 http://azure.archive.ubuntu.com/ubuntu noble-updates/main Translation-en [295 kB]
2026-09-22T05:21:10.3937113Z Get:12 http://azure.archive.ubuntu.com/ubuntu noble-updates/main amd64 Components [181 kB]
2026-09-22T05:21:10.3959809Z Get:13 http://azure.archive.ubuntu.com/ubuntu noble-updates/universe amd64 Packages [1697 kB]
2026-09-22T05:21:10.4040698Z Get:14 http://azure.archive.ubuntu.com/ubuntu noble-updates/universe Translation-en [340 kB]
2026-09-22T05:21:10.4062736Z Get:15 http://azure.archive.ubuntu.com/ubuntu noble-updates/universe amd64 Components [387 kB]
2026-09-22T05:21:10.4086878Z Get:16 http://azure.archive.ubuntu.com/ubuntu noble-updates/restricted amd64 Packages [1596 kB]
2026-09-22T05:21:10.4159450Z Get:17 http://azure.archive.ubuntu.com/ubuntu noble-updates/restricted Translation-en [362 kB]
2026-09-22T05:21:10.4179655Z Get:18 http://azure.archive.ubuntu.com/ubuntu noble-updates/multiverse amd64 Packages [45.7 kB]
2026-09-22T05:21:10.4189098Z Get:19 http://azure.archive.ubuntu.com/ubuntu noble-updates/multiverse Translation-en [13.1 kB]
2026-09-22T05:21:10.4632136Z Get:20 http://azure.archive.ubuntu.com/ubuntu noble-updates/multiverse amd64 Components [940 B]
2026-09-22T05:21:10.4641459Z Get:21 http://azure.archive.ubuntu.com/ubuntu noble-backports/main amd64 Packages [40.6 kB]
2026-09-22T05:21:10.4649353Z Get:22 http://azure.archive.ubuntu.com/ubuntu noble-backports/main amd64 Components [5744 B]
2026-09-22T05:21:10.4657515Z Get:23 http://azure.archive.ubuntu.com/ubuntu noble-backports/universe amd64 Packages [31.0 kB]
2026-09-22T05:21:10.4668897Z Get:24 http://azure.archive.ubuntu.com/ubuntu noble-backports/universe Translation-en [18.6 kB]
2026-09-22T05:21:10.4677021Z Get:25 http://azure.archive.ubuntu.com/ubuntu noble-backports/universe amd64 Components [12.6 kB]
2026-09-22T05:21:10.4832963Z Get:26 http://azure.archive.ubuntu.com/ubuntu noble-security/main amd64 Packages [1028 kB]
2026-09-22T05:21:10.4870840Z Get:27 http://azure.archive.ubuntu.com/ubuntu noble-security/main Translation-en [216 kB]
2026-09-22T05:21:10.4893227Z Get:28 http://azure.archive.ubuntu.com/ubuntu noble-security/main amd64 Components [46.4 kB]
2026-09-22T05:21:10.4897126Z Get:29 http://azure.archive.ubuntu.com/ubuntu noble-security/universe amd64 Packages [1217 kB]
2026-09-22T05:21:10.4947639Z Get:30 http://azure.archive.ubuntu.com/ubuntu noble-security/universe Translation-en [244 kB]
2026-09-22T05:21:10.4965102Z Get:31 http://azure.archive.ubuntu.com/ubuntu noble-security/universe amd64 Components [76.3 kB]
2026-09-22T05:21:10.4977828Z Get:32 http://azure.archive.ubuntu.com/ubuntu noble-security/restricted amd64 Packages [1496 kB]
2026-09-22T05:21:10.5059432Z Get:33 http://azure.archive.ubuntu.com/ubuntu noble-security/restricted Translation-en [343 kB]
2026-09-22T05:21:10.5473754Z Get:34 http://azure.archive.ubuntu.com/ubuntu noble-security/multiverse Translation-en [11.3 kB]
2026-09-22T05:21:10.5629195Z Get:35 https://dl.google.com/linux/chrome-stable/deb stable/main amd64 Packages [1411 B]
2026-09-22T05:21:14.8685353Z Fetched 12.3 MB in 1s (9188 kB/s)
2026-09-22T05:21:15.7552695Z Reading package lists...
2026-09-22T05:21:15.7820139Z Reading package lists...
2026-09-22T05:21:15.9806019Z Building dependency tree...
2026-09-22T05:21:15.9813331Z Reading state information...
2026-09-22T05:21:16.1509394Z libasound2t64 is already the newest version (1.2.11-1ubuntu0.3).
2026-09-22T05:21:16.1510413Z libasound2t64 set to manually installed.
2026-09-22T05:21:16.1511367Z libatk-bridge2.0-0t64 is already the newest version (2.52.0-1build1).
2026-09-22T05:21:16.1512328Z libatk-bridge2.0-0t64 set to manually installed.
2026-09-22T05:21:16.1513196Z libatk1.0-0t64 is already the newest version (2.52.0-1build1).
2026-09-22T05:21:16.1513752Z libatk1.0-0t64 set to manually installed.
2026-09-22T05:21:16.1514259Z libatspi2.0-0t64 is already the newest version (2.52.0-1build1).
2026-09-22T05:21:16.1514758Z libatspi2.0-0t64 set to manually installed.
2026-09-22T05:21:16.1515233Z libcairo2 is already the newest version (1.18.0-3build1).
2026-09-22T05:21:16.1515688Z libcairo2 set to manually installed.
2026-09-22T05:21:16.1516178Z libcups2t64 is already the newest version (2.4.7-1.2ubuntu7.14).
2026-09-22T05:21:16.1516865Z libcups2t64 set to manually installed.
2026-09-22T05:21:16.1517366Z libdbus-1-3 is already the newest version (1.14.10-4ubuntu4.1).
2026-09-22T05:21:16.1517838Z libdbus-1-3 set to manually installed.
2026-09-22T05:21:16.1518344Z libdrm2 is already the newest version (2.4.125-1ubuntu0.1~24.04.2).
2026-09-22T05:21:16.1518909Z libdrm2 set to manually installed.
2026-09-22T05:21:16.1519703Z libgbm1 is already the newest version (25.2.8-0ubuntu0.24.04.2).
2026-09-22T05:21:16.1520284Z libgbm1 set to manually installed.
2026-09-22T05:21:16.1520759Z libnspr4 is already the newest version (2:4.35-1.1build1).
2026-09-22T05:21:16.1521585Z libnspr4 set to manually installed.
2026-09-22T05:21:16.1522048Z libnss3 is already the newest version (2:3.98-1ubuntu0.2).
2026-09-22T05:21:16.1522486Z libnss3 set to manually installed.
2026-09-22T05:21:16.1522995Z libpango-1.0-0 is already the newest version (1.52.1+ds-1build1).
2026-09-22T05:21:16.1523472Z libpango-1.0-0 set to manually installed.
2026-09-22T05:21:16.1523938Z libx11-6 is already the newest version (2:1.8.7-1build1).
2026-09-22T05:21:16.1524389Z libx11-6 set to manually installed.
2026-09-22T05:21:16.1524819Z libxcb1 is already the newest version (1.15-1ubuntu2).
2026-09-22T05:21:16.1525258Z libxcb1 set to manually installed.
2026-09-22T05:21:16.1525751Z libxcomposite1 is already the newest version (1:0.4.5-1build3).
2026-09-22T05:21:16.1526236Z libxcomposite1 set to manually installed.
2026-09-22T05:21:16.1526849Z libxdamage1 is already the newest version (1:1.1.6-1build1).
2026-09-22T05:21:16.1527386Z libxdamage1 set to manually installed.
2026-09-22T05:21:16.1528165Z libxext6 is already the newest version (2:1.3.4-1build2).
2026-09-22T05:21:16.1528687Z libxext6 set to manually installed.
2026-09-22T05:21:16.1529149Z libxfixes3 is already the newest version (1:6.0.0-2build1).
2026-09-22T05:21:16.1529616Z libxfixes3 set to manually installed.
2026-09-22T05:21:16.1530090Z libxkbcommon0 is already the newest version (1.6.0-1build1).
2026-09-22T05:21:16.1530560Z libxkbcommon0 set to manually installed.
2026-09-22T05:21:16.1531046Z libxrandr2 is already the newest version (2:1.5.2-2build1).
2026-09-22T05:21:16.1531497Z libxrandr2 set to manually installed.
2026-09-22T05:21:16.1532152Z xvfb is already the newest version (2:21.1.12-1ubuntu1.6).
2026-09-22T05:21:16.1532804Z fonts-noto-color-emoji is already the newest version (2.047-0ubuntu0.24.04.1).
2026-09-22T05:21:16.1533460Z libfontconfig1 is already the newest version (2.15.0-1.1ubuntu2).
2026-09-22T05:21:16.1533953Z libfontconfig1 set to manually installed.
2026-09-22T05:21:16.1534486Z libfreetype6 is already the newest version (2.13.2+dfsg-1ubuntu0.1).
2026-09-22T05:21:16.1534995Z libfreetype6 set to manually installed.
2026-09-22T05:21:16.1535475Z fonts-liberation is already the newest version (1:2.1.5-3).
2026-09-22T05:21:16.1535965Z fonts-liberation set to manually installed.
2026-09-22T05:21:16.1536530Z The following additional packages will be installed:
2026-09-22T05:21:16.1537130Z   gir1.2-glib-2.0 libglib2.0-bin libglib2.0-data xfonts-encodings xfonts-utils
2026-09-22T05:21:16.1537630Z Suggested packages:
2026-09-22T05:21:16.1537918Z   low-memory-monitor
2026-09-22T05:21:16.1538218Z Recommended packages:
2026-09-22T05:21:16.1538563Z   fonts-ipafont-mincho fonts-tlwg-loma
2026-09-22T05:21:16.1923002Z The following NEW packages will be installed:
2026-09-22T05:21:16.1924092Z   fonts-freefont-ttf fonts-ipafont-gothic fonts-tlwg-loma-otf fonts-unifont
2026-09-22T05:21:16.1937989Z   fonts-wqy-zenhei xfonts-cyrillic xfonts-encodings xfonts-scalable
2026-09-22T05:21:16.1938423Z   xfonts-utils
2026-09-22T05:21:16.1945556Z The following packages will be upgraded:
2026-09-22T05:21:16.1958320Z   gir1.2-glib-2.0 libglib2.0-0t64 libglib2.0-bin libglib2.0-data
2026-09-22T05:21:16.2130899Z 4 upgraded, 9 newly installed, 0 to remove and 83 not upgraded.
2026-09-22T05:21:16.2131371Z Need to get 23.0 MB of archives.
2026-09-22T05:21:16.2131819Z After this operation, 79.6 MB of additional disk space will be used.
2026-09-22T05:21:16.2132338Z Get:1 file:/etc/apt/apt-mirrors.txt Mirrorlist [144 B]
2026-09-22T05:21:16.3685395Z Get:2 http://azure.archive.ubuntu.com/ubuntu noble/universe amd64 fonts-ipafont-gothic all 00303-21ubuntu1 [3513 kB]
2026-09-22T05:21:16.4382728Z Get:3 http://azure.archive.ubuntu.com/ubuntu noble-updates/main amd64 libglib2.0-data all 2.80.0-6ubuntu3.9 [50.1 kB]
2026-09-22T05:21:16.4701689Z Get:4 http://azure.archive.ubuntu.com/ubuntu noble-updates/main amd64 libglib2.0-bin amd64 2.80.0-6ubuntu3.9 [97.9 kB]
2026-09-22T05:21:16.5029709Z Get:5 http://azure.archive.ubuntu.com/ubuntu noble-updates/main amd64 gir1.2-glib-2.0 amd64 2.80.0-6ubuntu3.9 [183 kB]
2026-09-22T05:21:16.5358605Z Get:6 http://azure.archive.ubuntu.com/ubuntu noble-updates/main amd64 libglib2.0-0t64 amd64 2.80.0-6ubuntu3.9 [1547 kB]
2026-09-22T05:21:16.5783496Z Get:7 http://azure.archive.ubuntu.com/ubuntu noble/main amd64 fonts-freefont-ttf all 20211204+svn4273-2 [5641 kB]
2026-09-22T05:21:16.6745717Z Get:8 http://azure.archive.ubuntu.com/ubuntu noble/universe amd64 fonts-tlwg-loma-otf all 1:0.7.3-1 [107 kB]
2026-09-22T05:21:16.7074427Z Get:9 http://azure.archive.ubuntu.com/ubuntu noble/universe amd64 fonts-unifont all 1:15.1.01-1build1 [2993 kB]
2026-09-22T05:21:16.7745410Z Get:10 http://azure.archive.ubuntu.com/ubuntu noble/universe amd64 fonts-wqy-zenhei all 0.9.45-8 [7472 kB]
2026-09-22T05:21:16.8851007Z Get:11 http://azure.archive.ubuntu.com/ubuntu noble/main amd64 xfonts-encodings all 1:1.0.5-0ubuntu2 [578 kB]
2026-09-22T05:21:16.9247755Z Get:12 http://azure.archive.ubuntu.com/ubuntu noble/main amd64 xfonts-utils amd64 1:7.7+6build3 [94.4 kB]
2026-09-22T05:21:16.9575765Z Get:13 http://azure.archive.ubuntu.com/ubuntu noble/universe amd64 xfonts-cyrillic all 1:1.0.5+nmu1 [384 kB]
2026-09-22T05:21:16.9925460Z Get:14 http://azure.archive.ubuntu.com/ubuntu noble/main amd64 xfonts-scalable all 1:1.0.3-1.3 [304 kB]
2026-09-22T05:21:17.2466767Z Fetched 23.0 MB in 1s (29.0 MB/s)
2026-09-22T05:21:17.2682727Z Selecting previously unselected package fonts-ipafont-gothic.
2026-09-22T05:21:17.2891660Z (Reading database ... 
2026-09-22T05:21:17.2892024Z (Reading database ... 5%
2026-09-22T05:21:17.2892303Z (Reading database ... 10%
2026-09-22T05:21:17.2892812Z (Reading database ... 15%
2026-09-22T05:21:17.2893206Z (Reading database ... 20%
2026-09-22T05:21:17.2893608Z (Reading database ... 25%
2026-09-22T05:21:17.2894103Z (Reading database ... 30%
2026-09-22T05:21:17.2894602Z (Reading database ... 35%
2026-09-22T05:21:17.2895101Z (Reading database ... 40%
2026-09-22T05:21:17.2895636Z (Reading database ... 45%
2026-09-22T05:21:17.2896157Z (Reading database ... 50%
2026-09-22T05:21:17.2930409Z (Reading database ... 55%
2026-09-22T05:21:17.4074194Z (Reading database ... 60%
2026-09-22T05:21:17.6060100Z (Reading database ... 65%
2026-09-22T05:21:17.7545257Z (Reading database ... 70%
2026-09-22T05:21:17.9449957Z (Reading database ... 75%
2026-09-22T05:21:18.1737319Z (Reading database ... 80%
2026-09-22T05:21:18.3494388Z (Reading database ... 85%
2026-09-22T05:21:18.5990681Z (Reading database ... 90%
2026-09-22T05:21:18.8143156Z (Reading database ... 95%
2026-09-22T05:21:18.8143702Z (Reading database ... 100%
2026-09-22T05:21:18.8144446Z (Reading database ... 201818 files and directories currently installed.)
2026-09-22T05:21:18.8186794Z Preparing to unpack .../00-fonts-ipafont-gothic_00303-21ubuntu1_all.deb ...
2026-09-22T05:21:18.8280192Z Unpacking fonts-ipafont-gothic (00303-21ubuntu1) ...
2026-09-22T05:21:19.0678332Z Preparing to unpack .../01-libglib2.0-data_2.80.0-6ubuntu3.9_all.deb ...
2026-09-22T05:21:19.0696775Z Unpacking libglib2.0-data (2.80.0-6ubuntu3.9) over (2.80.0-6ubuntu3.8) ...
2026-09-22T05:21:19.0991537Z Preparing to unpack .../02-libglib2.0-bin_2.80.0-6ubuntu3.9_amd64.deb ...
2026-09-22T05:21:19.1012650Z Unpacking libglib2.0-bin (2.80.0-6ubuntu3.9) over (2.80.0-6ubuntu3.8) ...
2026-09-22T05:21:19.1568822Z Preparing to unpack .../03-gir1.2-glib-2.0_2.80.0-6ubuntu3.9_amd64.deb ...
2026-09-22T05:21:19.1589572Z Unpacking gir1.2-glib-2.0:amd64 (2.80.0-6ubuntu3.9) over (2.80.0-6ubuntu3.8) ...
2026-09-22T05:21:19.1931534Z Preparing to unpack .../04-libglib2.0-0t64_2.80.0-6ubuntu3.9_amd64.deb ...
2026-09-22T05:21:19.2055170Z Unpacking libglib2.0-0t64:amd64 (2.80.0-6ubuntu3.9) over (2.80.0-6ubuntu3.8) ...
2026-09-22T05:21:19.2419255Z Selecting previously unselected package fonts-freefont-ttf.
2026-09-22T05:21:19.2535371Z Preparing to unpack .../05-fonts-freefont-ttf_20211204+svn4273-2_all.deb ...
2026-09-22T05:21:19.2545252Z Unpacking fonts-freefont-ttf (20211204+svn4273-2) ...
2026-09-22T05:21:19.3347080Z Selecting previously unselected package fonts-tlwg-loma-otf.
2026-09-22T05:21:19.3458897Z Preparing to unpack .../06-fonts-tlwg-loma-otf_1%3a0.7.3-1_all.deb ...
2026-09-22T05:21:19.3468594Z Unpacking fonts-tlwg-loma-otf (1:0.7.3-1) ...
2026-09-22T05:21:19.3639345Z Selecting previously unselected package fonts-unifont.
2026-09-22T05:21:19.3752225Z Preparing to unpack .../07-fonts-unifont_1%3a15.1.01-1build1_all.deb ...
2026-09-22T05:21:19.3759129Z Unpacking fonts-unifont (1:15.1.01-1build1) ...
2026-09-22T05:21:19.4730974Z Selecting previously unselected package fonts-wqy-zenhei.
2026-09-22T05:21:19.4844530Z Preparing to unpack .../08-fonts-wqy-zenhei_0.9.45-8_all.deb ...
2026-09-22T05:21:19.4932923Z Unpacking fonts-wqy-zenhei (0.9.45-8) ...
2026-09-22T05:21:19.9659754Z Selecting previously unselected package xfonts-encodings.
2026-09-22T05:21:19.9769451Z Preparing to unpack .../09-xfonts-encodings_1%3a1.0.5-0ubuntu2_all.deb ...
2026-09-22T05:21:19.9777830Z Unpacking xfonts-encodings (1:1.0.5-0ubuntu2) ...
2026-09-22T05:21:19.9999918Z Selecting previously unselected package xfonts-utils.
2026-09-22T05:21:20.0110636Z Preparing to unpack .../10-xfonts-utils_1%3a7.7+6build3_amd64.deb ...
2026-09-22T05:21:20.0119110Z Unpacking xfonts-utils (1:7.7+6build3) ...
2026-09-22T05:21:20.0462170Z Selecting previously unselected package xfonts-cyrillic.
2026-09-22T05:21:20.0573060Z Preparing to unpack .../11-xfonts-cyrillic_1%3a1.0.5+nmu1_all.deb ...
2026-09-22T05:21:20.0582750Z Unpacking xfonts-cyrillic (1:1.0.5+nmu1) ...
2026-09-22T05:21:20.0829755Z Selecting previously unselected package xfonts-scalable.
2026-09-22T05:21:20.0944069Z Preparing to unpack .../12-xfonts-scalable_1%3a1.0.3-1.3_all.deb ...
2026-09-22T05:21:20.0953709Z Unpacking xfonts-scalable (1:1.0.3-1.3) ...
2026-09-22T05:21:20.1406936Z Setting up fonts-wqy-zenhei (0.9.45-8) ...
2026-09-22T05:21:20.1515798Z Setting up fonts-freefont-ttf (20211204+svn4273-2) ...
2026-09-22T05:21:20.1532075Z Setting up libglib2.0-0t64:amd64 (2.80.0-6ubuntu3.9) ...
2026-09-22T05:21:20.1716748Z Setting up libglib2.0-data (2.80.0-6ubuntu3.9) ...
2026-09-22T05:21:20.1736205Z Setting up fonts-tlwg-loma-otf (1:0.7.3-1) ...
2026-09-22T05:21:20.1751435Z Setting up xfonts-encodings (1:1.0.5-0ubuntu2) ...
2026-09-22T05:21:20.1768241Z Setting up gir1.2-glib-2.0:amd64 (2.80.0-6ubuntu3.9) ...
2026-09-22T05:21:20.1783322Z Setting up fonts-ipafont-gothic (00303-21ubuntu1) ...
2026-09-22T05:21:20.1837429Z update-alternatives: using /usr/share/fonts/opentype/ipafont-gothic/ipag.ttf to provide /usr/share/fonts/truetype/fonts-japanese-gothic.ttf (fonts-japanese-gothic.ttf) in auto mode
2026-09-22T05:21:20.1850186Z Setting up fonts-unifont (1:15.1.01-1build1) ...
2026-09-22T05:21:20.1864956Z Setting up libglib2.0-bin (2.80.0-6ubuntu3.9) ...
2026-09-22T05:21:20.1884607Z Setting up xfonts-utils (1:7.7+6build3) ...
2026-09-22T05:21:20.1920266Z Setting up xfonts-cyrillic (1:1.0.5+nmu1) ...
2026-09-22T05:21:20.2218076Z Setting up xfonts-scalable (1:1.0.3-1.3) ...
2026-09-22T05:21:20.2433963Z Processing triggers for libc-bin (2.39-0ubuntu8.8) ...
2026-09-22T05:21:20.3059821Z Processing triggers for man-db (2.12.0-4build2) ...
2026-09-22T05:21:20.3080330Z Not building database; man-db/auto-update is not 'true'.
2026-09-22T05:21:20.3093562Z Processing triggers for fontconfig (2.15.0-1.1ubuntu2) ...
2026-09-22T05:21:20.9382233Z 
2026-09-22T05:21:20.9383095Z Running kernel seems to be up-to-date.
2026-09-22T05:21:20.9383548Z 
2026-09-22T05:21:20.9383835Z Restarting services...
2026-09-22T05:21:20.9787000Z  systemctl restart packagekit.service php8.3-fpm.service polkit.service udisks2.service
2026-09-22T05:21:21.0817214Z 
2026-09-22T05:21:21.0817899Z Service restarts being deferred:
2026-09-22T05:21:21.0818593Z  systemctl restart ModemManager.service
2026-09-22T05:21:21.0819227Z  systemctl restart networkd-dispatcher.service
2026-09-22T05:21:21.0819590Z 
2026-09-22T05:21:21.0820049Z No containers need to be restarted.
2026-09-22T05:21:21.0820414Z 
2026-09-22T05:21:21.0820859Z No user sessions are running outdated binaries.
2026-09-22T05:21:21.0821197Z 
2026-09-22T05:21:22.0485713Z No VM guests are running outdated hypervisor (qemu) binaries on this host.
2026-09-22T05:21:22.0488721Z Downloading Chrome for Testing 151.0.7922.34 (playwright chromium v1234) from https://cdn.playwright.dev/builds/cft/151.0.7922.34/linux64/chrome-linux64.zip
2026-09-22T05:21:23.2137884Z |                                                                                |   0% of 184.3 MiB
2026-09-22T05:21:23.4490347Z |■■■■■■■■                                                                        |  10% of 184.3 MiB
2026-09-22T05:21:23.5367894Z |■■■■■■■■■■■■■■■■                                                                |  20% of 184.3 MiB
2026-09-22T05:21:23.6118871Z |■■■■■■■■■■■■■■■■■■■■■■■■                                                        |  30% of 184.3 MiB
2026-09-22T05:21:23.6973406Z |■■■■■■■■■■■■■■■■■■■■■■■■■■■■■■■■                                                |  40% of 184.3 MiB
2026-09-22T05:21:23.7877903Z |■■■■■■■■■■■■■■■■■■■■■■■■■■■■■■■■■■■■■■■■                                        |  50% of 184.3 MiB
2026-09-22T05:21:23.8891071Z |■■■■■■■■■■■■■■■■■■■■■■■■■■■■■■■■■■■■■■■■■■■■■■■■                                |  60% of 184.3 MiB
2026-09-22T05:21:23.9763161Z |■■■■■■■■■■■■■■■■■■■■■■■■■■■■■■■■■■■■■■■■■■■■■■■■■■■■■■■■                        |  70% of 184.3 MiB
2026-09-22T05:21:24.0668913Z |■■■■■■■■■■■■■■■■■■■■■■■■■■■■■■■■■■■■■■■■■■■■■■■■■■■■■■■■■■■■■■■■                |  80% of 184.3 MiB
2026-09-22T05:21:24.1505752Z |■■■■■■■■■■■■■■■■■■■■■■■■■■■■■■■■■■■■■■■■■■■■■■■■■■■■■■■■■■■■■■■■■■■■■■■■        |  90% of 184.3 MiB
2026-09-22T05:21:24.2528002Z |■■■■■■■■■■■■■■■■■■■■■■■■■■■■■■■■■■■■■■■■■■■■■■■■■■■■■■■■■■■■■■■■■■■■■■■■■■■■■■■■| 100% of 184.3 MiB
2026-09-22T05:21:26.7938568Z Chrome for Testing 151.0.7922.34 (playwright chromium v1234) downloaded to /home/runner/.cache/ms-playwright/chromium-1234
2026-09-22T05:21:26.7941867Z Downloading FFmpeg (playwright ffmpeg v1011) from https://cdn.playwright.dev/dbazure/download/playwright/builds/ffmpeg/1011/ffmpeg-linux.zip
2026-09-22T05:21:27.8268103Z |                                                                                |   0% of 2.3 MiB
2026-09-22T05:21:27.8566777Z |■■■■■■■■                                                                        |  10% of 2.3 MiB
2026-09-22T05:21:27.8746052Z |■■■■■■■■■■■■■■■■                                                                |  20% of 2.3 MiB
2026-09-22T05:21:27.8870353Z |■■■■■■■■■■■■■■■■■■■■■■■■                                                        |  30% of 2.3 MiB
2026-09-22T05:21:27.9004958Z |■■■■■■■■■■■■■■■■■■■■■■■■■■■■■■■■                                                |  40% of 2.3 MiB
2026-09-22T05:21:27.9033411Z |■■■■■■■■■■■■■■■■■■■■■■■■■■■■■■■■■■■■■■■■                                        |  50% of 2.3 MiB
2026-09-22T05:21:27.9104618Z |■■■■■■■■■■■■■■■■■■■■■■■■■■■■■■■■■■■■■■■■■■■■■■■■                                |  60% of 2.3 MiB
2026-09-22T05:21:27.9169431Z |■■■■■■■■■■■■■■■■■■■■■■■■■■■■■■■■■■■■■■■■■■■■■■■■■■■■■■■■                        |  70% of 2.3 MiB
2026-09-22T05:21:27.9227661Z |■■■■■■■■■■■■■■■■■■■■■■■■■■■■■■■■■■■■■■■■■■■■■■■■■■■■■■■■■■■■■■■■                |  80% of 2.3 MiB
2026-09-22T05:21:27.9278387Z |■■■■■■■■■■■■■■■■■■■■■■■■■■■■■■■■■■■■■■■■■■■■■■■■■■■■■■■■■■■■■■■■■■■■■■■■        |  90% of 2.3 MiB
2026-09-22T05:21:27.9302887Z |■■■■■■■■■■■■■■■■■■■■■■■■■■■■■■■■■■■■■■■■■■■■■■■■■■■■■■■■■■■■■■■■■■■■■■■■■■■■■■■■| 100% of 2.3 MiB
2026-09-22T05:21:27.9797465Z FFmpeg (playwright ffmpeg v1011) downloaded to /home/runner/.cache/ms-playwright/ffmpeg-1011
2026-09-22T05:21:27.9800315Z Downloading Chrome Headless Shell 151.0.7922.34 (playwright chromium-headless-shell v1234) from https://cdn.playwright.dev/builds/cft/151.0.7922.34/linux64/chrome-headless-shell-linux64.zip
2026-09-22T05:21:29.0327271Z |                                                                                |   0% of 114.7 MiB
2026-09-22T05:21:29.2074583Z |■■■■■■■■                                                                        |  10% of 114.7 MiB
2026-09-22T05:21:29.2702350Z |■■■■■■■■■■■■■■■■                                                                |  20% of 114.7 MiB
2026-09-22T05:21:29.3376492Z |■■■■■■■■■■■■■■■■■■■■■■■■                                                        |  30% of 114.7 MiB
2026-09-22T05:21:29.3960875Z |■■■■■■■■■■■■■■■■■■■■■■■■■■■■■■■■                                                |  40% of 114.7 MiB
2026-09-22T05:21:29.4583368Z |■■■■■■■■■■■■■■■■■■■■■■■■■■■■■■■■■■■■■■■■                                        |  50% of 114.7 MiB
2026-09-22T05:21:29.5095314Z |■■■■■■■■■■■■■■■■■■■■■■■■■■■■■■■■■■■■■■■■■■■■■■■■                                |  60% of 114.7 MiB
2026-09-22T05:21:29.5636613Z |■■■■■■■■■■■■■■■■■■■■■■■■■■■■■■■■■■■■■■■■■■■■■■■■■■■■■■■■                        |  70% of 114.7 MiB
2026-09-22T05:21:29.6166530Z |■■■■■■■■■■■■■■■■■■■■■■■■■■■■■■■■■■■■■■■■■■■■■■■■■■■■■■■■■■■■■■■■                |  80% of 114.7 MiB
2026-09-22T05:21:29.6708233Z |■■■■■■■■■■■■■■■■■■■■■■■■■■■■■■■■■■■■■■■■■■■■■■■■■■■■■■■■■■■■■■■■■■■■■■■■        |  90% of 114.7 MiB
2026-09-22T05:21:29.7228731Z |■■■■■■■■■■■■■■■■■■■■■■■■■■■■■■■■■■■■■■■■■■■■■■■■■■■■■■■■■■■■■■■■■■■■■■■■■■■■■■■■| 100% of 114.7 MiB
2026-09-22T05:21:31.5049978Z Chrome Headless Shell 151.0.7922.34 (playwright chromium-headless-shell v1234) downloaded to /home/runner/.cache/ms-playwright/chromium_headless_shell-1234
2026-09-22T05:21:31.5245042Z ##[group]Run npm run test:unit
2026-09-22T05:21:31.5245345Z npm run test:unit
2026-09-22T05:21:31.5266901Z shell: /usr/bin/bash -e {0}
2026-09-22T05:21:31.5267173Z env:
2026-09-22T05:21:31.5267378Z   PWDEBUG: 0
2026-09-22T05:21:31.5267594Z   PLAYWRIGHT_HTML_OPEN: never
2026-09-22T05:21:31.5267855Z ##[endgroup]
2026-09-22T05:21:31.6179569Z 
2026-09-22T05:21:31.6180106Z > specweave@2.3.0 test:unit
2026-09-22T05:21:31.6180723Z > vitest run tests/unit --coverage
2026-09-22T05:21:31.6181026Z 
2026-09-22T05:21:31.9774458Z 
2026-09-22T05:21:31.9777910Z  RUN  v4.1.11 /home/runner/work/specweave/specweave
2026-09-22T05:21:31.9778922Z       Coverage enabled with v8
2026-09-22T05:21:31.9779632Z 
2026-09-22T05:21:32.9161506Z  ✓ tests/unit/cli/workers/codebase-rescan-worker.test.ts (76 tests) 103ms
2026-09-22T05:21:33.0728853Z  ✓ tests/unit/sync/external-issue-auto-creator.test.ts (89 tests) 134ms
2026-09-22T05:21:33.3447507Z  ✓ tests/unit/cli/helpers/init/external-import.test.ts (67 tests) 55ms
2026-09-22T05:21:33.4874569Z  ✓ tests/unit/utils/validators/jira-validator.test.ts (76 tests) 83ms
2026-09-22T05:21:33.6428188Z Sourcemap for "/home/runner/work/specweave/specweave/plugins/specweave/lib/vendor/utils/execFileNoThrow.js" points to missing source files
2026-09-22T05:21:33.6498329Z Sourcemap for "/home/runner/work/specweave/specweave/plugins/specweave/lib/vendor/utils/clean-env.js" points to missing source files
2026-09-22T05:21:33.7982824Z  ✓ tests/unit/core/living-docs/intelligent-analyzer/inconsistency-detector.test.ts (75 tests) 88ms
2026-09-22T05:21:33.8361884Z Sourcemap for "/home/runner/work/specweave/specweave/plugins/specweave/lib/vendor/utils/auth-helpers.js" points to missing source files
2026-09-22T05:21:34.0557618Z  ✓ tests/unit/cli/commands/init.test.ts (84 tests) 153ms
2026-09-22T05:21:34.2389792Z  ✓ tests/unit/core/living-docs/suggestions-generator.test.ts (97 tests) 117ms
2026-09-22T05:21:34.5002487Z  ✓ tests/unit/sync/github-reconciler.test.ts (82 tests) 86ms
2026-09-22T05:21:34.6162658Z  ✓ tests/unit/core/plugins/skill-trigger-extractor.test.ts (100 tests) 63ms
2026-09-22T05:21:34.9368778Z  ✓ tests/unit/core/living-docs/enterprise/enterprise-generator.test.ts (85 tests) 118ms
2026-09-22T05:21:34.9499049Z  ✓ tests/unit/core/qa/quality-gate-decider.test.ts (112 tests) 70ms
2026-09-22T05:21:35.3269372Z  ✓ tests/unit/core/living-docs/intelligent-analyzer/organization-synthesizer.test.ts (61 tests) 79ms
2026-09-22T05:21:35.4473555Z  ✓ tests/unit/cli/commands/sync-progress.test.ts (82 tests) 151ms
2026-09-22T05:21:35.6327823Z  ✓ tests/unit/cli/workers/living-docs-worker.test.ts (83 tests) 60ms
2026-09-22T05:21:35.7805100Z  ✓ tests/unit/core/living-docs/discovery.test.ts (80 tests) 72ms
2026-09-22T05:21:35.9448389Z  ✓ tests/unit/core/sync/external-tool-resolver.test.ts (85 tests) 42ms
2026-09-22T05:21:36.0828959Z  ✓ tests/unit/core/living-docs/enterprise/spec-loader.test.ts (65 tests) 45ms
2026-09-22T05:21:36.2682755Z  ✓ tests/unit/cli/workers/import-worker.test.ts (93 tests) 71ms
2026-09-22T05:21:36.3548703Z  ✓ tests/unit/core/specs/spec-detector.test.ts (72 tests) 36ms
2026-09-22T05:21:36.6143041Z  ✓ tests/unit/living-docs/smart-doc-organizer.test.ts (81 tests) 118ms
2026-09-22T05:21:36.6185141Z  ✓ tests/unit/core/living-docs/feature-consistency-validator.test.ts (50 tests) 33ms
2026-09-22T05:21:36.9409370Z  ✓ tests/unit/core/living-docs/living-docs-sync.test.ts (109 tests) 3640ms
2026-09-22T05:21:36.9411007Z        ✓ should detect JIRA from metadata.json  349ms
2026-09-22T05:21:36.9412831Z        ✓ should read GitHub config from multiProject active project  478ms
2026-09-22T05:21:36.9415007Z        ✓ should read JIRA config from sync.jira with .env token  320ms
2026-09-22T05:21:36.9416757Z        ✓ should read ADO config from sync.ado with .env PAT  1405ms
2026-09-22T05:21:36.9528223Z  ✓ tests/unit/cli/workers/brownfield-worker.test.ts (57 tests) 60ms
2026-09-22T05:21:37.0208000Z  ✓ tests/unit/core/living-docs/hierarchy-mapper.test.ts (92 tests) 132ms
2026-09-22T05:21:37.4088466Z  ✓ tests/unit/sync/sync-coordinator.test.ts (40 tests) 54ms
2026-09-22T05:21:37.4302265Z  ✓ tests/unit/cli/helpers/init/jira-ado-auto-detect.test.ts (86 tests) 78ms
2026-09-22T05:21:37.5247480Z  ✓ tests/unit/importers/item-converter.test.ts (36 tests) 119ms
2026-09-22T05:21:37.8081221Z  ✓ tests/unit/cli/helpers/issue-tracker/jira.test.ts (71 tests) 86ms
2026-09-22T05:21:37.9155509Z  ✓ tests/unit/cli/commands/living-docs.test.ts (56 tests) 60ms
2026-09-22T05:21:38.1932521Z  ✓ tests/unit/cli/helpers/github-repo-selector.test.ts (77 tests) 82ms
2026-09-22T05:21:38.2743907Z  ✓ tests/unit/sync/closure-metrics.test.ts (57 tests) 78ms
2026-09-22T05:21:38.4034936Z  ✓ tests/unit/core/living-docs/feature-archiver.test.ts (67 tests) 644ms
2026-09-22T05:21:38.5363033Z  ✓ tests/unit/core/specs/spec-content-sync.test.ts (78 tests) 60ms
2026-09-22T05:21:38.9148431Z  ✓ tests/unit/cli/commands/export-skills.test.ts (66 tests) 210ms
2026-09-22T05:21:38.9482655Z  ✓ tests/unit/cli/helpers/issue-tracker/ado.test.ts (63 tests) 115ms
2026-09-22T05:21:39.2803908Z  ✓ tests/unit/core/increment/recent-work-scanner.test.ts (74 tests) 44ms
2026-09-22T05:21:39.4175069Z  ✓ tests/unit/core/doctor/checkers/installation-health-checker.test.ts (45 tests) 147ms
2026-09-22T05:21:39.6754260Z  ✓ tests/unit/living-docs/enterprise-analyzer.test.ts (67 tests) 95ms
2026-09-22T05:21:39.8430387Z  ✓ tests/unit/core/qa/qa-runner.test.ts (79 tests) 92ms
2026-09-22T05:21:40.1947484Z  ✓ tests/unit/sync/format-preservation-sync.test.ts (61 tests) 57ms
2026-09-22T05:21:40.5320206Z  ✓ tests/unit/cli/commands/jobs.test.ts (89 tests) 74ms
2026-09-22T05:21:40.8212712Z  ✓ tests/unit/utils/validators/ado-validator.test.ts (64 tests) 49ms
2026-09-22T05:21:41.0611235Z  ✓ tests/unit/cli/commands/update.test.ts (68 tests) 930ms
2026-09-22T05:21:41.4958442Z  ✓ tests/unit/core/auto/e2e-coverage.test.ts (101 tests) 99ms
2026-09-22T05:21:41.8680941Z  ✓ tests/unit/core/living-docs/module-analyzer.test.ts (59 tests) 89ms
2026-09-22T05:21:42.1608786Z  ✓ tests/unit/core/increment/increment-archiver.test.ts (77 tests) 1065ms
2026-09-22T05:21:42.2459489Z  ✓ tests/unit/cli/helpers/selection-strategy.test.ts (106 tests) 85ms
2026-09-22T05:21:42.5380197Z  ✓ tests/unit/cli/commands/docs.test.ts (79 tests) 82ms
2026-09-22T05:21:42.5616164Z  ✓ tests/unit/core/specs/spec-task-mapper.test.ts (76 tests) 49ms
2026-09-22T05:21:42.8401583Z  ✓ tests/unit/core/plugins/plugin-loader.test.ts (75 tests) 45ms
2026-09-22T05:21:42.8680495Z  ✓ tests/unit/core/living-docs/intelligent-analyzer/strategy-generator.test.ts (46 tests) 47ms
2026-09-22T05:21:43.0941462Z  ✓ tests/unit/cli/commands/save.test.ts (51 tests) 4485ms
2026-09-22T05:21:43.1248646Z  ✓ tests/unit/core/serverless/platform-selector.test.ts (54 tests) 46ms
2026-09-22T05:21:43.1895095Z  ✓ tests/unit/core/validation/three-file-validator.test.ts (79 tests) 71ms
2026-09-22T05:21:43.4808809Z  ✓ tests/unit/core/living-docs/generators.test.ts (116 tests) 84ms
2026-09-22T05:21:43.5138194Z  ✓ tests/unit/utils/multi-project-detector.test.ts (113 tests) 80ms
2026-09-22T05:21:43.5768512Z  ✓ tests/unit/cli/helpers/issue-tracker/github.test.ts (67 tests) 154ms
2026-09-22T05:21:43.7649873Z  ✓ tests/unit/core/fabric/security-scanner.test.ts (101 tests) 44ms
2026-09-22T05:21:43.8200057Z  ✓ tests/unit/core/specs/spec-parser.test.ts (82 tests) 43ms
2026-09-22T05:21:44.0428861Z Warning: A vi.mock("../../../../src/utils/execFileNoThrow.js") call in "/home/runner/work/specweave/specweave/tests/unit/core/increment/reconcile-manager.test.ts" is not at the top level of the module. Although it appears nested, it will be hoisted and executed before any tests run. Move it to the top level to reflect its actual execution order. This will become an error in a future version.
2026-09-22T05:21:44.0432016Z See: https://vitest.dev/guide/mocking/modules#how-it-works
2026-09-22T05:21:44.0678863Z  ✓ tests/unit/core/specs/spec-metadata-manager.test.ts (67 tests) 162ms
2026-09-22T05:21:44.0780581Z  ✓ tests/unit/core/increment/increment-reopener.test.ts (43 tests) 54ms
2026-09-22T05:21:44.3723416Z  ✓ tests/unit/core/comment-builder.test.ts (95 tests) 49ms
2026-09-22T05:21:44.4178323Z  ✓ tests/unit/core/increment/reconcile-manager.test.ts (38 tests) 275ms
2026-09-22T05:21:44.4839258Z  ✓ tests/unit/utils/project-detection.test.ts (128 tests) 78ms
2026-09-22T05:21:44.7127983Z  ✓ tests/unit/core/credentials/credentials-manager.test.ts (60 tests) 51ms
2026-09-22T05:21:44.8255680Z  ✓ tests/unit/core/sync/project-context.test.ts (64 tests) 47ms
2026-09-22T05:21:44.9405333Z  ✓ tests/unit/cli/commands/detect-intent.test.ts (41 tests) 264ms
2026-09-22T05:21:45.0536149Z  ✓ tests/unit/core/deployment/deploy-router.test.ts (68 tests) 38ms
2026-09-22T05:21:45.1647863Z  ✓ tests/unit/cli/helpers/issue-tracker/github-multi-repo.test.ts (44 tests) 46ms
2026-09-22T05:21:45.2597541Z  ✓ tests/unit/core/specs/spec-identifier-detector.test.ts (106 tests) 39ms
2026-09-22T05:21:45.3574837Z  ✓ tests/unit/ac-status-manager.test.ts (43 tests) 52ms
2026-09-22T05:21:45.5450661Z  ✓ tests/unit/increment-utils.test.ts (79 tests) 68ms
2026-09-22T05:21:45.5924527Z  ✓ tests/unit/metrics/report-generator.test.ts (88 tests) 142ms
2026-09-22T05:21:45.7798330Z  ✓ tests/unit/core/living-docs/intelligent-analyzer/repo-scanner.test.ts (76 tests) 98ms
2026-09-22T05:21:45.8389433Z  ✓ tests/unit/utils/ac-embedder.test.ts (47 tests) 71ms
2026-09-22T05:21:45.9168929Z  ✓ tests/unit/core/rfc/rfc-generator-v2.test.ts (58 tests) 31ms
2026-09-22T05:21:46.1250352Z  ✓ tests/unit/sync/status-mapper.test.ts (76 tests) 30ms
2026-09-22T05:21:46.2091467Z  ✓ tests/unit/cli/helpers/issue-tracker/sync-config-writer.test.ts (38 tests) 33ms
2026-09-22T05:21:46.2445668Z  ✓ tests/unit/core/cache/cache-manager.test.ts (75 tests) 185ms
2026-09-22T05:21:46.4272130Z  ✓ tests/unit/core/deployment/project-analyzer.test.ts (62 tests) 34ms
2026-09-22T05:21:46.5811295Z  ✓ tests/unit/cli/commands/auto-status.test.ts (57 tests) 87ms
2026-09-22T05:21:46.6061903Z  ✓ tests/unit/utils/claude-cli-detector.test.ts (62 tests) 45ms
2026-09-22T05:21:46.7068660Z  ✓ tests/unit/plugins/github/github-field-sync.test.ts (30 tests) 39ms
2026-09-22T05:21:46.7509955Z Warning: A vi.hoisted() call in "/home/runner/work/specweave/specweave/tests/unit/core/lazy-loading/llm-plugin-detector.test.ts" is not at the top level of the module. Although it appears nested, it will be hoisted and executed before any tests run. Move it to the top level to reflect its actual execution order. This will become an error in a future version.
2026-09-22T05:21:46.7537750Z See: https://vitest.dev/guide/mocking/modules#how-it-works
2026-09-22T05:21:46.7546030Z Warning: A vi.mock("child_process") call in "/home/runner/work/specweave/specweave/tests/unit/core/lazy-loading/llm-plugin-detector.test.ts" is not at the top level of the module. Although it appears nested, it will be hoisted and executed before any tests run. Move it to the top level to reflect its actual execution order. This will become an error in a future version.
2026-09-22T05:21:46.7592420Z See: https://vitest.dev/guide/mocking/modules#how-it-works
2026-09-22T05:21:46.8808103Z  ✓ tests/unit/plugins/github/github-sync-orchestrator.test.ts (28 tests) 22ms
2026-09-22T05:21:46.9417965Z  ✓ tests/unit/core/lazy-loading/llm-plugin-detector.test.ts (86 tests) 74ms
2026-09-22T05:21:47.0236147Z  ✓ tests/unit/core/living-docs/intelligent-analyzer/pattern-analyzer.test.ts (45 tests) 48ms
2026-09-22T05:21:47.3238062Z  ✓ tests/unit/core/sync/profile-manager.test.ts (63 tests) 39ms
2026-09-22T05:21:47.5070152Z  ✓ tests/unit/core/workflow/phase-detector.test.ts (42 tests) 193ms
2026-09-22T05:21:47.5611116Z  ✓ tests/unit/commands/jev-command.test.ts (39 tests) 110ms
2026-09-22T05:21:47.8558391Z  ✓ tests/unit/cli/commands/interview.test.ts (49 tests) 72ms
2026-09-22T05:21:47.8747979Z  ✓ tests/unit/core/living-docs/enterprise/history-analyzer.test.ts (38 tests) 50ms
2026-09-22T05:21:47.8794688Z  ✓ tests/unit/cli/commands/init-multirepo.test.ts (21 tests) 234ms
2026-09-22T05:21:48.2199243Z  ✓ tests/unit/core/dashboard/dashboard-data-aggregator.test.ts (38 tests) 60ms
2026-09-22T05:21:48.2762658Z  ✓ tests/unit/cli/commands/doctor.test.ts (45 tests) 59ms
2026-09-22T05:21:48.2798486Z  ✓ tests/unit/core/increment/template-creator.test.ts (36 tests) 62ms
2026-09-22T05:21:48.4694060Z  ✓ tests/unit/config/workspace-migrator.test.ts (29 tests) 40ms
2026-09-22T05:21:48.6707867Z  ✓ tests/unit/feature-id-collision.test.ts (45 tests) 123ms
2026-09-22T05:21:48.6870813Z  ✓ tests/unit/plugins/github/github-spec-frontmatter-updater.test.ts (17 tests) 16ms
2026-09-22T05:21:48.8763284Z  ✓ tests/unit/plugins/github/github-conflict-resolver.test.ts (35 tests) 19ms
2026-09-22T05:21:48.9152241Z  ✓ tests/unit/utils/structure-level-detector.test.ts (35 tests) 42ms
2026-09-22T05:21:49.2031087Z  ✓ tests/unit/core/living-docs/intelligent-analyzer/orchestrator.test.ts (45 tests) 67ms
2026-09-22T05:21:49.2251319Z  ✓ tests/unit/cli/commands/auto.test.ts (31 tests) 59ms
2026-09-22T05:21:49.4803485Z  ✓ tests/unit/utils/plugin-copier.test.ts (37 tests) 42ms
2026-09-22T05:21:49.5375513Z  ✓ tests/unit/increment/status-auto-transition.test.ts (43 tests) 79ms
2026-09-22T05:21:49.7156913Z  ✓ tests/unit/adapters/doc-generator.test.ts (44 tests) 30ms
2026-09-22T05:21:49.7698646Z  ✓ tests/unit/core/serverless/learning-path-recommender.test.ts (57 tests) 26ms
2026-09-22T05:21:49.9629641Z  ✓ tests/unit/cli/helpers/init/instruction-file-merger.test.ts (31 tests) 36ms
2026-09-22T05:21:50.1588236Z  ✓ tests/unit/utils/auth-helpers.test.ts (52 tests) 195ms
2026-09-22T05:21:50.2168671Z  ✓ tests/unit/core/project/adapters/ado-project-adapter.test.ts (44 tests) 38ms
2026-09-22T05:21:50.4193765Z  ✓ tests/unit/jev/browse.test.ts (31 tests) 1862ms
2026-09-22T05:21:50.4224311Z      ✓ stops with step_limit when the budget of steps runs out  302ms
2026-09-22T05:21:50.4227626Z      ✓ honours maxSteps from the project config  303ms
2026-09-22T05:21:50.4231709Z      ✓ lets the flags win over the config for both settings  303ms
2026-09-22T05:21:50.5006604Z  ✓ tests/unit/adapters/adapter-base.test.ts (45 tests) 39ms
2026-09-22T05:21:50.5454372Z  ✓ tests/unit/living-docs/fs-id-allocator.test.ts (31 tests) 154ms
2026-09-22T05:21:50.8024967Z  ✓ tests/unit/core/ac-progress-sync.test.ts (26 tests) 34ms
2026-09-22T05:21:50.8179992Z  ✓ tests/unit/core/cost/cost-tracker.test.ts (52 tests) 145ms
2026-09-22T05:21:50.8378503Z  ✓ tests/unit/living-docs/cross-linker.test.ts (28 tests) 25ms
2026-09-22T05:21:51.1237941Z  ✓ tests/unit/cli/helpers/smart-filter.test.ts (92 tests) 35ms
2026-09-22T05:21:51.1724353Z  ✓ tests/unit/core/repo-structure/repo-structure-manager.test.ts (26 tests) 54ms
2026-09-22T05:21:51.2108540Z  ✓ tests/unit/user-story-issue-builder.test.ts (15 tests) 102ms
2026-09-22T05:21:51.4347173Z  ✓ tests/unit/plugins/github/github-pull-sync.test.ts (14 tests) 22ms
2026-09-22T05:21:51.4918466Z  ✓ tests/unit/i18n/translation.test.ts (67 tests) 26ms
2026-09-22T05:21:51.5998828Z  ✓ tests/unit/cli/commands/status.test.ts (29 tests) 109ms
2026-09-22T05:21:51.7223505Z  ✓ tests/unit/living-docs/content-distributor.test.ts (25 tests) 38ms
2026-09-22T05:21:51.7668225Z  ✓ tests/unit/plugins/github/github-ac-comment-poster.test.ts (16 tests) 17ms
2026-09-22T05:21:51.8777389Z  ✓ tests/unit/adapters/claude-adapter.test.ts (38 tests) 31ms
2026-09-22T05:21:52.0452565Z  ✓ tests/unit/core/living-docs/foundation-builder.test.ts (33 tests) 45ms
2026-09-22T05:21:52.0900884Z  ✓ tests/unit/core/i18n/language-manager.test.ts (49 tests) 34ms
2026-09-22T05:21:52.4416682Z  ✓ tests/unit/utils/find-project-root.test.ts (51 tests) 128ms
2026-09-22T05:21:52.4463835Z  ✓ tests/unit/cli/commands/refresh-plugins.test.ts (33 tests) 41ms
2026-09-22T05:21:52.7896714Z  ✓ tests/unit/living-docs/project-detector.test.ts (38 tests) 38ms
2026-09-22T05:21:52.9869327Z  ✓ tests/unit/plugins/per-us-sync/github-per-us-sync.test.ts (15 tests) 17ms
2026-09-22T05:21:53.2628286Z  ✓ tests/unit/cli/helpers/init/github-repo-cloning.test.ts (29 tests) 48ms
2026-09-22T05:21:53.2650920Z  ✓ tests/unit/core/discrepancy/analyzers/api-route-analyzer.test.ts (42 tests) 51ms
2026-09-22T05:21:53.5061690Z  ✓ tests/unit/utils/error-formatter.test.ts (63 tests) 23ms
2026-09-22T05:21:53.5324510Z  ✓ tests/unit/testing/test-generator.test.ts (30 tests) 47ms
2026-09-22T05:21:53.7415212Z  ✓ tests/unit/cli/commands/init-integration.test.ts (13 tests) 22ms
2026-09-22T05:21:53.7619324Z  ✓ tests/unit/core/repo-structure/repo-bulk-discovery.test.ts (26 tests) 25ms
2026-09-22T05:21:53.9695092Z  ✓ tests/unit/sync/sync-coordinator.externallinks-closure.test.ts (7 tests) 1624ms
2026-09-22T05:21:53.9696051Z        ✓ pushes the error message into result.errors and does not throw  710ms
2026-09-22T05:21:53.9696919Z        ✓ ADO still closes when JIRA throws  895ms
2026-09-22T05:21:53.9903821Z  ✓ tests/unit/config-test-mode.test.ts (15 tests) 42ms
2026-09-22T05:21:54.0370988Z  ✓ tests/unit/increment/metadata-manager.test.ts (39 tests) 74ms
2026-09-22T05:21:54.2706921Z  ✓ tests/unit/plugins/github/github-push-sync.test.ts (16 tests) 26ms
2026-09-22T05:21:54.2889337Z  ✓ tests/unit/cli/commands/init-repo-clone-flow.test.ts (8 tests) 18ms
2026-09-22T05:21:54.5168476Z  ✓ tests/unit/init/architecture-decision-engine.test.ts (32 tests) 28ms
2026-09-22T05:21:54.5639850Z  ✓ tests/unit/utils/lock-manager.test.ts (36 tests) 52ms
2026-09-22T05:21:54.5893039Z  ✓ tests/unit/init/vision-analyzer.test.ts (56 tests) 257ms
2026-09-22T05:21:54.8251544Z  ✓ tests/unit/cli/helpers/init/workspace-setup.test.ts (41 tests) 73ms
2026-09-22T05:21:54.9069066Z  ✓ tests/unit/validators/ac-coverage-validator.test.ts (21 tests) 73ms
2026-09-22T05:21:55.1162855Z  ✓ tests/unit/core/analytics/analytics-collector.test.ts (29 tests) 42ms
2026-09-22T05:21:55.1187755Z  ✓ tests/unit/core/background/job-launcher.test.ts (30 tests) 265ms
2026-09-22T05:21:55.3637459Z  ✓ tests/unit/core/repo-structure/multi-repo-configurator.test.ts (14 tests) 22ms
2026-09-22T05:21:55.4078303Z  ✓ tests/unit/living-docs/scaffolding.test.ts (34 tests) 43ms
2026-09-22T05:21:55.5481861Z  ✓ tests/unit/plugins/per-us-sync/ado-per-us-sync.test.ts (11 tests) 13ms
2026-09-22T05:21:55.7046572Z  ✓ tests/unit/issue-tracker/github-repo-reuse.test.ts (13 tests) 109ms
2026-09-22T05:21:55.8667366Z  ✓ tests/unit/core/increment/active-increment-manager.test.ts (35 tests) 66ms
2026-09-22T05:21:56.0565795Z  ✓ tests/unit/qa/quality-gate-decider.test.ts (23 tests) 14ms
2026-09-22T05:21:56.2472566Z  ✓ tests/unit/adapters/cursor-adapter.test.ts (39 tests) 22ms
2026-09-22T05:21:56.3694278Z  ✓ tests/unit/skill-gen/signal-collector.test.ts (16 tests) 399ms
2026-09-22T05:21:56.4416753Z  ✓ tests/unit/core/types/sync-config.test.ts (38 tests) 18ms
2026-09-22T05:21:56.5623417Z  ✓ tests/unit/core/qa/qa-runner-helpers.test.ts (49 tests) 19ms
2026-09-22T05:21:56.7303342Z  ✓ tests/unit/jev/client.test.ts (35 tests) 93ms
2026-09-22T05:21:56.8562485Z  ✓ tests/unit/jev/decide.test.ts (105 tests) 84ms
2026-09-22T05:21:56.9233439Z  ✓ tests/unit/cli/agent-invoker.test.ts (33 tests) 18ms
2026-09-22T05:21:57.0213202Z  ↓ tests/unit/core/lazy-loading/agent-sdk-integration.test.ts (20 tests | 20 skipped)
2026-09-22T05:21:57.2396568Z  ✓ tests/unit/increment/completion-validator.test.ts (18 tests) 112ms
2026-09-22T05:21:57.2819273Z  ✓ tests/unit/core/auto/project-detector.test.ts (31 tests) 41ms
2026-09-22T05:21:57.3258429Z  ✓ tests/unit/core/llm/providers/claude-code-provider.test.ts (32 tests) 2176ms
2026-09-22T05:21:57.3274033Z        ✓ should retry on failure  1013ms
2026-09-22T05:21:57.3279365Z        ✓ should throw after all retries exhausted  1012ms
2026-09-22T05:21:57.5239198Z  ✓ tests/unit/plugins/per-us-sync/jira-per-us-sync.test.ts (11 tests) 18ms
2026-09-22T05:21:57.5403104Z  ✓ tests/unit/core/project/project-resolution.test.ts (33 tests) 31ms
2026-09-22T05:21:57.5645666Z  ✓ tests/unit/cli/helpers/ado-area-selector.test.ts (37 tests) 24ms
2026-09-22T05:21:57.8782166Z  ✓ tests/unit/utils/permission-checker.test.ts (29 tests) 83ms
2026-09-22T05:21:58.0495998Z  ✓ tests/unit/skills/skill-judge.test.ts (20 tests) 39ms
2026-09-22T05:21:58.0628834Z  ✓ tests/unit/feature-id-manager.test.ts (17 tests) 181ms
2026-09-22T05:21:58.1073429Z  ✓ tests/unit/init/serverless-savings-calculator.test.ts (39 tests) 31ms
2026-09-22T05:21:58.3218577Z [completeIncrement] Unexpected failure for 9999-missing: file not found
2026-09-22T05:21:58.3266829Z [completeIncrement] Failed transition 0001-test to "active": spec.md write failed
2026-09-22T05:21:58.3510476Z  ✓ tests/unit/core/increment/status-commands.test.ts (26 tests) 45ms
2026-09-22T05:21:58.3612554Z  ✓ tests/unit/utils/env-manager.test.ts (41 tests) 27ms
2026-09-22T05:21:58.4318565Z  ✓ tests/unit/importers/import-coordinator.test.ts (18 tests) 31ms
2026-09-22T05:21:58.6545327Z  ✓ tests/unit/increment/conflict-resolver.test.ts (9 tests) 74ms
2026-09-22T05:21:58.6781267Z  ✓ tests/unit/init/infrastructure-mapper.test.ts (33 tests) 20ms
2026-09-22T05:21:58.6938506Z  ✓ tests/unit/cli/helpers/init/shell-config.test.ts (46 tests) 94ms
2026-09-22T05:21:58.9484560Z  ✓ tests/unit/utils/cost-reporter.test.ts (22 tests) 43ms
2026-09-22T05:21:58.9688627Z  ✓ tests/unit/init/plugin-installer.test.ts (27 tests | 1 skipped) 35ms
2026-09-22T05:21:59.2135774Z  ✓ tests/unit/init/cloud-credits-database.test.ts (44 tests) 27ms
2026-09-22T05:21:59.2348800Z  ✓ tests/unit/plugins/github/github-graphql-client.test.ts (20 tests) 38ms
2026-09-22T05:21:59.3502353Z  ✓ tests/unit/hooks/jev-bash-guard.test.ts (23 tests) 433ms
2026-09-22T05:21:59.4678684Z  ✓ tests/unit/living-docs/content-classifier.test.ts (22 tests) 15ms
2026-09-22T05:21:59.4818618Z  ✓ tests/unit/utils/llm-json-extractor.test.ts (44 tests) 30ms
2026-09-22T05:21:59.6113005Z  ✓ tests/unit/cli/commands/cancel-auto.test.ts (24 tests) 34ms
2026-09-22T05:21:59.7215075Z  ✓ tests/unit/core/i18n/language-detector.test.ts (47 tests) 28ms
2026-09-22T05:21:59.8023969Z  ✓ tests/unit/user-story-issue-builder-enhanced.test.ts (13 tests) 63ms
2026-09-22T05:21:59.9356278Z  ✓ tests/unit/cli/helpers/init/repo-connect.test.ts (32 tests) 21ms
2026-09-22T05:22:00.2558771Z  ✓ tests/unit/completion-calculator.test.ts (13 tests) 83ms
2026-09-22T05:22:00.6073932Z  ✓ tests/unit/living-docs/workitem-matcher.test.ts (12 tests) 508ms
2026-09-22T05:22:00.6098060Z        ✓ should handle 200+ modules efficiently  467ms
2026-09-22T05:22:00.6118527Z  ✓ tests/unit/core/living-docs/board-matcher.test.ts (23 tests) 53ms
2026-09-22T05:22:00.8932620Z  ✓ tests/unit/living-docs/umbrella-detector.test.ts (18 tests) 58ms
2026-09-22T05:22:01.4682225Z  ✓ tests/unit/plugins/github/github-spec-sync-e2e.test.ts (6 tests) 355ms
2026-09-22T05:22:01.5056192Z  ✓ tests/unit/dashboard/marketplace-routes.test.ts (16 tests) 239ms
2026-09-22T05:22:01.7441040Z  ✓ tests/unit/utils/spec-splitter.test.ts (28 tests) 42ms
2026-09-22T05:22:01.8918661Z  ✓ tests/unit/cli/commands/init-path-resolution.test.ts (6 tests) 121ms
2026-09-22T05:22:02.0828545Z  ✓ tests/unit/core/us-completion-detector.test.ts (16 tests) 64ms
2026-09-22T05:22:02.3542228Z  ✓ tests/unit/dashboard/work-board.test.ts (17 tests) 70ms
2026-09-22T05:22:02.5495406Z  ✓ tests/unit/init/team-recommender.test.ts (22 tests) 15ms
2026-09-22T05:22:02.7575826Z  ✓ tests/unit/integrations/jira/jira-client.test.ts (28 tests) 24ms
2026-09-22T05:22:03.1927652Z  ✓ tests/unit/living-docs/smart-fuzzy-matching.test.ts (21 tests) 185ms
2026-09-22T05:22:03.4239003Z  ✓ tests/unit/repo-structure/setup-state-manager.test.ts (20 tests) 53ms
2026-09-22T05:22:03.6270575Z  ✓ tests/unit/plugins/github/github-batch-sync.test.ts (13 tests) 14ms
2026-09-22T05:22:03.8338602Z  ✓ tests/unit/utils/env-file.test.ts (48 tests) 27ms
2026-09-22T05:22:04.1018540Z  ✓ tests/unit/core/i18n/language-registry.test.ts (55 tests) 44ms
2026-09-22T05:22:04.3055393Z  ✓ tests/unit/plugins/github/github-rate-limiter.test.ts (27 tests) 19ms
2026-09-22T05:22:05.5700078Z  ✓ tests/unit/core/doctor/doctor.test.ts (25 tests) 5452ms
2026-09-22T05:22:05.5701454Z        ✓ should return a DoctorReport with all categories  1401ms
2026-09-22T05:22:05.5702879Z        ✓ should include summary counts  1138ms
2026-09-22T05:22:05.5704144Z        ✓ should skip external checks when skipExternal is true  994ms
2026-09-22T05:22:05.5705476Z        ✓ should suggest fix command when issues found  995ms
2026-09-22T05:22:05.7586023Z  ✓ tests/unit/core/repo-structure/github-provider.test.ts (30 tests) 18ms
2026-09-22T05:22:10.0342463Z  ✓ tests/unit/deduplication/command-deduplicator.test.ts (26 tests) 4114ms
2026-09-22T05:22:10.0343685Z        ✓ should allow same command after time window expires  603ms
2026-09-22T05:22:10.0344505Z        ✓ should remove old entries during cleanup  1105ms
2026-09-22T05:22:10.0345254Z        ✓ should respect custom window size  2205ms
2026-09-22T05:22:10.2307149Z  ✓ tests/unit/core/fabric/submission-queue.test.ts (26 tests) 34ms
2026-09-22T05:22:10.3976179Z  ✓ tests/unit/ascii-diagrams.test.ts (29 tests) 14ms
2026-09-22T05:22:10.5188100Z  ✓ tests/unit/core/workflow/command-invoker.test.ts (36 tests) 6027ms
2026-09-22T05:22:10.5189960Z        ✓ should retry on transient errors  6007ms
2026-09-22T05:22:10.6059699Z  ✓ tests/unit/cli/decision-log.test.ts (20 tests) 24ms
2026-09-22T05:22:10.7064827Z  ✓ tests/unit/core/types/origin-metadata.test.ts (44 tests) 16ms
2026-09-22T05:22:10.8014495Z  ✓ tests/unit/session/restart-warning.test.ts (25 tests) 12ms
2026-09-22T05:22:10.9111827Z  ✓ tests/unit/qa/risk-calculator.test.ts (35 tests) 15ms
2026-09-22T05:22:11.1676566Z  ✓ tests/unit/utils/package-json-cache.test.ts (31 tests) 184ms
2026-09-22T05:22:11.2794950Z  ✓ tests/unit/increment/duplicate-detector.test.ts (24 tests) 195ms
2026-09-22T05:22:11.4050613Z  ✓ tests/unit/cli/commands/init-config-validation.test.ts (4 tests) 9ms
2026-09-22T05:22:11.5059697Z  ✓ tests/unit/living-docs/hierarchy-mapper-project-detection.test.ts (21 tests) 50ms
2026-09-22T05:22:11.6315173Z  ✓ tests/unit/core/project/project-registry.test.ts (29 tests) 45ms
2026-09-22T05:22:11.7267336Z  ✓ tests/unit/validation/increment-structure-validation.test.ts (20 tests) 41ms
2026-09-22T05:22:12.0468191Z  ✓ tests/unit/skill-gen/integration.test.ts (11 tests) 82ms
2026-09-22T05:22:12.2608702Z  ✓ tests/unit/cli/commands/analytics.test.ts (30 tests) 21ms
2026-09-22T05:22:12.4542324Z  ✓ tests/unit/importers/path-resolver.test.ts (37 tests) 16ms
2026-09-22T05:22:12.5424754Z  ✓ tests/unit/jobs.test.ts (14 tests) 730ms
2026-09-22T05:22:12.6428421Z  ✓ tests/unit/sync/sync-settings.test.ts (50 tests) 18ms
2026-09-22T05:22:12.7269718Z  ✓ tests/unit/plugins/github/github-pull-sync-multi-repo.test.ts (7 tests) 10ms
2026-09-22T05:22:12.9223084Z  ✓ tests/unit/generators/task-parser.test.ts (16 tests) 21ms
2026-09-22T05:22:13.0069359Z  ✓ tests/unit/core/increment/metadata-validator.test.ts (11 tests) 183ms
2026-09-22T05:22:13.1493665Z  ✓ tests/unit/utils/generate-skills-index.test.ts (21 tests) 28ms
2026-09-22T05:22:13.2151076Z  ✓ tests/unit/init/cost-estimator.test.ts (39 tests) 27ms
2026-09-22T05:22:13.3306627Z  ✓ tests/unit/architecture/ProjectGenerator.test.ts (20 tests) 10ms
2026-09-22T05:22:13.4249819Z  ✓ tests/unit/core/skill-security/skill-security-scanner.test.ts (27 tests) 15ms
2026-09-22T05:22:13.5712684Z  ✓ tests/unit/increment-closure-safeguards.test.ts (13 tests) 66ms
2026-09-22T05:22:13.6327154Z  ✓ tests/unit/importers/ado-importer.test.ts (13 tests) 19ms
2026-09-22T05:22:13.7814165Z  ✓ tests/unit/metrics/github-client.test.ts (21 tests) 26ms
2026-09-22T05:22:13.8350423Z  ✓ tests/unit/core/auto/default-conditions.test.ts (32 tests) 14ms
2026-09-22T05:22:14.0442280Z  ✓ tests/unit/core/config/config-migrator.test.ts (22 tests) 71ms
2026-09-22T05:22:14.0852432Z  ✓ tests/unit/core/project/project-service.test.ts (18 tests) 23ms
2026-09-22T05:22:14.2484494Z  ✓ tests/unit/importers/jira-importer.test.ts (14 tests) 24ms
2026-09-22T05:22:14.2631581Z  ✓ tests/unit/init/project-generator.test.ts (22 tests) 15ms
2026-09-22T05:22:14.4498675Z  ✓ tests/unit/living-docs/task-project-specific-generator.test.ts (15 tests) 37ms
2026-09-22T05:22:14.4678907Z  ✓ tests/unit/core/sync/sync-interceptor.test.ts (18 tests) 35ms
2026-09-22T05:22:14.6624134Z  ✓ tests/unit/integrations/ado/ado-client.test.ts (24 tests) 20ms
2026-09-22T05:22:14.6795513Z  ✓ tests/unit/init/skill-creator-installer.test.ts (19 tests) 18ms
2026-09-22T05:22:15.0113295Z  ✓ tests/unit/sync/jira-sync-coordinator.test.ts (11 tests) 33ms
2026-09-22T05:22:15.1923988Z  ✓ tests/unit/cli/helpers/init/plugin-installer.test.ts (20 tests) 15ms
2026-09-22T05:22:15.3613626Z  ✓ tests/unit/sync/github-reconciler-bulk.test.ts (8 tests) 12ms
2026-09-22T05:22:15.5265233Z  ✓ tests/unit/progress/us-progress-tracker.test.ts (21 tests) 10ms
2026-09-22T05:22:15.6967897Z  ✓ tests/unit/repo-structure/github-validator.test.ts (20 tests) 19ms
2026-09-22T05:22:15.8707210Z  ✓ tests/unit/plugins/github/github-feature-sync-auto-close.test.ts (5 tests) 11ms
2026-09-22T05:22:16.0490270Z  ✓ tests/unit/utils/cleanup-stale-lockfiles.test.ts (12 tests) 19ms
2026-09-22T05:22:16.2868190Z  ✓ tests/unit/increment/spec-frontmatter-updater.test.ts (16 tests) 53ms
2026-09-22T05:22:16.4488568Z  ✓ tests/unit/plugins/github/github-us-auto-closer.test.ts (8 tests) 11ms
2026-09-22T05:22:17.2731043Z  ✓ tests/unit/living-docs/umbrella-full-pipeline.test.ts (5 tests) 640ms
2026-09-22T05:22:17.2733225Z        ✓ should handle large umbrella projects (200+ repos) efficiently  595ms
2026-09-22T05:22:17.4862668Z  ✓ tests/unit/progress-comment-builder.test.ts (11 tests) 37ms
2026-09-22T05:22:17.6890345Z  ✓ tests/unit/cli/commands/team.test.ts (20 tests) 32ms
2026-09-22T05:22:17.8863935Z  ✓ tests/unit/utils/docs-folder-numbering.test.ts (37 tests) 29ms
2026-09-22T05:22:18.2537805Z  ✓ tests/unit/importers/rate-limiter.test.ts (25 tests) 227ms
2026-09-22T05:22:18.4167175Z  ✓ tests/unit/plugins/github/github-ac-sync-integration.test.ts (4 tests) 9ms
2026-09-22T05:22:18.6316752Z  ✓ tests/unit/importers/import-to-increment.test.ts (21 tests) 37ms
2026-09-22T05:22:18.8524625Z  ✓ tests/unit/status-line/status-line-updater.test.ts (18 tests) 62ms
2026-09-22T05:22:19.0644312Z  ✓ tests/unit/core/ac-test-validator.test.ts (16 tests) 44ms
2026-09-22T05:22:19.2535557Z  ✓ tests/unit/utils/docs-validator.test.ts (19 tests) 24ms
2026-09-22T05:22:19.4544094Z  ✓ tests/unit/core/project/project-event-bus.test.ts (21 tests) 49ms
2026-09-22T05:22:19.6233627Z  ✓ tests/unit/core/tdd/task-template-generator.test.ts (20 tests) 12ms
2026-09-22T05:22:19.7986136Z  ✓ tests/unit/cli/workers/marketplace-scanner-worker.test.ts (12 tests) 16ms
2026-09-22T05:22:20.0339670Z  ✓ tests/unit/importers/duplicate-detector.test.ts (19 tests) 52ms
2026-09-22T05:22:20.1906052Z  ✓ tests/unit/plugins/github/github-board-resolver-v2.test.ts (14 tests) 12ms
2026-09-22T05:22:20.3698373Z  ✓ tests/unit/core/llm/budget-guard.test.ts (17 tests) 17ms
2026-09-22T05:22:20.5303091Z  ✓ tests/unit/utils/credential-masker.test.ts (31 tests) 15ms
2026-09-22T05:22:20.6972175Z  ✓ tests/unit/sync/github-reconciler-no-resync.test.ts (11 tests) 11ms
2026-09-22T05:22:20.8778663Z  ✓ tests/unit/cli/migrate-to-vskill.test.ts (9 tests) 18ms
2026-09-22T05:22:21.5272097Z  ✓ tests/unit/core/discrepancy/brownfield-manager.test.ts (25 tests) 61ms
2026-09-22T05:22:21.7384037Z  ✓ tests/unit/utils/feature-id-collision.test.ts (40 tests) 54ms
2026-09-22T05:22:21.8835687Z  ↓ tests/unit/cli/repair-status-desync.test.ts (20 tests | 20 skipped)
2026-09-22T05:22:22.0651609Z  ✓ tests/unit/utils/cleanup-stale-plugins-multi-marketplace.test.ts (8 tests) 19ms
2026-09-22T05:22:22.2351483Z  ✓ tests/unit/task-state-manager.test.ts (27 tests) 13ms
2026-09-22T05:22:22.4108452Z  ✓ tests/unit/core/qa/risk-calculator.test.ts (46 tests) 15ms
2026-09-22T05:22:22.6464177Z  ✓ tests/unit/core/sync/sync-audit-logger.test.ts (22 tests) 67ms
2026-09-22T05:22:22.6648659Z  ✓ tests/unit/sync/concurrent-sync-safety.test.ts (11 tests) 20523ms
2026-09-22T05:22:22.6651283Z        ✓ should allow only one agent to acquire lock at a time  10046ms
2026-09-22T05:22:22.6652877Z        ✓ should preserve fresh locks held by other processes  10030ms
2026-09-22T05:22:22.8419297Z  ✓ tests/unit/increment-0000-rejection.test.ts (24 tests) 26ms
2026-09-22T05:22:22.8712443Z  ✓ tests/unit/cli/commands/list.test.ts (35 tests) 29ms
2026-09-22T05:22:23.0446920Z  ✓ tests/unit/status-line/status-line-manager.test.ts (21 tests) 20ms
2026-09-22T05:22:23.1072563Z  ✓ tests/unit/core/config/config-manager.test.ts (29 tests) 56ms
2026-09-22T05:22:23.2183824Z  ✓ tests/unit/hooks/post-increment-planning-idempotency.test.ts (13 tests) 14ms
2026-09-22T05:22:23.4065035Z  ✓ tests/unit/cli/commands/lsp-setup.test.ts (12 tests) 18ms
2026-09-22T05:22:23.4086519Z  ✓ tests/unit/cli/helpers/init/repo-connect-loop.test.ts (10 tests) 13ms
2026-09-22T05:22:23.5954095Z  ✓ tests/unit/sync/config.test.ts (39 tests) 23ms
2026-09-22T05:22:23.6077815Z  ✓ tests/unit/sync/sync-metadata.test.ts (17 tests) 25ms
2026-09-22T05:22:23.8294925Z  ✓ tests/unit/cli/helpers/init/gitignore-generator.test.ts (25 tests) 46ms
2026-09-22T05:22:23.8579288Z  ✓ tests/unit/living-docs/content-parser.test.ts (24 tests) 26ms
2026-09-22T05:22:24.0103931Z  ✓ tests/unit/init/architecture-presenter.test.ts (12 tests) 17ms
2026-09-22T05:22:24.0458333Z  ✓ tests/unit/init/repository-selector.test.ts (30 tests) 17ms
2026-09-22T05:22:24.2673504Z  ✓ tests/unit/cli/commands/create-increment-auto-id.test.ts (13 tests) 93ms
2026-09-22T05:22:24.2967495Z  ✓ tests/unit/github-metadata-removal.test.ts (18 tests) 57ms
2026-09-22T05:22:24.8408476Z  ✓ tests/unit/core/increment/status-change-sync-throttle-timing.test.ts (6 tests) 367ms
2026-09-22T05:22:25.0330203Z  ✓ tests/unit/core/config/migrate-to-2.test.ts (14 tests) 25ms
2026-09-22T05:22:25.2395068Z  ✓ tests/unit/core/llm/providers/workers-ai-provider.test.ts (19 tests) 39ms
2026-09-22T05:22:25.4184455Z  ✓ tests/unit/core/session/session-state-manager.test.ts (22 tests) 24ms
2026-09-22T05:22:25.5938003Z  ✓ tests/unit/core/auto/plan-approval.test.ts (18 tests) 19ms
2026-09-22T05:22:25.7681645Z  ✓ tests/unit/sync/github-reconciler-completion.test.ts (10 tests) 13ms
2026-09-22T05:22:25.9201674Z  ✓ tests/unit/importers/jira-1level-structure.test.ts (7 tests) 8ms
2026-09-22T05:22:26.0781470Z  ✓ tests/unit/cli/helpers/init/summary-banner.test.ts (27 tests) 9ms
2026-09-22T05:22:26.1650026Z  ✓ tests/unit/cli/workers/clone-worker.test.ts (15 tests) 1720ms
2026-09-22T05:22:26.1658941Z        ✓ creates result.json with proper structure on successful clone  551ms
2026-09-22T05:22:26.1662909Z        ✓ sanitizes PAT from error messages  550ms
2026-09-22T05:22:26.1664932Z        ✓ never marks clone job as failed (uses completed_with_warnings)  552ms
2026-09-22T05:22:26.2750093Z  ✓ tests/unit/lock-manager.test.ts (17 tests) 28ms
2026-09-22T05:22:26.4301609Z  ✓ tests/unit/cli/increment-detector.test.ts (20 tests) 15ms
2026-09-22T05:22:26.5024705Z  ✓ tests/unit/core/discrepancy/increment-generator.test.ts (13 tests) 25ms
2026-09-22T05:22:26.7262316Z  ✓ tests/unit/cli/helpers/init/init-architecture.test.ts (12 tests) 24ms
2026-09-22T05:22:26.7559534Z  ✓ tests/unit/core/hooks/lifecycle-hook-dispatcher.test.ts (12 tests) 144ms
2026-09-22T05:22:26.9160973Z  ✓ tests/unit/cli/commands/sync-health.test.ts (14 tests) 13ms
2026-09-22T05:22:27.0828388Z  ✓ tests/unit/core/fabric/registry-schema-extensions.test.ts (22 tests) 10ms
2026-09-22T05:22:27.1560241Z  ✓ tests/unit/jev/integrations.test.ts (22 tests) 191ms
2026-09-22T05:22:27.3397954Z  ✓ tests/unit/core/ac-progress-sync-integration.test.ts (5 tests) 11ms
2026-09-22T05:22:27.3898477Z  ✓ tests/unit/cli/commands/lsp.test.ts (24 tests) 72ms
2026-09-22T05:22:27.5645676Z  ✓ tests/unit/core/lsp/lsp-client.test.ts (18 tests | 3 skipped) 49ms
2026-09-22T05:22:27.5845619Z  ✓ tests/unit/config/import-config.test.ts (22 tests) 22ms
2026-09-22T05:22:27.7383135Z 
2026-09-22T05:22:27.7398994Z 
2026-09-22T05:22:27.7399327Z 
2026-09-22T05:22:27.7474840Z 
2026-09-22T05:22:27.7475219Z 
2026-09-22T05:22:27.7475349Z 
2026-09-22T05:22:27.7475551Z 
2026-09-22T05:22:27.7475563Z 
2026-09-22T05:22:27.7475574Z 
2026-09-22T05:22:27.7475581Z 
2026-09-22T05:22:27.7475590Z 
2026-09-22T05:22:27.7475599Z 
2026-09-22T05:22:27.7475666Z 
2026-09-22T05:22:27.7475675Z 
2026-09-22T05:22:27.7475684Z 
2026-09-22T05:22:27.7496825Z 
2026-09-22T05:22:27.7583113Z 
2026-09-22T05:22:27.7584152Z  ✓ tests/unit/core/progress/progress-tracker.test.ts (17 tests) 20ms
2026-09-22T05:22:27.7817238Z  ✓ tests/unit/init/InitFlow.test.ts (23 tests) 18ms
2026-09-22T05:22:27.9756075Z  ✓ tests/unit/core/fabric/security-judge.test.ts (12 tests) 16ms
2026-09-22T05:22:28.0142319Z  ✓ tests/unit/status-line-validator.test.ts (10 tests) 45ms
2026-09-22T05:22:28.1819504Z  ✓ tests/unit/cli/helpers/init/greenfield-detection.test.ts (29 tests) 41ms
2026-09-22T05:22:28.2579265Z  ✓ tests/unit/cli/helpers/issue-tracker/project-mapping-wizard.test.ts (21 tests) 17ms
2026-09-22T05:22:28.4051141Z  ↓ tests/unit/cli/commands/discrepancies.test.ts (23 tests | 23 skipped)
2026-09-22T05:22:28.5206227Z  ✓ tests/unit/dashboard/cost-aggregator-cache.test.ts (10 tests) 158ms
2026-09-22T05:22:28.6020905Z  ✓ tests/unit/metrics/lead-time.test.ts (10 tests) 9ms
2026-09-22T05:22:28.7017242Z  ✓ tests/unit/plugins/github/github-cross-repo-sync.test.ts (9 tests) 11ms
2026-09-22T05:22:28.7938996Z  ✓ tests/unit/cli/helpers/init/config-detection.test.ts (16 tests) 22ms
2026-09-22T05:22:28.8885070Z  ✓ tests/unit/cli/helpers/init/init-location-guards.test.ts (29 tests) 19ms
2026-09-22T05:22:28.9621417Z  ✓ tests/unit/plugins/github/github-issue-body-parser.test.ts (15 tests) 12ms
2026-09-22T05:22:29.1819676Z  ✓ tests/unit/core/living-docs/sync-reentrancy-guard.test.ts (4 tests) 129ms
2026-09-22T05:22:29.2633947Z  ✓ tests/unit/sync/spec-increment-mapper.test.ts (20 tests) 113ms
2026-09-22T05:22:29.5437825Z  ✓ tests/unit/core/increment/discipline-checker.test.ts (20 tests) 58ms
2026-09-22T05:22:29.7070259Z  ✓ tests/unit/utils/platform-utils.test.ts (27 tests) 329ms
2026-09-22T05:22:29.7071734Z          ✓ should time out when lock is held  303ms
2026-09-22T05:22:29.7318367Z  ✓ tests/unit/jev/config.test.ts (29 tests) 31ms
2026-09-22T05:22:29.9296041Z  ✓ tests/unit/core/tools/tool-index-builder.test.ts (15 tests) 34ms
2026-09-22T05:22:29.9529001Z  ✓ tests/unit/dashboard/marketplace-aggregator.test.ts (17 tests) 35ms
2026-09-22T05:22:30.0494414Z  ✓ tests/unit/cli/helpers/async-project-loader.test.ts (11 tests) 15174ms
2026-09-22T05:22:30.0496554Z        ✓ should retry on network error and succeed on second attempt  1003ms
2026-09-22T05:22:30.0527843Z        ✓ should retry 3 times before giving up  3005ms
2026-09-22T05:22:30.0552560Z        ✓ should throttle when rate limit is low  2096ms
2026-09-22T05:22:30.0565889Z        ✓ should reduce batch size from 50 → 25 on timeout  3003ms
2026-09-22T05:22:30.0567651Z        ✓ should continue fetching after single batch failure  3006ms
2026-09-22T05:22:30.0568956Z        ✓ should log errors to file  3006ms
2026-09-22T05:22:30.1494038Z  ✓ tests/unit/i18n/language-manager.test.ts (36 tests) 20ms
2026-09-22T05:22:30.2343413Z Warning: A vi.hoisted() call in "/home/runner/work/specweave/specweave/tests/unit/core/background/job-dependency.test.ts" is not at the top level of the module. Although it appears nested, it will be hoisted and executed before any tests run. Move it to the top level to reflect its actual execution order. This will become an error in a future version.
2026-09-22T05:22:30.2369693Z See: https://vitest.dev/guide/mocking/modules#how-it-works
2026-09-22T05:22:30.2379849Z Warning: A vi.mock("../../../../src/core/background/job-manager.js") call in "/home/runner/work/specweave/specweave/tests/unit/core/background/job-dependency.test.ts" is not at the top level of the module. Although it appears nested, it will be hoisted and executed before any tests run. Move it to the top level to reflect its actual execution order. This will become an error in a future version.
2026-09-22T05:22:30.2400904Z See: https://vitest.dev/guide/mocking/modules#how-it-works
2026-09-22T05:22:30.3118565Z  ✓ tests/unit/core/background/job-dependency.test.ts (24 tests) 38ms
2026-09-22T05:22:30.3618165Z  ✓ tests/unit/utils/git-utils.test.ts (26 tests) 201ms
2026-09-22T05:22:30.4069974Z  ✓ tests/unit/core/plugins/skill-frontmatter-21x.test.ts (18 tests) 28ms
2026-09-22T05:22:30.5736816Z  ✓ tests/unit/integrations/jira-client-comments.test.ts (14 tests) 21ms
2026-09-22T05:22:30.5959810Z  ✓ tests/unit/init/keyword-extractor.test.ts (22 tests) 26ms
2026-09-22T05:22:30.7039428Z  ✓ tests/unit/core/cicd/pr-workflow.integration.test.ts (17 tests) 24ms
2026-09-22T05:22:30.8921634Z  ✓ tests/unit/dashboard/cost-aggregator.test.ts (14 tests) 65ms
2026-09-22T05:22:30.9078424Z  ✓ tests/unit/skills/api-validator.test.ts (14 tests) 63ms
2026-09-22T05:22:30.9378486Z  ✓ tests/unit/generators/spec-parser-yaml-validation.test.ts (19 tests) 26ms
2026-09-22T05:22:31.1018794Z  ↓ tests/unit/cli/validate-status-sync.test.ts (14 tests | 14 skipped)
2026-09-22T05:22:31.2184929Z  ✓ tests/unit/core/hooks/handlers/stop.test.ts (12 tests) 41ms
2026-09-22T05:22:31.2378443Z  ✓ tests/unit/cicd/workflow-monitor.test.ts (6 tests) 42ms
2026-09-22T05:22:31.3405500Z  ✓ tests/unit/importers/jira-grouping.test.ts (15 tests) 16ms
2026-09-22T05:22:31.4754464Z  ✓ tests/unit/cli/commands/fix-hook-permissions.test.ts (9 tests) 20ms
2026-09-22T05:22:31.4774467Z  ✓ tests/unit/plugins/github/github-token-passthrough.test.ts (17 tests) 21ms
2026-09-22T05:22:31.5701059Z  ✓ tests/unit/id-generators/us-id-generator.test.ts (43 tests) 23ms
2026-09-22T05:22:31.6828097Z  ✓ tests/unit/sync/github-ac-comment-dedup.test.ts (4 tests) 11ms
2026-09-22T05:22:31.7129663Z  ✓ tests/unit/core/cache/rate-limit-checker.test.ts (18 tests) 12ms
2026-09-22T05:22:31.8155462Z  ✓ tests/unit/id-generators/task-id-generator.test.ts (43 tests) 25ms
2026-09-22T05:22:32.0008873Z  ✓ tests/unit/core/notifications/notification-manager.test.ts (17 tests) 51ms
2026-09-22T05:22:32.0651805Z  ✓ tests/unit/core/repo-structure/url-generator.test.ts (36 tests) 23ms
2026-09-22T05:22:32.3919900Z  ✓ tests/unit/skill-gen/utils.test.ts (27 tests) 43ms
2026-09-22T05:22:32.4069656Z  ✓ tests/unit/increment/metadata-manager-validation.test.ts (16 tests) 116ms
2026-09-22T05:22:32.7060794Z  ✓ tests/unit/skills/standalone-skills.test.ts (11 tests) 104ms
2026-09-22T05:22:32.7392130Z  ✓ tests/unit/cli/helpers/progress-tracker.test.ts (15 tests) 123ms
2026-09-22T05:22:32.9230018Z  ✓ tests/unit/utils/bash-sanitizer.test.ts (27 tests) 16ms
2026-09-22T05:22:32.9618508Z  ✓ tests/unit/hooks/run-mjs.test.ts (10 tests) 1068ms
2026-09-22T05:22:33.0047780Z  ✓ tests/unit/core/auto/completion-evaluator.test.ts (9 tests) 21ms
2026-09-22T05:22:33.2168463Z  ✓ tests/unit/utils/increment-id-validator.test.ts (58 tests) 25ms
2026-09-22T05:22:33.2624535Z  ✓ tests/unit/living-docs/umbrella-discovery-integration.test.ts (6 tests) 56ms
2026-09-22T05:22:33.4928338Z  ✓ tests/unit/sync/github-rate-limit-budget.test.ts (15 tests) 49ms
2026-09-22T05:22:33.5135039Z  ✓ tests/unit/skills/activation-tracker.test.ts (23 tests) 32ms
2026-09-22T05:22:33.5912420Z  ✓ tests/unit/core/living-docs/intelligent-analyzer/deep-repo-analyzer.test.ts (12 tests) 405ms
2026-09-22T05:22:33.7246703Z  ✓ tests/unit/core/lsp/config/language-analyzer.test.ts (18 tests) 15ms
2026-09-22T05:22:33.7535694Z  ✓ tests/unit/core/status-line/task-counter.test.ts (24 tests) 20ms
2026-09-22T05:22:33.9034322Z  ✓ tests/unit/core/logs/log-aggregator.test.ts (21 tests) 73ms
2026-09-22T05:22:33.9558582Z  ✓ tests/unit/core/sync/permission-enforcer.test.ts (22 tests) 25ms
2026-09-22T05:22:34.0626240Z  ✓ tests/unit/core/rubric/rubric-evaluator.test.ts (18 tests) 16ms
2026-09-22T05:22:34.1311905Z  ✓ tests/unit/utils/feature-id-derivation.test.ts (54 tests) 15ms
2026-09-22T05:22:34.2057614Z  ✓ tests/unit/cli/helpers/init/root-repo-detection.test.ts (15 tests) 18ms
2026-09-22T05:22:34.3188571Z  ✓ tests/unit/core/doctor/checkers/plugins-checker.test.ts (11 tests) 19ms
2026-09-22T05:22:34.3788520Z  ✓ tests/unit/cli/commands/plan-command.test.ts (13 tests) 36ms
2026-09-22T05:22:34.4528531Z  ✓ tests/unit/core/universal-auto-create.test.ts (10 tests) 17ms
2026-09-22T05:22:34.6381917Z  ↓ tests/unit/cli/commands/notifications.test.ts (22 tests | 22 skipped)
2026-09-22T05:22:34.6518400Z  ✓ tests/unit/cli/helpers/init/provider-detection.test.ts (23 tests) 38ms
2026-09-22T05:22:34.6629386Z  ✓ tests/unit/skill-gen/suggestion-engine.test.ts (12 tests) 44ms
2026-09-22T05:22:34.8368957Z  ✓ tests/unit/core/types/sync-profile-helpers.test.ts (19 tests) 12ms
2026-09-22T05:22:34.8901038Z  ✓ tests/unit/increment/planning-status.test.ts (32 tests) 18ms
2026-09-22T05:22:35.0378524Z  ✓ tests/unit/importers/jira-custom-types.test.ts (22 tests) 12ms
2026-09-22T05:22:35.0677030Z  ✓ tests/unit/hooks/lightweight-intents.test.ts (11 tests) 84ms
2026-09-22T05:22:35.1335388Z  ✓ tests/unit/architecture/InfrastructureMapper.test.ts (20 tests) 19ms
2026-09-22T05:22:35.2928955Z  ✓ tests/unit/core/progress/import-state.test.ts (15 tests) 38ms
2026-09-22T05:22:35.3448464Z  ✓ tests/unit/cli/helpers/init/smart-defaults.test.ts (18 tests) 93ms
2026-09-22T05:22:35.3962857Z  ✓ tests/unit/core/lazy-loading/failure-logger.test.ts (20 tests) 47ms
2026-09-22T05:22:35.5489337Z  ✓ tests/unit/increment-utils-suffix.test.ts (31 tests) 40ms
2026-09-22T05:22:35.5868693Z  ↓ tests/unit/increment/duplicate-prevention.test.ts (7 tests | 7 skipped)
2026-09-22T05:22:35.6668025Z  ✓ tests/unit/core/living-docs/lsp-bootstrapper.test.ts (13 tests) 15ms
2026-09-22T05:22:35.8118498Z  ✓ tests/unit/cli/helpers/init/path-utils.test.ts (19 tests) 30ms
2026-09-22T05:22:35.9974997Z  ✓ tests/unit/core/lsp/config/project-detector.test.ts (17 tests) 8ms
2026-09-22T05:22:36.1388615Z  ↓ tests/unit/cli/session-warning.test.ts (15 tests | 15 skipped)
2026-09-22T05:22:36.2991332Z  ✓ tests/unit/cli/helpers/init/plugin-installer-vskill.test.ts (8 tests) 10ms
2026-09-22T05:22:39.9458417Z  ✓ tests/unit/cli/helpers/project-count-fetcher.test.ts (9 tests) 4041ms
2026-09-22T05:22:39.9460714Z        ✓ should retry on timeout and succeed on second attempt  1002ms
2026-09-22T05:22:39.9462498Z        ✓ should retry on network error and eventually fail  3004ms
2026-09-22T05:22:40.1574082Z  ✓ tests/unit/core/living-docs/intelligent-analyzer/architecture-generator.test.ts (7 tests) 45ms
2026-09-22T05:22:40.3529828Z  ✓ tests/unit/hooks/hook-wiring-parity.test.ts (19 tests) 44ms
2026-09-22T05:22:45.8554177Z  ✓ tests/unit/core/background/codebase-rescan-launcher.test.ts (12 tests) 10070ms
2026-09-22T05:22:45.8556662Z        ✓ should fallback to foreground when worker not found in background mode  10041ms
2026-09-22T05:22:46.2373663Z  ✓ tests/unit/feature-deleter/validator.test.ts (5 tests) 45ms
2026-09-22T05:22:46.5548317Z  ✓ tests/unit/cli/commands/get.test.ts (13 tests) 25ms
2026-09-22T05:22:46.5778748Z  ✓ tests/unit/lock-staleness.test.ts (15 tests) 10116ms
2026-09-22T05:22:46.5783666Z        ✓ should timeout when lock is held by active process  10049ms
2026-09-22T05:22:46.8318215Z  ✓ tests/unit/github/ac-checkbox-sync.test.ts (12 tests) 13ms
2026-09-22T05:22:46.9377840Z  ✓ tests/unit/core/lazy-loading/project-detector-mobile.test.ts (14 tests) 28ms
2026-09-22T05:22:47.1372834Z  ✓ tests/unit/core/lazy-loading/path-utils.test.ts (24 tests) 37ms
2026-09-22T05:22:47.4033899Z  ↓ tests/unit/cli/commands/cleanup-cache.test.ts (10 tests | 10 skipped)
2026-09-22T05:22:47.7244685Z  ✓ tests/unit/core/plugins/skill-naming-convention.test.ts (5 tests) 49ms
2026-09-22T05:22:47.8343089Z  ✓ tests/unit/cli/commands/sync.test.ts (13 tests) 31ms
2026-09-22T05:22:48.0218565Z  ✓ tests/unit/core/repo-structure/platform-registry.test.ts (17 tests) 22ms
2026-09-22T05:22:48.0768785Z  ↓ tests/unit/cli/commands/sync-logs.test.ts (18 tests | 18 skipped)
2026-09-22T05:22:48.4047964Z  ✓ tests/unit/auto/config.test.ts (17 tests) 36ms
2026-09-22T05:22:48.6686585Z  ✓ tests/unit/github/github-token-passthrough.test.ts (8 tests) 18ms
2026-09-22T05:22:48.9369894Z  ✓ tests/unit/core/lazy-loading/shell-detector.test.ts (26 tests) 650ms
2026-09-22T05:22:49.0833825Z  ✓ tests/unit/core/llm/consent.test.ts (25 tests) 85ms
2026-09-22T05:22:49.2779245Z  ✓ tests/unit/init/uninstall.test.ts (8 tests) 56ms
2026-09-22T05:22:49.5320943Z  ✓ tests/unit/plugins/github/github-issue-body-generator.test.ts (13 tests) 8ms
2026-09-22T05:22:49.5489155Z  ✓ tests/unit/project-hub/store.test.ts (29 tests) 72ms
2026-09-22T05:22:49.8223613Z  ✓ tests/unit/core/repo-structure/role-prefix-collector.test.ts (11 tests) 20ms
2026-09-22T05:22:49.8402652Z  ✓ tests/unit/metrics/mttr.test.ts (12 tests) 14ms
2026-09-22T05:22:50.1087052Z  ✓ tests/unit/core/auto/increment-planner.test.ts (10 tests) 13ms
2026-09-22T05:22:50.5468363Z  ✓ tests/unit/cli/helpers/init/repo-connect-validation.test.ts (19 tests) 31ms
2026-09-22T05:22:50.8758400Z  ✓ tests/unit/project-detector-repo-detection.test.ts (18 tests) 21ms
2026-09-22T05:22:51.2558656Z  ✓ tests/unit/skill-gen/drift-detector.test.ts (9 tests) 37ms
2026-09-22T05:22:53.8881418Z  ✓ tests/unit/core/lsp/lsp-client-server-requests.test.ts (3 tests) 2362ms
2026-09-22T05:22:53.8889241Z      ✓ should respond to workspace/configuration and still handle hover  2119ms
2026-09-22T05:22:54.3328682Z  ✓ tests/unit/plugins/jira/jira-file-locking.test.ts (5 tests) 142ms
2026-09-22T05:22:54.6218406Z  ✓ tests/unit/core/lsp/config/lsp-prompt.test.ts (11 tests) 15ms
2026-09-22T05:22:55.0135128Z  ✓ tests/unit/core/sync/sync-retry-queue.test.ts (11 tests) 145ms
2026-09-22T05:22:55.3288824Z  ✓ tests/unit/spec-sync-manager/core.test.ts (11 tests) 65ms
2026-09-22T05:22:55.6578308Z  ✓ tests/unit/auto/logger.test.ts (14 tests) 35ms
2026-09-22T05:22:55.9106862Z  ✓ tests/unit/cli/helpers/init/instruction-templates.test.ts (19 tests) 22ms
2026-09-22T05:22:56.1461500Z  ✓ tests/unit/cli/commands/update-robustness.test.ts (13 tests) 18ms
2026-09-22T05:22:56.3401275Z  ✓ tests/unit/session/plugin-install-detector.test.ts (13 tests) 10ms
2026-09-22T05:22:56.5548137Z  ✓ tests/unit/tdd/template-selection.test.ts (10 tests | 1 skipped) 10ms
2026-09-22T05:22:56.8408659Z  ✓ tests/unit/core/tools/tool-registry.test.ts (12 tests) 19ms
2026-09-22T05:22:57.0534813Z  ✓ tests/unit/dashboard/server/routes/workspace-routes.test.ts (13 tests) 16ms
2026-09-22T05:22:57.1311580Z  ✓ tests/unit/skills/skill-validator.test.ts (15 tests) 16608ms
2026-09-22T05:22:57.1349192Z        ✓ should run quick validation steps  718ms
2026-09-22T05:22:57.1350615Z        ✓ should mark optional steps as passed when skipped  532ms
2026-09-22T05:22:57.1381680Z        ✓ should format passed result  550ms
2026-09-22T05:22:57.1409243Z      ✓ should validate a skill with default options  13813ms
2026-09-22T05:22:57.1415136Z      ✓ should auto-detect project and validate  984ms
2026-09-22T05:22:57.2979337Z  ✓ tests/unit/integrations/github/label-cache-persistence.test.ts (9 tests) 18ms
2026-09-22T05:22:57.3594518Z  ✓ tests/unit/living-docs/format-preservation-metadata.test.ts (13 tests) 12ms
2026-09-22T05:22:57.5065475Z  ✓ tests/unit/increment/sync-circuit-breaker.test.ts (16 tests) 22ms
2026-09-22T05:22:57.6074190Z  ✓ tests/unit/utils/cleanup-stale-plugins.test.ts (10 tests) 20ms
2026-09-22T05:22:57.8399895Z  ✓ tests/unit/cli/commands/lsp-find-symbol-position.test.ts (13 tests) 27ms
2026-09-22T05:22:57.8973596Z  ✓ tests/unit/core/hooks/handlers/session-start.test.ts (13 tests) 79ms
2026-09-22T05:22:58.1258668Z  ✓ tests/unit/cli/commands/create-increment.test.ts (9 tests) 95ms
2026-09-22T05:22:58.1570372Z  ✓ tests/unit/cli/helpers/init/instruction-file-writer.test.ts (12 tests) 30ms
2026-09-22T05:22:58.3521263Z  ✓ tests/unit/sync/reconciler-dual-format.test.ts (13 tests) 22ms
2026-09-22T05:22:58.3899175Z  ✓ tests/unit/living-docs/spec-distributor-backward-compat.test.ts (3 tests) 25ms
2026-09-22T05:22:58.5754116Z  ✓ tests/unit/core/lsp/warmup/strategies/csharp.test.ts (11 tests) 15ms
2026-09-22T05:22:58.6268078Z  ✓ tests/unit/cli/helpers/get/bulk-get.test.ts (19 tests) 13ms
2026-09-22T05:22:58.8257886Z  ✓ tests/unit/core/qa/coverage-validator.test.ts (14 tests) 19ms
2026-09-22T05:22:58.8829849Z  ✓ tests/unit/init/vskill-init-invoker.test.ts (13 tests) 18ms
2026-09-22T05:22:59.0064433Z  ✓ tests/unit/core/llm/model-capabilities.test.ts (22 tests) 10ms
2026-09-22T05:22:59.2176132Z  ✓ tests/unit/skill-gen/rule-collector.test.ts (14 tests) 40ms
2026-09-22T05:22:59.2359574Z  ✓ tests/unit/increment-validator.test.ts (16 tests) 19ms
2026-09-22T05:22:59.4888508Z  ✓ tests/unit/plugin-copier-target-dir.test.ts (5 tests) 11ms
2026-09-22T05:22:59.6923924Z  ✓ tests/unit/dashboard/claude-log-parser.test.ts (9 tests) 39ms
2026-09-22T05:22:59.8960548Z  ✓ tests/unit/cli/commands/session.test.ts (12 tests) 23ms
2026-09-22T05:22:59.9980587Z  ✓ tests/unit/cli/slash-command-hints.test.ts (2 tests) 9346ms
2026-09-22T05:22:59.9981975Z      ✓ resolves every slash command printed by the CLI  9340ms
2026-09-22T05:23:00.0955088Z  ✓ tests/unit/core/analytics/analytics-aggregator.test.ts (13 tests) 21ms
2026-09-22T05:23:00.1945443Z  ✓ tests/unit/increment-utils-gap-filling.test.ts (12 tests) 17ms
2026-09-22T05:23:00.2753314Z  ✓ tests/unit/core/llm/fallback-provider.test.ts (10 tests) 12ms
2026-09-22T05:23:00.3605953Z  ✓ tests/unit/adapter-loader.test.ts (15 tests) 857ms
2026-09-22T05:23:00.3628537Z        ✓ should return claude as default and never generic unless explicit  836ms
2026-09-22T05:23:00.4022477Z  ✓ tests/unit/repo-structure/multi-repo-detector.test.ts (22 tests) 20ms
2026-09-22T05:23:00.4770236Z  ✓ tests/unit/config/plugin-scope-config.test.ts (19 tests) 10ms
2026-09-22T05:23:00.5832914Z  ✓ tests/unit/core/validation/project-validation.test.ts (6 tests) 17ms
2026-09-22T05:23:00.6220610Z  ✓ tests/unit/error-formatter.test.ts (18 tests) 19ms
2026-09-22T05:23:00.7795769Z  ✓ tests/unit/living-docs/epic-id-allocator.test.ts (7 tests) 53ms
2026-09-22T05:23:00.8294766Z  ✓ tests/unit/sync/platform-suffix-ids.test.ts (30 tests) 26ms
2026-09-22T05:23:00.8698447Z  ✓ tests/unit/session/session-state.test.ts (13 tests) 18ms
2026-09-22T05:23:01.0723263Z  ✓ tests/unit/core/closure-dispatcher.test.ts (9 tests) 18ms
2026-09-22T05:23:01.2458190Z  ✓ tests/unit/cli/helpers/get/register-repo.test.ts (9 tests) 11ms
2026-09-22T05:23:01.4205172Z  ✓ tests/unit/core/increment/completion-validator-coverage.test.ts (5 tests) 19ms
2026-09-22T05:23:01.5721053Z  ✓ tests/unit/tdd/spec-contract.test.ts (9 tests | 1 skipped) 9ms
2026-09-22T05:23:01.7483948Z  ✓ tests/unit/core/external-tools/external-items-counter.test.ts (8 tests) 10ms
2026-09-22T05:23:01.9815509Z  ✓ tests/unit/commands/refresh-plugins.test.ts (8 tests) 14ms
2026-09-22T05:23:02.1577324Z  ✓ tests/unit/core/external-tools/provider-adapters.test.ts (11 tests) 23ms
2026-09-22T05:23:02.2621077Z  ✓ tests/unit/core/lsp/warmup/strategy.test.ts (13 tests) 1221ms
2026-09-22T05:23:02.4069051Z  ✓ tests/unit/increment/auto-transition-manager.test.ts (13 tests) 10ms
2026-09-22T05:23:02.4828212Z  ✓ tests/unit/integrations/github/skip-linked-issues.test.ts (9 tests) 18ms
2026-09-22T05:23:02.6748645Z  ✓ tests/unit/architecture/CostEstimator.test.ts (18 tests) 31ms
2026-09-22T05:23:02.6766693Z  ✓ tests/unit/increment/completion-validator-closure-gate.test.ts (9 tests) 74ms
2026-09-22T05:23:02.8782109Z  ✓ tests/unit/cost/spend-aggregator.test.ts (9 tests) 34ms
2026-09-22T05:23:02.9933423Z  ✓ tests/unit/sync/sync-coordinator-messages.test.ts (5 tests) 21ms
2026-09-22T05:23:03.0579760Z  ✓ tests/unit/github/issue-state-manager.test.ts (12 tests) 9ms
2026-09-22T05:23:03.1931755Z  ✓ tests/unit/core/doctor/checkers/project-structure-checker.test.ts (9 tests) 14ms
2026-09-22T05:23:03.3318512Z  ✓ tests/unit/config/config-manager.test.ts (11 tests) 26ms
2026-09-22T05:23:03.3841722Z  ✓ tests/unit/cli/helpers/issue-tracker/github-multi-repo-umbrella.test.ts (4 tests) 11ms
2026-09-22T05:23:03.5625649Z  ✓ tests/unit/release/installability.test.ts (15 tests) 53ms
2026-09-22T05:23:03.6811255Z  ✓ tests/unit/cli/commands/project.test.ts (12 tests) 38ms
2026-09-22T05:23:03.7587788Z  ✓ tests/unit/core/state/state-gc.test.ts (10 tests) 30ms
2026-09-22T05:23:03.8490421Z  ✓ tests/unit/core/discrepancy/detector.test.ts (7 tests) 8ms
2026-09-22T05:23:03.9895194Z  ✓ tests/unit/spec-sync-manager/status-preservation.test.ts (9 tests) 10ms
2026-09-22T05:23:04.0398275Z  ✓ tests/unit/metrics/percentile.test.ts (23 tests) 16ms
2026-09-22T05:23:04.1644789Z  ✓ tests/unit/sync/story-router.test.ts (20 tests) 10ms
2026-09-22T05:23:04.2364839Z  ✓ tests/unit/core/doctor/checkers/instruction-files-checker.test.ts (12 tests) 20ms
2026-09-22T05:23:04.3399779Z  ✓ tests/unit/core/tools/tool-search-engine.test.ts (16 tests) 17ms
2026-09-22T05:23:04.4240217Z  ✓ tests/unit/dashboard/dashboard-data-aggregator.test.ts (6 tests) 14ms
2026-09-22T05:23:04.5434577Z  ✓ tests/unit/increment-reserved-names.test.ts (50 tests) 34ms
2026-09-22T05:23:04.6165834Z  ✓ tests/unit/cli/commands/sync-retry.test.ts (8 tests) 23ms
2026-09-22T05:23:04.7216967Z  ✓ tests/unit/repository-detector.test.ts (10 tests) 15ms
2026-09-22T05:23:04.7762432Z  ✓ tests/unit/hooks/sync-living-docs-permissions.test.ts (15 tests) 8ms
2026-09-22T05:23:04.8992782Z  ✓ tests/unit/core/notifications/command-integration.test.ts (15 tests) 11ms
2026-09-22T05:23:04.9428861Z  ✓ tests/unit/core/discrepancy/update-recommender.test.ts (13 tests) 8ms
2026-09-22T05:23:05.0839903Z  ✓ tests/unit/cli/commands/init-workspace-config.test.ts (3 tests) 18ms
2026-09-22T05:23:05.1145571Z  ✓ tests/unit/status-change-sync-trigger.test.ts (14 tests) 6ms
2026-09-22T05:23:05.2435187Z  ✓ tests/unit/cli/helpers/issue-tracker/setup-simplified.test.ts (9 tests) 9ms
2026-09-22T05:23:05.2818190Z  ✓ tests/unit/cli/helpers/init/type-simplification.test.ts (13 tests) 9ms
2026-09-22T05:23:05.4548196Z  ✓ tests/unit/project-manager/caching.test.ts (7 tests) 14ms
2026-09-22T05:23:05.4612588Z  ✓ tests/unit/sync/sync-target-resolver.test.ts (10 tests) 9ms
2026-09-22T05:23:05.6392162Z  ✓ tests/unit/core/external-tools/external-items-display.test.ts (12 tests) 9ms
2026-09-22T05:23:05.6560558Z  ✓ tests/unit/core/repo-structure/wizard-umbrella-skip.test.ts (2 tests) 10ms
2026-09-22T05:23:05.8092184Z  ✓ tests/unit/core/repo-structure/prefix-validator.test.ts (21 tests) 13ms
2026-09-22T05:23:05.8258276Z  ✓ tests/unit/core/discrepancy/severity-classifier.test.ts (16 tests) 10ms
2026-09-22T05:23:05.9751324Z [2026-09-22T05:23:05.973Z] [LifecycleHookDispatcher.onIncrementDone:closure] Hook dispatch error: Provider closure errors for 0696-hotfix-fixture: JIRA SWE2E-X: boom
2026-09-22T05:23:05.9783552Z [2026-09-22T05:23:05.977Z] [LifecycleHookDispatcher.onIncrementDone:closure] Hook dispatch error: network ECONNRESET
2026-09-22T05:23:05.9803524Z [2026-09-22T05:23:05.980Z] [LifecycleHookDispatcher.onIncrementDone:closure] Hook dispatch error: boom
2026-09-22T05:23:05.9804786Z [LifecycleHookDispatcher.logError] hooks.log write failed: EROFS: read-only filesystem
2026-09-22T05:23:05.9889679Z  ✓ tests/unit/core/hooks/lifecycle-hook-dispatcher.closure-0696.test.ts (3 tests) 17ms
2026-09-22T05:23:06.0048482Z  ✓ tests/unit/core/hooks/handlers/utils.test.ts (14 tests) 21ms
2026-09-22T05:23:06.1702345Z  ✓ tests/unit/dashboard/dashboard-data-aggregator-sync.test.ts (6 tests) 19ms
2026-09-22T05:23:06.3587574Z  ✓ tests/unit/test-utils/normalize-output.test.ts (26 tests) 13ms
2026-09-22T05:23:06.4109321Z  ✓ tests/unit/sync/ado-status-sync.test.ts (13 tests) 5252ms
2026-09-22T05:23:06.4110915Z        ✓ should handle API errors gracefully  1428ms
2026-09-22T05:23:06.4112141Z        ✓ should handle API errors gracefully  1580ms
2026-09-22T05:23:06.4113268Z        ✓ should handle API errors gracefully  2228ms
2026-09-22T05:23:06.5253141Z  ✓ tests/unit/core/ac-checkbox-formatter.test.ts (17 tests) 8ms
2026-09-22T05:23:06.6235284Z  ✓ tests/unit/plugins/github/github-feature-sync-default-branch.test.ts (5 tests) 10ms
2026-09-22T05:23:06.7312517Z  ✓ tests/unit/importers/import-deduplication.test.ts (4 tests) 12ms
2026-09-22T05:23:06.7713419Z  ✓ tests/unit/core/hooks/handlers/pre-compact.test.ts (7 tests) 595ms
2026-09-22T05:23:06.7740076Z      ✓ abandons the write when the budget is exceeded and still returns {}  350ms
2026-09-22T05:23:06.8342131Z  ✓ tests/unit/core/tools/tool-event-bus.test.ts (13 tests) 22ms
2026-09-22T05:23:06.9996233Z  ✓ tests/unit/init/methodology-selection.test.ts (14 tests) 14ms
2026-09-22T05:23:07.0022331Z  ✓ tests/unit/plugins/jira/jira-circuit-breaker.test.ts (4 tests) 29ms
2026-09-22T05:23:07.0258657Z  ✓ tests/unit/cost/model-pricing-registry.test.ts (18 tests) 15ms
2026-09-22T05:23:07.2349035Z  ✓ tests/unit/cli/commands/analytics-command.test.ts (8 tests) 24ms
2026-09-22T05:23:07.2426729Z  ✓ tests/unit/core/auto/prompt-chunker.test.ts (16 tests) 16ms
2026-09-22T05:23:07.3749144Z Warning: A vi.mock("../../../src/init/research/VisionAnalyzer.js") call in "/home/runner/work/specweave/specweave/tests/unit/init/init-flow-methodology.test.ts" is not at the top level of the module. Although it appears nested, it will be hoisted and executed before any tests run. Move it to the top level to reflect its actual execution order. This will become an error in a future version.
2026-09-22T05:23:07.3750680Z See: https://vitest.dev/guide/mocking/modules#how-it-works
2026-09-22T05:23:07.3752448Z Warning: A vi.mock("../../../src/init/compliance/ComplianceDetector.js") call in "/home/runner/work/specweave/specweave/tests/unit/init/init-flow-methodology.test.ts" is not at the top level of the module. Although it appears nested, it will be hoisted and executed before any tests run. Move it to the top level to reflect its actual execution order. This will become an error in a future version.
2026-09-22T05:23:07.3754115Z See: https://vitest.dev/guide/mocking/modules#how-it-works
2026-09-22T05:23:07.3755759Z Warning: A vi.mock("../../../src/init/team/TeamRecommender.js") call in "/home/runner/work/specweave/specweave/tests/unit/init/init-flow-methodology.test.ts" is not at the top level of the module. Although it appears nested, it will be hoisted and executed before any tests run. Move it to the top level to reflect its actual execution order. This will become an error in a future version.
2026-09-22T05:23:07.3757330Z See: https://vitest.dev/guide/mocking/modules#how-it-works
2026-09-22T05:23:07.3759092Z Warning: A vi.mock("../../../src/init/architecture/ArchitectureDecisionEngine.js") call in "/home/runner/work/specweave/specweave/tests/unit/init/init-flow-methodology.test.ts" is not at the top level of the module. Although it appears nested, it will be hoisted and executed before any tests run. Move it to the top level to reflect its actual execution order. This will become an error in a future version.
2026-09-22T05:23:07.3760542Z See: https://vitest.dev/guide/mocking/modules#how-it-works
2026-09-22T05:23:07.4138413Z  ✓ tests/unit/core/lsp/cache/symbol-cache.test.ts (9 tests) 8ms
2026-09-22T05:23:07.5230541Z  ✓ tests/unit/init/init-flow-methodology.test.ts (9 tests) 117ms
2026-09-22T05:23:07.6104831Z  ✓ tests/unit/sync/github-reconciler-lock.test.ts (11 tests) 29ms
2026-09-22T05:23:07.6919443Z  ✓ tests/unit/cicd/state-manager.test.ts (6 tests) 486ms
2026-09-22T05:23:07.6938301Z      ✓ testHandleConcurrentWrites: Uses file locking to prevent corruption  465ms
2026-09-22T05:23:07.7488519Z  ✓ tests/unit/generators/task-id-grammar.test.ts (9 tests) 39ms
2026-09-22T05:23:07.8900493Z  ✓ tests/unit/core/lsp/lsp-manager-typescript-detection.test.ts (6 tests) 19ms
2026-09-22T05:23:07.9018612Z  ✓ tests/unit/cost/spend-record-writer.test.ts (7 tests) 13ms
2026-09-22T05:23:08.0124100Z  ✓ tests/unit/core/rubric/rubric-parser.test.ts (11 tests) 15ms
2026-09-22T05:23:08.1296831Z  ✓ tests/unit/living-docs/completion-propagator.test.ts (8 tests) 11ms
2026-09-22T05:23:08.1608176Z  ✓ tests/unit/sync/external-change-puller.test.ts (6 tests) 36ms
2026-09-22T05:23:08.2486202Z  ✓ tests/unit/plugin-system/plugin-loader.test.ts (9 tests) 20ms
2026-09-22T05:23:08.3499619Z  ✓ tests/unit/utils/pricing-constants.test.ts (19 tests) 15ms
2026-09-22T05:23:08.3678409Z  ✓ tests/unit/core/hooks/lifecycle-hook-dispatcher-cross-project-links.test.ts (3 tests) 20ms
2026-09-22T05:23:08.5093077Z  ✓ tests/unit/dashboard/server/data/dashboard-data-aggregator-sync.test.ts (7 tests) 24ms
2026-09-22T05:23:08.5759872Z  ✓ tests/unit/integrations/github/milestone-cache.test.ts (5 tests) 7ms
2026-09-22T05:23:08.7025646Z  ✓ tests/unit/living-docs/spec-distributor.test.ts (3 tests) 17ms
2026-09-22T05:23:08.7421035Z  ✓ tests/unit/core/living-docs/parsers.test.ts (8 tests) 10ms
2026-09-22T05:23:08.9304048Z  ✓ tests/unit/increment/status-vocabulary.test.ts (17 tests) 18ms
2026-09-22T05:23:08.9457911Z  ✓ tests/unit/core/rubric/completion-validator-rubric.test.ts (6 tests) 8ms
2026-09-22T05:23:09.1108203Z  ✓ tests/unit/core/lsp/diagnostics/doctor.test.ts (12 tests) 8ms
2026-09-22T05:23:09.1184385Z  ✓ tests/unit/cli/helpers/get/clone-repo.test.ts (11 tests) 12ms
2026-09-22T05:23:09.2705853Z  ✓ tests/unit/core/ado-description-updater.test.ts (8 tests) 7ms
2026-09-22T05:23:09.4057835Z  ✓ tests/unit/sync/retry-wrapper.test.ts (9 tests) 134ms
2026-09-22T05:23:09.4549047Z  ✓ tests/unit/core/increment/completion-validator-ac-coverage.test.ts (4 tests) 18ms
2026-09-22T05:23:09.5938395Z  ✓ tests/unit/cli/commands/get-bulk.test.ts (5 tests) 11ms
2026-09-22T05:23:09.6509093Z  ✓ tests/unit/core/project/adapters/github-adapter.test.ts (9 tests) 23ms
2026-09-22T05:23:09.7800732Z  ✓ tests/unit/dashboard/hooks/hook-event-store.test.ts (10 tests) 24ms
2026-09-22T05:23:09.8670701Z  ✓ tests/unit/importers/import-coordinator-increments.test.ts (3 tests) 27ms
2026-09-22T05:23:09.9620848Z  ✓ tests/unit/cost/spend-record.test.ts (7 tests) 9ms
2026-09-22T05:23:10.0492708Z  ✓ tests/unit/core/hooks/handlers/pre-tool-use.test.ts (12 tests) 16ms
2026-09-22T05:23:10.1290210Z  ✓ tests/unit/core/fabric/discovery/github-provider.test.ts (6 tests) 8ms
2026-09-22T05:23:10.2178482Z  ✓ tests/unit/sync/sync-throttle.test.ts (10 tests) 12ms
2026-09-22T05:23:10.2958590Z  ✓ tests/unit/cli/helpers/get/source-parser.test.ts (18 tests) 10ms
2026-09-22T05:23:10.4004207Z  ✓ tests/unit/init/report-generator.test.ts (5 tests) 28ms
2026-09-22T05:23:10.4700249Z  ✓ tests/unit/core/analytics/event-writer.test.ts (10 tests) 13ms
2026-09-22T05:23:10.5778234Z  ✓ tests/unit/cli/helpers/init/scan-workspace-repos.test.ts (8 tests) 15ms
2026-09-22T05:23:10.6960822Z  ✓ tests/unit/jev/security-regressions.test.ts (18 tests) 47ms
2026-09-22T05:23:10.8043178Z  ✓ tests/unit/core/lsp/lsp-client-project-detection.test.ts (9 tests) 45ms
2026-09-22T05:23:10.8791977Z  ✓ tests/unit/core/session/session-lifecycle.test.ts (10 tests) 11ms
2026-09-22T05:23:10.9847398Z  ✓ tests/unit/test-utils/temp-home.test.ts (11 tests) 16ms
2026-09-22T05:23:11.0492194Z  ✓ tests/unit/id-generators/us-id-generator-prefix.test.ts (17 tests) 8ms
2026-09-22T05:23:11.2314694Z  ✓ tests/unit/living-docs/code-validator.test.ts (9 tests) 10ms
2026-09-22T05:23:11.3717869Z  ✓ tests/unit/dashboard/project-hub-routes.test.ts (5 tests) 105ms
2026-09-22T05:23:11.5964331Z  ✓ tests/unit/cli/commands/scan-root-guards.test.ts (12 tests) 24ms
2026-09-22T05:23:11.7634390Z  ✓ tests/unit/cli/commands/get-clone-path.test.ts (6 tests) 10ms
2026-09-22T05:23:12.0789628Z  ✓ tests/unit/dashboard/hooks/hook-routes.test.ts (6 tests) 38ms
2026-09-22T05:23:12.2361411Z  ✓ tests/unit/core/lsp/config/server-registry.test.ts (12 tests) 8ms
2026-09-22T05:23:12.3999822Z  ✓ tests/unit/cost/spend-tracking-provider.test.ts (7 tests) 11ms
2026-09-22T05:23:12.5587306Z  ✓ tests/unit/core/fabric/discovery/source-registry.test.ts (7 tests) 8ms
2026-09-22T05:23:12.5892098Z  ✓ tests/unit/sync/duplicate-detector-phase3.test.ts (3 tests) 4018ms
2026-09-22T05:23:12.5893644Z      ✓ runs Phase 3 verification by default (no env vars set)  2010ms
2026-09-22T05:23:12.5894978Z      ✓ old SPECWEAVE_VERIFY_DUPLICATES=1 is a no-op (Phase 3 runs regardless)  2003ms
2026-09-22T05:23:12.7327969Z  ✓ tests/unit/github/git-detector.test.ts (16 tests) 10ms
2026-09-22T05:23:12.7593354Z  ✓ tests/unit/i18n/locale-manager.test.ts (14 tests) 11ms
2026-09-22T05:23:12.8932880Z  ✓ tests/unit/dashboard/hooks/handlers.test.ts (9 tests) 10ms
2026-09-22T05:23:13.0278821Z  ✓ tests/unit/issue-tracker/quick-mode-skip.test.ts (3 tests) 102ms
2026-09-22T05:23:13.0658018Z  ✓ tests/unit/sync/increment-folder-suffix.test.ts (20 tests) 10ms
2026-09-22T05:23:13.2159777Z  ✓ tests/unit/cli/complete-command.test.ts (7 tests) 13ms
2026-09-22T05:23:13.2546682Z  ✓ tests/unit/core/increment/metadata-project-injection.test.ts (5 tests) 11ms
2026-09-22T05:23:13.4359498Z  ✓ tests/unit/integrations/github/duplicate-detector-phase3.test.ts (3 tests) 2012ms
2026-09-22T05:23:13.4361264Z      ✓ should RUN Phase 3 by default (no env var set)  2008ms
2026-09-22T05:23:13.4514852Z  ✓ tests/unit/core/lazy-loading/llm-plugin-detector.vskill.test.ts (10 tests) 14ms
2026-09-22T05:23:13.5708602Z  ✓ tests/unit/dashboard/scan-repositories.test.ts (7 tests) 20ms
2026-09-22T05:23:13.7028857Z  ✓ tests/unit/core/progress/error-logger.test.ts (11 tests) 23ms
2026-09-22T05:23:13.7661574Z  ✓ tests/unit/sync-setup-command.test.ts (7 tests) 19ms
2026-09-22T05:23:13.8269996Z  ✓ tests/unit/cli/commands/hooks-cmd.test.ts (8 tests) 19ms
2026-09-22T05:23:13.9281333Z  ✓ tests/unit/core/hooks/handlers/hook-router.test.ts (6 tests) 40ms
2026-09-22T05:23:14.0148560Z  ✓ tests/unit/utils/plugin-copier-sync.test.ts (5 tests) 20ms
2026-09-22T05:23:14.1127333Z  ✓ tests/unit/native-skill-installer.test.ts (8 tests) 33ms
2026-09-22T05:23:14.2469381Z  ✓ tests/unit/cli/helpers/init/build-umbrella-config.test.ts (4 tests) 10ms
2026-09-22T05:23:14.2858800Z  ✓ tests/unit/init/github-credential-reuse.test.ts (6 tests) 136ms
2026-09-22T05:23:14.3506118Z  ✓ tests/unit/core/sync/sync-resilience-audit-logger.test.ts (6 tests) 27ms
2026-09-22T05:23:14.5762600Z  ✓ tests/unit/dashboard/sse-manager.test.ts (7 tests) 20ms
2026-09-22T05:23:14.5887824Z  ✓ tests/unit/refresh-plugins-adapter.test.ts (8 tests) 10ms
2026-09-22T05:23:14.6279867Z  ✓ tests/unit/cli/helpers/init/init-side-effects.test.ts (8 tests) 14ms
2026-09-22T05:23:14.7650835Z  ✓ tests/unit/utils/env-file-generator.test.ts (7 tests) 11ms
2026-09-22T05:23:14.7999592Z  ✓ tests/unit/sync/external-issue-auto-creator-distributed.test.ts (7 tests) 6ms
2026-09-22T05:23:14.8572470Z  ✓ tests/unit/integrations/github/github-client-v2-graphql.test.ts (3 tests) 13ms
2026-09-22T05:23:15.0243561Z  ✓ tests/unit/core/fabric/discovery/scan-pipeline.test.ts (5 tests) 23ms
2026-09-22T05:23:15.0488536Z  ✓ tests/unit/integrations/github/create-epic-skip-dedup.test.ts (3 tests) 7ms
2026-09-22T05:23:15.0733882Z  ✓ tests/unit/cli/commands/health.test.ts (8 tests) 16ms
2026-09-22T05:23:15.2138704Z  ✓ tests/unit/utils/state-cleanup.test.ts (9 tests) 9ms
2026-09-22T05:23:15.2886777Z  ✓ tests/unit/core/fabric/discovery/npm-provider.test.ts (6 tests) 14ms
2026-09-22T05:23:15.3429616Z  ✓ tests/unit/utils/is-sw-plugin-installed-natively.test.ts (7 tests) 12ms
2026-09-22T05:23:15.5393646Z  ✓ tests/unit/plugins/jira/jira-status-sync.test.ts (4 tests) 11ms
2026-09-22T05:23:15.6087679Z  ✓ tests/unit/sync/sync-coordinator-closure.test.ts (7 tests) 12ms
2026-09-22T05:23:15.7858434Z  ✓ tests/unit/utils/html-to-mdx.test.ts (18 tests) 16ms
2026-09-22T05:23:15.8088556Z  ✓ tests/unit/cli/commands/sync-pull-failures.test.ts (4 tests) 24ms
2026-09-22T05:23:15.9984818Z  ✓ tests/unit/core/living-docs/intelligent-analyzer/file-sampler.test.ts (7 tests) 238ms
2026-09-22T05:23:16.0132079Z  ✓ tests/unit/integrations/github/label-cache.test.ts (8 tests) 15ms
2026-09-22T05:23:16.2301956Z  ✓ tests/unit/core/lsp/config/server-validator.test.ts (9 tests) 11ms
2026-09-22T05:23:16.2443766Z  ✓ tests/unit/cli/helpers/init/plugin-enabler.test.ts (7 tests) 15ms
2026-09-22T05:23:16.4446769Z  ✓ tests/unit/core/session/auto-scanner.test.ts (6 tests) 18ms
2026-09-22T05:23:16.6142457Z  ✓ tests/unit/core/skills/skill-judge.test.ts (10 tests) 9ms
2026-09-22T05:23:16.6307388Z  ✓ tests/unit/core/discrepancy/typescript-analyzer.test.ts (9 tests) 84ms
2026-09-22T05:23:16.6748485Z  ✓ tests/unit/cli/commands/commits.test.ts (4 tests) 19ms
2026-09-22T05:23:16.8939686Z  ✓ tests/unit/core/lsp/config/timeout-resolver.test.ts (10 tests) 14ms
2026-09-22T05:23:16.9462244Z  ✓ tests/unit/cli/commands/sync-status.test.ts (5 tests) 20ms
2026-09-22T05:23:16.9735791Z  ✓ tests/unit/skills/skill-judge-report.test.ts (7 tests) 22ms
2026-09-22T05:23:17.1568820Z  ✓ tests/unit/init/competitor-analyzer.test.ts (9 tests) 13ms
2026-09-22T05:23:17.2117957Z  ✓ tests/unit/cli/commands/detect-intent.vskill.test.ts (4 tests) 27ms
2026-09-22T05:23:17.3508412Z  ✓ tests/unit/core/doctor/checkers/hygiene-checker.test.ts (8 tests) 228ms
2026-09-22T05:23:17.3649692Z  ✓ tests/unit/core/sync/ac-gate.test.ts (6 tests) 9ms
2026-09-22T05:23:17.4517261Z  ✓ tests/unit/cli/commands/analytics-push.test.ts (7 tests) 17ms
2026-09-22T05:23:17.5762810Z  ✓ tests/unit/core/lsp/error-handler.test.ts (11 tests) 11ms
2026-09-22T05:23:17.5788285Z  ✓ tests/unit/core/increment/types.test.ts (6 tests) 9ms
2026-09-22T05:23:17.6573125Z  ✓ tests/unit/dashboard/hooks/hook-event-store-hydrate.test.ts (6 tests) 24ms
2026-09-22T05:23:17.7738401Z  ✓ tests/unit/core/hooks/hook-response-warnings.test.ts (6 tests) 10ms
2026-09-22T05:23:17.7988631Z  ✓ tests/unit/generators/spec-parser-prefix.test.ts (5 tests) 16ms
2026-09-22T05:23:17.8932662Z  ✓ tests/unit/cli/commands/judge-skill.test.ts (5 tests) 14ms
2026-09-22T05:23:18.0098423Z  ✓ tests/unit/integrations/github/github-access-error.test.ts (9 tests) 10ms
2026-09-22T05:23:18.0889175Z  ✓ tests/unit/cli/auto.test.ts (8 tests) 10ms
2026-09-22T05:23:18.1498576Z  ✓ tests/unit/core/increment/detect-project-from-cwd.test.ts (10 tests) 11ms
2026-09-22T05:23:18.2654342Z Sourcemap for "/home/runner/work/specweave/specweave/plugins/specweave/lib/vendor/utils/logger.js" points to missing source files
2026-09-22T05:23:18.2767061Z Sourcemap for "/home/runner/work/specweave/specweave/plugins/specweave/lib/vendor/utils/credential-masker.js" points to missing source files
2026-09-22T05:23:18.2844691Z Sourcemap for "/home/runner/work/specweave/specweave/plugins/specweave/lib/vendor/utils/feature-id-derivation.js" points to missing source files
2026-09-22T05:23:18.3060255Z  ✓ tests/unit/cli/commands/sync-gaps.test.ts (7 tests) 17ms
2026-09-22T05:23:18.3171295Z  ↓ tests/unit/core/plugins/new-skills-trigger-activation.test.ts (4 tests | 4 skipped)
2026-09-22T05:23:18.3262588Z  ✓ tests/unit/plugins/ado/ado-ac-checkbox-sync.test.ts (2 tests) 10ms
2026-09-22T05:23:18.5206157Z  ✓ tests/unit/cli/helpers/init/claude-settings-env.test.ts (5 tests) 9ms
2026-09-22T05:23:18.5438941Z  ✓ tests/unit/cli/helpers/init/stack-detector.test.ts (11 tests) 16ms
2026-09-22T05:23:18.7087533Z  ✓ tests/unit/cli/commands/gc.test.ts (4 tests) 12ms
2026-09-22T05:23:18.7242793Z  ✓ tests/unit/core/config/migrate-config-file.test.ts (5 tests) 14ms
2026-09-22T05:23:18.8413275Z  ✓ tests/unit/dashboard/file-watcher-retry.test.ts (4 tests) 316ms
2026-09-22T05:23:18.8415362Z      ✓ should pick up files created after startup on retry  303ms
2026-09-22T05:23:18.8728231Z  ✓ tests/unit/sync/living-docs-sync-distributed.test.ts (3 tests) 7ms
2026-09-22T05:23:18.8958681Z  ✓ tests/unit/sync/github-body-utils.test.ts (14 tests) 8ms
2026-09-22T05:23:19.0469295Z  ✓ tests/unit/core/config-closure-hooks.test.ts (8 tests) 6ms
2026-09-22T05:23:19.0780107Z  ✓ tests/unit/core/rubric/rubric-merger.test.ts (7 tests) 25ms
2026-09-22T05:23:19.2048367Z  ✓ tests/unit/spec-sync-manager/tasks-regen.test.ts (5 tests) 19ms
2026-09-22T05:23:19.2738802Z  ✓ tests/unit/sync/story-router-prefix.test.ts (7 tests) 12ms
2026-09-22T05:23:19.3338062Z  ✓ tests/unit/cli/completions-sync.test.ts (8 tests) 16ms
2026-09-22T05:23:19.4310232Z  ✓ tests/unit/cli/helpers/init/wizard-navigation.test.ts (19 tests) 12ms
2026-09-22T05:23:19.4909461Z  ✓ tests/unit/sync/permission-presets.test.ts (10 tests) 10ms
2026-09-22T05:23:19.6738338Z  ✓ tests/unit/core/config/limits-migrator.test.ts (6 tests) 12ms
2026-09-22T05:23:19.6765526Z  ✓ tests/unit/core/workflow/autonomous-executor.test.ts (13 tests) 28ms
2026-09-22T05:23:19.7107059Z  ✓ tests/unit/core/increment/sync-resolver-integration.test.ts (5 tests) 6ms
2026-09-22T05:23:19.9124193Z  ✓ tests/unit/sync/issue-title-format.test.ts (14 tests) 14ms
2026-09-22T05:23:19.9277491Z  ✓ tests/unit/core/fabric/discovery/skillssh-provider.test.ts (6 tests) 9ms
2026-09-22T05:23:19.9410984Z  ✓ tests/unit/core/lsp/config/lsp-config.test.ts (11 tests) 14ms
2026-09-22T05:23:20.1181926Z  ✓ tests/unit/cost/budget-monitor.test.ts (4 tests) 14ms
2026-09-22T05:23:20.2803834Z  ✓ tests/unit/spec-sync-manager/plan-regen.test.ts (4 tests) 31ms
2026-09-22T05:23:20.3651225Z  ✓ tests/unit/cicd/config-loader.test.ts (2 tests) 17ms
2026-09-22T05:23:20.4940605Z  ✓ tests/unit/sync/config-validation.test.ts (7 tests) 10ms
2026-09-22T05:23:20.5639061Z  ✓ tests/unit/importers/markdown-generator-project.test.ts (5 tests) 6ms
2026-09-22T05:23:20.7025349Z  ✓ tests/unit/core/auto/auto-mode-flag-schema.test.ts (5 tests) 7ms
2026-09-22T05:23:20.7803659Z  ✓ tests/unit/core/lazy-loading/lazy-loading-vskill.test.ts (5 tests) 7ms
2026-09-22T05:23:20.8795674Z  ✓ tests/unit/core/lazy-loading/project-detector.vskill.test.ts (6 tests) 10ms
2026-09-22T05:23:21.0802136Z  ✓ tests/unit/dashboard/hooks/hook-event-router.test.ts (5 tests) 10ms
2026-09-22T05:23:21.2331061Z  ✓ tests/unit/plugins/ado/ado-pull-sync.test.ts (13 tests) 6ms
2026-09-22T05:23:21.3974109Z  ✓ tests/unit/utils/resolve-github-token.test.ts (6 tests) 10ms
2026-09-22T05:23:21.5521430Z  ✓ tests/unit/core/lsp/warmup/strategies/python.test.ts (5 tests) 6ms
2026-09-22T05:23:21.7156008Z  ✓ tests/unit/cli/commands/scan-skill.test.ts (5 tests) 9ms
2026-09-22T05:23:21.8647157Z  ✓ tests/unit/core/fabric/discovery/content-fetcher.test.ts (6 tests) 7ms
2026-09-22T05:23:22.0239529Z  ✓ tests/unit/core/config/types.test.ts (9 tests) 8ms
2026-09-22T05:23:22.2443481Z  ✓ tests/unit/core/rubric/rubric-generator.test.ts (8 tests) 10ms
2026-09-22T05:23:22.4488920Z  ✓ tests/unit/jev/browse-network.e2e.test.ts (2 tests) 1667ms
2026-09-22T05:23:22.4490051Z      ✓ blocks cross-host redirects before excluded host receives a request  1410ms
2026-09-22T05:23:22.4495257Z  ✓ tests/unit/sync/suffix-convention.test.ts (2 tests) 31ms
2026-09-22T05:23:22.4653739Z  ✓ tests/unit/plugins/ado/ado-status-sync.test.ts (4 tests) 1499ms
2026-09-22T05:23:22.4654915Z      ✓ includes httpStatus and responseBody in SyncError  1491ms
2026-09-22T05:23:22.6473641Z  ✓ tests/unit/sync/github-body-diff.test.ts (5 tests) 6ms
2026-09-22T05:23:22.6586038Z  ✓ tests/unit/pricing-constants.test.ts (11 tests) 9ms
2026-09-22T05:23:22.7230085Z  ✓ tests/unit/core/doctor/checkers/configuration-checker-config-shape.test.ts (7 tests) 14ms
2026-09-22T05:23:22.8858248Z  ✓ tests/unit/scan-misplaced-repos.test.ts (9 tests) 10ms
2026-09-22T05:23:22.8888000Z  ✓ tests/unit/importers/ac-parser.test.ts (8 tests) 15ms
2026-09-22T05:23:22.8998211Z  ✓ tests/unit/dashboard/hooks/types.test.ts (6 tests) 7ms
2026-09-22T05:23:23.0903173Z  ✓ tests/unit/integrations/github/from-repo-project-root.test.ts (4 tests) 11ms
2026-09-22T05:23:23.1052864Z  ✓ tests/unit/build/publish-path-guard.test.ts (6 tests) 10ms
2026-09-22T05:23:23.1245043Z  ✓ tests/unit/core/discrepancy/spec-parser.test.ts (7 tests) 14ms
2026-09-22T05:23:23.2937354Z  ✓ tests/unit/core/cicd/branch-utils.test.ts (9 tests) 9ms
2026-09-22T05:23:23.3651860Z  ✓ tests/unit/core/doctor/checkers/configuration-checker-claude-md.test.ts (4 tests) 12ms
2026-09-22T05:23:23.4032751Z  ✓ tests/unit/cli/helpers/init/gitignore-specweave-entries.test.ts (4 tests) 24ms
2026-09-22T05:23:23.5635106Z  ✓ tests/unit/core/doctor/checkers/configuration-checker.test.ts (4 tests) 15ms
2026-09-22T05:23:23.6558434Z  ✓ tests/unit/dashboard/client/pages/WorkspacePage.test.ts (9 tests) 11ms
2026-09-22T05:23:23.7702240Z  ✓ tests/unit/utils/string-utils.test.ts (20 tests) 13ms
2026-09-22T05:23:23.7947146Z  ✓ tests/unit/dashboard/hooks/dashboard-server-pid.test.ts (3 tests) 21ms
2026-09-22T05:23:23.8611199Z  ✓ tests/unit/core/sync/cached-rate-limiter.test.ts (8 tests) 10ms
2026-09-22T05:23:23.9773038Z  ✓ tests/unit/core/lsp/warmup/strategies/typescript.test.ts (4 tests) 6ms
2026-09-22T05:23:24.0108400Z  ✓ tests/unit/sync/sync-progress-distributed.test.ts (2 tests) 6ms
2026-09-22T05:23:24.0848536Z  ✓ tests/unit/cli/helpers/init/directory-structure-guard.test.ts (3 tests) 20ms
2026-09-22T05:23:24.1928328Z  ✓ tests/unit/sync/github-client-search-cache.test.ts (3 tests) 6ms
2026-09-22T05:23:24.2619472Z  ✓ tests/unit/plugins/ado/ado-rate-limiter-integration.test.ts (5 tests) 28ms
2026-09-22T05:23:24.3051210Z  ✓ tests/unit/core/fabric/dci-integration.test.ts (3 tests) 14ms
2026-09-22T05:23:24.4545339Z ⚠️  --effort max: maximum effort risks overthinking on straightforward problems and costs significantly more — reserve for genuinely hard architectural decisions. Consider xhigh instead.
2026-09-22T05:23:24.4714626Z  ✓ tests/unit/cli/dispatcher.test.ts (10 tests) 12ms
2026-09-22T05:23:24.5280724Z  ✓ tests/unit/utils/resolve-increment-id.test.ts (7 tests) 10ms
2026-09-22T05:23:24.6878445Z  ✓ tests/unit/sync/github-feature-sync-lock.test.ts (7 tests) 9ms
2026-09-22T05:23:24.7491037Z  ✓ tests/unit/utils/github-url.test.ts (9 tests) 8ms
2026-09-22T05:23:24.8100550Z  ✓ tests/unit/hooks/minimal-hooks.test.ts (6 tests) 429ms
2026-09-22T05:23:24.9655578Z  ✓ tests/unit/core/cache/static-context-loader.test.ts (4 tests) 13ms
2026-09-22T05:23:25.0175444Z  ✓ tests/unit/sync/sync-throttle-wiring.test.ts (6 tests) 9ms
2026-09-22T05:23:25.1873309Z  ✓ tests/unit/core/specs/spec-detector-root.test.ts (2 tests) 6ms
2026-09-22T05:23:25.3443413Z  ✓ tests/unit/build/version-alignment.test.ts (4 tests) 6ms
2026-09-22T05:23:25.4971622Z  ✓ tests/unit/plugins/ado/ado-client.test.ts (2 tests) 6ms
2026-09-22T05:23:25.6503514Z  ✓ tests/unit/core/lsp/warmup/strategies/rust.test.ts (4 tests) 6ms
2026-09-22T05:23:25.8082671Z  ✓ tests/unit/repo-structure/repo-id-generator.test.ts (19 tests) 9ms
2026-09-22T05:23:25.9618427Z  ✓ tests/unit/core/lsp/warmup/strategies/go.test.ts (4 tests) 5ms
2026-09-22T05:23:26.1126600Z  ✓ tests/unit/core/increment/transition-path.test.ts (8 tests) 6ms
2026-09-22T05:23:26.2642993Z  ✓ tests/unit/repo-structure/setup-summary.test.ts (2 tests) 5ms
2026-09-22T05:23:26.4329316Z  ✓ tests/unit/plugins/github/github-client-v2-write-errors.test.ts (6 tests) 8ms
2026-09-22T05:23:26.4479165Z  ✓ tests/unit/dashboard/file-watcher-prompt-health.test.ts (2 tests) 1212ms
2026-09-22T05:23:26.4492613Z      ✓ should emit error-detected when prompt-health.json changes  606ms
2026-09-22T05:23:26.4495336Z      ✓ should emit error-detected when prompt-health-alert.json changes  603ms
2026-09-22T05:23:26.6556263Z  ✓ tests/unit/repo-structure/prompt-consolidator.test.ts (4 tests) 9ms
2026-09-22T05:23:26.7059550Z  ✓ tests/unit/importers/import-coordinator-workspace.test.ts (6 tests) 8ms
2026-09-22T05:23:26.8966170Z  ✓ tests/unit/cli/helpers/init/next-steps.test.ts (3 tests) 18ms
2026-09-22T05:23:26.9112451Z  ✓ tests/unit/cli/helpers/init/gitattributes.test.ts (5 tests) 14ms
2026-09-22T05:23:27.1001821Z  ✓ tests/unit/core/sync/circuit-breaker-registry.test.ts (7 tests) 13ms
2026-09-22T05:23:27.1367013Z  ✓ tests/unit/dashboard/useUrlState.test.ts (3 tests) 7ms
2026-09-22T05:23:27.2886590Z  ✓ tests/unit/cli/commands/sync-commands-integration.test.ts (4 tests) 10ms
2026-09-22T05:23:27.3551053Z  ✓ tests/unit/sync/pr-linker.test.ts (8 tests) 6ms
2026-09-22T05:23:27.5182737Z  ✓ tests/unit/config/sync-mode-config.test.ts (3 tests) 17ms
2026-09-22T05:23:27.5192225Z  ✓ tests/unit/plugins/ado/ado-circuit-breaker.test.ts (5 tests) 9ms
2026-09-22T05:23:27.7212462Z  ✓ tests/unit/cost/pricing-constants-compat.test.ts (6 tests) 8ms
2026-09-22T05:23:27.7899514Z  ✓ tests/unit/core/lsp/lsp-symlinks.test.ts (8 tests) 23ms
2026-09-22T05:23:27.9525034Z  ✓ tests/unit/core/lazy-loading/media-plugin-registry.test.ts (4 tests) 13ms
2026-09-22T05:23:28.1628365Z  ✓ tests/unit/cli/commands/create-increment-parallel-flag.test.ts (3 tests) 5ms
2026-09-22T05:23:28.3330600Z  ✓ tests/unit/cli/commands/init-ci-detection.test.ts (7 tests) 8ms
2026-09-22T05:23:28.4314319Z  ✓ tests/unit/sync/format-preservation-sync-pr.test.ts (3 tests) 6ms
2026-09-22T05:23:28.5191315Z  ✓ tests/unit/core/skills/activation-tracker-root.test.ts (3 tests) 5ms
2026-09-22T05:23:28.6421149Z  ✓ tests/unit/skills/brainstorm-docs.test.ts (5 tests) 7ms
2026-09-22T05:23:28.7210833Z  ✓ tests/unit/plugins/ado/ado-rate-limiter.test.ts (7 tests) 22ms
2026-09-22T05:23:28.8921716Z  ✓ tests/unit/core/increment/active-increment-manager-root.test.ts (3 tests) 5ms
2026-09-22T05:23:28.9475955Z  ✓ tests/unit/dashboard/plugin-scanner.test.ts (3 tests) 12ms
2026-09-22T05:23:29.1148000Z  ✓ tests/unit/core/team-lead/template-loader.test.ts (3 tests) 12ms
2026-09-22T05:23:29.1188883Z  ✓ tests/unit/init/next-steps-command.test.ts (3 tests) 7ms
2026-09-22T05:23:29.2768407Z  ✓ tests/unit/core/errors/sync-error.test.ts (5 tests) 5ms
2026-09-22T05:23:29.4528371Z  ✓ tests/unit/core/config/hook-config-structure.test.ts (4 tests) 5ms
2026-09-22T05:23:29.4618792Z  ✓ tests/unit/cli/commands/doctor-fix-status.test.ts (2 tests) 10ms
2026-09-22T05:23:29.6377824Z  ✓ tests/unit/utils/npm-constants.test.ts (5 tests) 11ms
2026-09-22T05:23:29.6843400Z  ✓ tests/unit/core/hooks/ghost-command-references.test.ts (1 test) 41ms
2026-09-22T05:23:29.8435589Z  ✓ tests/unit/core/workflow/workflow-orchestrator.test.ts (3 tests) 4ms
2026-09-22T05:23:29.9038608Z  ✓ tests/unit/core/config/default-config-testing.test.ts (4 tests) 9ms
2026-09-22T05:23:30.0512767Z  ✓ tests/unit/sync/format-suffixed-id.test.ts (5 tests) 7ms
2026-09-22T05:23:30.1124920Z  ✓ tests/unit/adapters/codex-adapter.test.ts (2 tests) 6ms
2026-09-22T05:23:30.2430592Z  ✓ tests/unit/core/increment/recognized-lifecycle-folders.test.ts (4 tests) 6ms
2026-09-22T05:23:30.3083949Z  ✓ tests/unit/examples/hello-world.test.ts (1 test) 4ms
2026-09-22T05:23:32.5991597Z  ✓ tests/unit/hooks/hook-deadline.test.ts (2 tests) 7710ms
2026-09-22T05:23:32.5992593Z    ✓ supervises a synchronously stuck router below the 10-second host timeout  7560ms
2026-09-22T05:23:52.4521742Z 
2026-09-22T05:23:52.4568466Z  Test Files  751 passed | 10 skipped (761)
2026-09-22T05:23:52.4680170Z       Tests  16858 passed | 159 skipped (17017)
2026-09-22T05:23:52.4681105Z    Start at  05:21:32
2026-09-22T05:23:52.4692906Z    Duration  140.38s (transform 20.38s, setup 11.40s, import 38.85s, tests 182.33s, environment 88ms)
2026-09-22T05:23:52.4695573Z 
2026-09-22T05:23:52.4817681Z  % Coverage report from v8
2026-09-22T05:23:52.5418990Z -------------------|---------|----------|---------|---------|-------------------
2026-09-22T05:23:52.5419818Z File               | % Stmts | % Branch | % Funcs | % Lines | Uncovered Line #s 
2026-09-22T05:23:52.5420676Z -------------------|---------|----------|---------|---------|-------------------
2026-09-22T05:23:52.5460280Z All files          |   68.94 |    61.96 |   71.41 |   69.52 |                   
2026-09-22T05:23:52.5461145Z  adapters          |   75.56 |    71.57 |   78.94 |   76.98 |                   
2026-09-22T05:23:52.5461961Z   adapter-base.ts  |   97.91 |    96.15 |   94.11 |   98.91 | 190               
2026-09-22T05:23:52.5462787Z   ...-interface.ts |       0 |        0 |       0 |       0 |                   
2026-09-22T05:23:52.5463558Z   ...ter-loader.ts |   45.68 |    33.33 |   46.15 |   48.18 | ...86-255,287-293 
2026-09-22T05:23:52.5464364Z   doc-generator.ts |     100 |      100 |     100 |     100 |                   
2026-09-22T05:23:52.5465171Z  adapters/aider    |   16.66 |      100 |    9.09 |   16.66 |                   
2026-09-22T05:23:52.5465942Z   adapter.ts       |   16.66 |      100 |    9.09 |   16.66 | 17-63             
2026-09-22T05:23:52.5467536Z  adapters/amazonq  |   16.66 |        0 |    9.09 |   16.66 |                   
2026-09-22T05:23:52.5468545Z   adapter.ts       |   16.66 |        0 |    9.09 |   16.66 | 17-63             
2026-09-22T05:23:52.5469308Z  ...rs/antigravity |   21.95 |       60 |   15.38 |    22.5 |                   
2026-09-22T05:23:52.5471218Z   adapter.ts       |   21.95 |       60 |   15.38 |    22.5 | 51-150            
2026-09-22T05:23:52.5472192Z  adapters/claude   |   84.61 |    70.58 |     100 |   84.61 |                   
2026-09-22T05:23:52.5473462Z   adapter.ts       |   84.61 |    70.58 |     100 |   84.61 | 352-384           
2026-09-22T05:23:52.5474327Z  adapters/cline    |   16.66 |        0 |    9.09 |   16.66 |                   
2026-09-22T05:23:52.5475132Z   adapter.ts       |   16.66 |        0 |    9.09 |   16.66 | 17-63             
2026-09-22T05:23:52.5475918Z  adapters/codex    |   17.02 |        0 |   28.57 |   18.18 |                   
2026-09-22T05:23:52.5476899Z   adapter.ts       |   17.02 |        0 |   28.57 |   18.18 | 41-115,134-158    
2026-09-22T05:23:52.5477679Z  adapters/continue |      16 |      100 |    9.09 |      16 |                   
2026-09-22T05:23:52.5478442Z   adapter.ts       |      16 |      100 |    9.09 |      16 | 26-106            
2026-09-22T05:23:52.5479191Z  adapters/copilot  |      16 |        0 |    9.09 |      16 |                   
2026-09-22T05:23:52.5479936Z   adapter.ts       |      16 |        0 |    9.09 |      16 | 28-110            
2026-09-22T05:23:52.5480630Z  adapters/cursor   |     100 |      100 |     100 |     100 |                   
2026-09-22T05:23:52.5481219Z   adapter.ts       |     100 |      100 |     100 |     100 |                   
2026-09-22T05:23:52.5481986Z  adapters/gemini   |   11.62 |        0 |    7.69 |    11.9 |                   
2026-09-22T05:23:52.5482745Z   adapter.ts       |   11.62 |        0 |    7.69 |    11.9 | 40-160            
2026-09-22T05:23:52.5483492Z  adapters/generic  |    4.44 |        0 |    9.09 |    4.44 |                   
2026-09-22T05:23:52.5484235Z   adapter.ts       |    4.44 |        0 |    9.09 |    4.44 | 30-269            
2026-09-22T05:23:52.5484980Z  ...ters/jetbrains |   16.66 |        0 |    9.09 |   16.66 |                   
2026-09-22T05:23:52.5485688Z   adapter.ts       |   16.66 |        0 |    9.09 |   16.66 | 17-63             
2026-09-22T05:23:52.5486283Z  adapters/kimi     |   16.66 |        0 |    9.09 |   16.66 |                   
2026-09-22T05:23:52.5487110Z   adapter.ts       |   16.66 |        0 |    9.09 |   16.66 | 17-63             
2026-09-22T05:23:52.5487735Z  adapters/opencode |   20.83 |        0 |   18.18 |   20.83 |                   
2026-09-22T05:23:52.5488273Z   adapter.ts       |   20.83 |        0 |   18.18 |   20.83 | 20-35,43-66       
2026-09-22T05:23:52.5489019Z  adapters/tabnine  |   16.66 |      100 |    9.09 |   16.66 |                   
2026-09-22T05:23:52.5489770Z   adapter.ts       |   16.66 |      100 |    9.09 |   16.66 | 17-63             
2026-09-22T05:23:52.5490508Z  adapters/trae     |   14.28 |      100 |    9.09 |   14.28 |                   
2026-09-22T05:23:52.5491321Z   adapter.ts       |   14.28 |      100 |    9.09 |   14.28 | 17-69             
2026-09-22T05:23:52.5492081Z  adapters/windsurf |   14.81 |        0 |    9.09 |   14.81 |                   
2026-09-22T05:23:52.5492794Z   adapter.ts       |   14.81 |        0 |    9.09 |   14.81 | 27-108            
2026-09-22T05:23:52.5493539Z  adapters/zed      |   16.66 |        0 |    9.09 |   16.66 |                   
2026-09-22T05:23:52.5494060Z   adapter.ts       |   16.66 |        0 |    9.09 |   16.66 | 17-63             
2026-09-22T05:23:52.5494497Z  cli               |   32.65 |    44.44 |      40 |   32.65 |                   
2026-09-22T05:23:52.5495216Z   count-tasks.ts   |       0 |        0 |       0 |       0 | 25-57             
2026-09-22T05:23:52.5495991Z   dispatcher.ts    |   88.88 |      100 |   66.66 |   88.88 | 70-71             
2026-09-22T05:23:52.5496882Z   ...tatus-line.ts |       0 |        0 |       0 |       0 | 20-48             
2026-09-22T05:23:52.5497574Z  cli/commands      |   66.93 |    59.55 |   66.77 |   68.11 |                   
2026-09-22T05:23:52.5498326Z   abandon.ts       |       0 |        0 |       0 |       0 | 15                
2026-09-22T05:23:52.5498936Z   ...ytics-push.ts |   69.44 |    61.29 |     100 |   77.41 | 56-57,83-88       
2026-09-22T05:23:52.5499456Z   analytics.ts     |   93.44 |    92.59 |     100 |   93.44 | 60-64             
2026-09-22T05:23:52.5500183Z   archive.ts       |       0 |        0 |       0 |       0 | 16-128            
2026-09-22T05:23:52.5500912Z   auto-status.ts   |   94.59 |    88.09 |     100 |   94.44 | 57-61             
2026-09-22T05:23:52.5501564Z   auto.ts          |    87.5 |    78.21 |   73.68 |   88.07 | ...91-195,430,454 
2026-09-22T05:23:52.5502151Z   branch-name.ts   |       0 |        0 |       0 |       0 | 22-49             
2026-09-22T05:23:52.5502738Z   cache.ts         |       0 |        0 |       0 |       0 | 24-140            
2026-09-22T05:23:52.5503166Z   cancel-auto.ts   |       0 |        0 |       0 |       0 | 23-179            
2026-09-22T05:23:52.5503690Z   ...discipline.ts |       0 |        0 |       0 |       0 | 25-90             
2026-09-22T05:23:52.5504428Z   commits.ts       |     100 |       75 |     100 |     100 | 39                
2026-09-22T05:23:52.5505148Z   complete.ts      |   76.59 |    66.66 |     100 |   74.41 | 43-52,55-56,93    
2026-09-22T05:23:52.5505860Z   ...-increment.ts |   83.33 |    72.88 |     100 |      82 | ...48,172-175,186 
2026-09-22T05:23:52.5506561Z   dashboard.ts     |   38.35 |    47.36 |   36.36 |   39.43 | ...37-149,158-165 
2026-09-22T05:23:52.5507193Z   decision-log.ts  |   33.07 |    31.03 |   52.63 |   32.23 | ...19-222,238-340 
2026-09-22T05:23:52.5507650Z   detect-intent.ts |   55.13 |       55 |   55.55 |   54.54 | ...14-422,467-571 
2026-09-22T05:23:52.5508360Z   ...ct-project.ts |       0 |        0 |       0 |       0 | 61-197            
2026-09-22T05:23:52.5509077Z   docs.ts          |   90.71 |    95.45 |   83.33 |   91.14 | ...90,302-327,438 
2026-09-22T05:23:52.5509788Z   doctor.ts        |   89.28 |    77.27 |   83.33 |   88.46 | 26,58,70          
2026-09-22T05:23:52.5510360Z   ...completion.ts |       0 |        0 |       0 |       0 | 49-95             
2026-09-22T05:23:52.5510805Z   export-skills.ts |   90.98 |    83.33 |      90 |   90.67 | ...11-313,360-364 
2026-09-22T05:23:52.5511243Z   gc.ts            |   76.47 |    55.55 |     100 |   76.47 | 62-64,72-76       
2026-09-22T05:23:52.5511648Z   ...ate-rubric.ts |       0 |        0 |       0 |       0 | 46-94             
2026-09-22T05:23:52.5512059Z   get.ts           |   82.56 |    71.92 |     100 |   82.56 | ...29,247-248,255 
2026-09-22T05:23:52.5512476Z   handoff.ts       |       0 |        0 |       0 |       0 | 62-119            
2026-09-22T05:23:52.5512887Z   health.ts        |   60.26 |    46.15 |   58.33 |   59.02 | ...50,368,384-401 
2026-09-22T05:23:52.5513288Z   hook.ts          |       0 |        0 |       0 |       0 | 14-58             
2026-09-22T05:23:52.5513703Z   hooks-cmd.ts     |     100 |    80.95 |     100 |     100 | 62-63             
2026-09-22T05:23:52.5514122Z   init.ts          |   72.98 |    71.91 |   52.94 |   74.59 | ...18-720,728-869 
2026-09-22T05:23:52.5514542Z   install.ts       |       0 |        0 |       0 |       0 | 17-155            
2026-09-22T05:23:52.5514965Z   interview.ts     |     100 |    96.49 |     100 |     100 | 168,191           
2026-09-22T05:23:52.5515399Z   jev-helpers.ts   |   89.78 |    81.01 |     100 |   93.87 | ...44,602,662-674 
2026-09-22T05:23:52.5515826Z   jev.ts           |   69.26 |    59.57 |   93.75 |    82.6 | ...72-373,383-389 
2026-09-22T05:23:52.5516227Z   jobs.ts          |   86.82 |    79.53 |   77.77 |   86.17 | 65,79-91,388-447  
2026-09-22T05:23:52.5516862Z   judge-skill.ts   |   74.11 |    50.98 |     100 |    75.3 | ...25-132,138-140 
2026-09-22T05:23:52.5517455Z   link-pr.ts       |       0 |        0 |       0 |       0 | 21-57             
2026-09-22T05:23:52.5517873Z   list.ts          |   94.93 |    75.75 |     100 |   94.66 | 56,64,84,92       
2026-09-22T05:23:52.5518372Z   living-docs.ts   |   97.71 |    90.99 |     100 |   98.59 | 514-516           
2026-09-22T05:23:52.5518859Z   lsp.ts           |   61.61 |    43.37 |   80.64 |   60.83 | ...1258,1276,1280 
2026-09-22T05:23:52.5519578Z   ...-to-vskill.ts |   91.07 |    66.66 |     100 |    90.9 | 68,112,140-142    
2026-09-22T05:23:52.5520267Z   pause.ts         |       0 |        0 |       0 |       0 | 15                
2026-09-22T05:23:52.5520992Z   project.ts       |   86.66 |    78.43 |   66.66 |    88.7 | 92-99             
2026-09-22T05:23:52.5521677Z   qa.ts            |       0 |        0 |       0 |       0 | 68-123            
2026-09-22T05:23:52.5522196Z   ...sh-plugins.ts |    91.2 |    76.78 |   91.66 |   91.76 | ...82,399,413,420 
2026-09-22T05:23:52.5522616Z   resume.ts        |       0 |      100 |       0 |       0 | 9                 
2026-09-22T05:23:52.5523063Z   save.ts          |   67.58 |    61.27 |   89.28 |   66.87 | ...27,833-844,852 
2026-09-22T05:23:52.5523789Z   scan-plugins.ts  |       0 |        0 |       0 |       0 | 23-99             
2026-09-22T05:23:52.5524534Z   scan-skill.ts    |   97.67 |       72 |     100 |   97.43 | 75                
2026-09-22T05:23:52.5525259Z   session.ts       |   71.87 |       50 |     100 |   77.19 | ...06,135,141-147 
2026-09-22T05:23:52.5525959Z   start.ts         |       0 |      100 |       0 |       0 | 12                
2026-09-22T05:23:52.5526790Z   status-line.ts   |       0 |        0 |       0 |       0 | 19-71             
2026-09-22T05:23:52.5527505Z   status.ts        |     100 |      100 |     100 |     100 |                   
2026-09-22T05:23:52.5528241Z   sync-gaps.ts     |    87.5 |    82.14 |     100 |   96.55 | 49                
2026-09-22T05:23:52.5528990Z   sync-health.ts   |   68.68 |    64.03 |   85.71 |   74.71 | ...13-225,233,238 
2026-09-22T05:23:52.5529581Z   ...iving-docs.ts |       0 |        0 |       0 |       0 | 29-147            
2026-09-22T05:23:52.5530346Z   sync-progress.ts |   78.34 |    76.59 |   82.35 |   79.33 | ...78-879,885-886 
2026-09-22T05:23:52.5531105Z   sync-retry.ts    |   80.55 |    70.37 |     100 |   81.15 | ...03,112-132,169 
2026-09-22T05:23:52.5531821Z   sync-setup.ts    |      55 |    36.84 |      50 |   55.84 | ...28-170,182-188 
2026-09-22T05:23:52.5532476Z   sync-status.ts   |   91.22 |    83.33 |     100 |   90.38 | 69-71,105,125     
2026-09-22T05:23:52.5533195Z   sync.ts          |   90.25 |    75.64 |   79.16 |   92.68 | ...51,361,379-387 
2026-09-22T05:23:52.5533877Z   task.ts          |       0 |        0 |       0 |       0 | 56-309            
2026-09-22T05:23:52.5534553Z   team.ts          |    82.6 |    76.92 |   55.55 |   81.81 | ...59,192-193,197 
2026-09-22T05:23:52.5535269Z   uninstall.ts     |   81.81 |       75 |      60 |   81.81 | ...81-185,206-207 
2026-09-22T05:23:52.5536032Z   ...structions.ts |       0 |        0 |       0 |       0 | 28-202            
2026-09-22T05:23:52.5536851Z   update.ts        |   70.82 |    62.26 |   66.66 |   71.66 | ...1185-1191,1218 
2026-09-22T05:23:52.5537583Z   verify.ts        |       0 |        0 |       0 |       0 | 21-56             
2026-09-22T05:23:52.5538351Z  cli/commands/plan |   41.73 |    31.68 |      50 |   42.25 |                   
2026-09-22T05:23:52.5539142Z   agent-invoker.ts |     100 |      100 |     100 |     100 |                   
2026-09-22T05:23:52.5539899Z   ...t-detector.ts |   89.13 |    83.87 |   77.77 |   89.13 | 112,129,173-176   
2026-09-22T05:23:52.5540340Z   ...chestrator.ts |       0 |        0 |       0 |       0 | 32-276            
2026-09-22T05:23:52.5540932Z   ...-validator.ts |       0 |        0 |       0 |       0 | 29-205            
2026-09-22T05:23:52.5541644Z   types.ts         |       0 |        0 |       0 |       0 | 86-119            
2026-09-22T05:23:52.5542311Z  cli/helpers       |   71.07 |    60.93 |      70 |   70.71 |                   
2026-09-22T05:23:52.5543247Z   ...ath-mapper.ts |       0 |        0 |       0 |       0 | 44-251            
2026-09-22T05:23:52.5544138Z   ...a-selector.ts |   89.34 |    71.42 |   85.71 |   89.18 | ...23,239,274,301 
2026-09-22T05:23:52.5544647Z   ...ect-loader.ts |   84.16 |    72.97 |   78.94 |   84.95 | ...35,450,454,462 
2026-09-22T05:23:52.5545172Z   ...on-handler.ts |   27.11 |    18.75 |      60 |   27.11 | ...96,208-212,232 
2026-09-22T05:23:52.5545927Z   ...o-selector.ts |   94.87 |    80.85 |      85 |   95.36 | 284,336-341,377   
2026-09-22T05:23:52.5546485Z   ...y-prompter.ts |       0 |        0 |       0 |       0 | 64-250            
2026-09-22T05:23:52.5546985Z   ...ss-tracker.ts |   97.36 |    79.06 |     100 |   97.29 | 198-199           
2026-09-22T05:23:52.5547746Z   ...nt-fetcher.ts |   74.28 |    59.18 |   57.14 |   76.56 | ...45,260,271-288 
2026-09-22T05:23:52.5548492Z   ...n-strategy.ts |   89.32 |    80.58 |   91.66 |   89.74 | ...80-784,819-820 
2026-09-22T05:23:52.5549272Z   smart-filter.ts  |   44.31 |       50 |      50 |   44.44 | 135-216,270-306   
2026-09-22T05:23:52.5549845Z  cli/helpers/get   |   95.96 |    88.11 |     100 |   96.33 |                   
2026-09-22T05:23:52.5550610Z   bulk-get.ts      |    97.5 |    91.89 |     100 |   96.77 | 73                
2026-09-22T05:23:52.5551337Z   clone-repo.ts    |   95.83 |    78.94 |     100 |   95.65 | 72                
2026-09-22T05:23:52.5552030Z   register-repo.ts |   96.96 |     82.6 |     100 |     100 | 62-73,100         
2026-09-22T05:23:52.5552845Z   source-parser.ts |   92.59 |    95.45 |     100 |   92.59 | 117-118           
2026-09-22T05:23:52.5553293Z  ...helpers/github |       0 |        0 |       0 |       0 |                   
2026-09-22T05:23:52.5553736Z   ...e-selector.ts |       0 |        0 |       0 |       0 | 38-248            
2026-09-22T05:23:52.5554162Z   ...le-manager.ts |       0 |        0 |       0 |       0 | 63-375            
2026-09-22T05:23:52.5554603Z  cli/helpers/init  |   73.93 |    66.02 |   79.57 |   73.55 |                   
2026-09-22T05:23:52.5555052Z   ...in-enabler.ts |   88.46 |    66.66 |     100 |   88.46 | 49,76-77          
2026-09-22T05:23:52.5555491Z   ...ttings-env.ts |   92.85 |      100 |     100 |   92.85 | 32                
2026-09-22T05:23:52.5555934Z   ...-detection.ts |    92.2 |    72.72 |     100 |   94.52 | 74,137,199-201    
2026-09-22T05:23:52.5556435Z   ...-structure.ts |   23.52 |       20 |   33.33 |   23.15 | 80-260,304-379    
2026-09-22T05:23:52.5557018Z   ...t-grouping.ts |   17.42 |    11.42 |    37.5 |   17.05 | ...24-345,356-358 
2026-09-22T05:23:52.5557680Z   ...nal-import.ts |   81.28 |    73.28 |      80 |    80.9 | ...1308-1313,1330 
2026-09-22T05:23:52.5558432Z   ...-installer.ts |    7.82 |     3.92 |   22.22 |     8.1 | 33-64,120-299     
2026-09-22T05:23:52.5559219Z   ...po-cloning.ts |   82.73 |    77.22 |   85.71 |   82.82 | ...15,483-484,584 
2026-09-22T05:23:52.5559842Z   ...-generator.ts |   85.24 |    75.53 |   88.88 |   83.92 | ...25-726,798-827 
2026-09-22T05:23:52.5560383Z   ...-detection.ts |   98.21 |    88.63 |     100 |     100 | ...04-105,149,160 
2026-09-22T05:23:52.5561061Z   ...ile-merger.ts |    98.2 |     90.9 |    98.5 |   99.07 | 327,623,821       
2026-09-22T05:23:52.5561740Z   ...ile-writer.ts |   94.11 |       92 |     100 |   93.93 | 92,127            
2026-09-22T05:23:52.5562331Z   ...uto-detect.ts |   99.35 |    89.23 |     100 |   99.32 | 477,507           
2026-09-22T05:23:52.5563070Z   ...-selection.ts |       0 |        0 |       0 |       0 | 34-337            
2026-09-22T05:23:52.5563759Z   ...-preflight.ts |       0 |        0 |       0 |       0 | 72-561            
2026-09-22T05:23:52.5564191Z   next-steps.ts    |   97.22 |    81.48 |     100 |   97.22 | 165,167           
2026-09-22T05:23:52.5564905Z   path-utils.ts    |    89.5 |    87.65 |     100 |   94.19 | ...31,372,380,391 
2026-09-22T05:23:52.5565650Z   ...-installer.ts |   97.64 |     92.5 |     100 |   97.61 | 194-195           
2026-09-22T05:23:52.5566564Z   ...-detection.ts |   95.91 |    97.05 |     100 |   95.91 | 80,110            
2026-09-22T05:23:52.5567374Z   repo-connect.ts  |   94.69 |     87.5 |   92.85 |   94.53 | ...60,317,325-330 
2026-09-22T05:23:52.5568041Z   ...-detection.ts |   94.73 |    79.48 |   83.33 |   94.33 | 92,180,203        
2026-09-22T05:23:52.5568728Z   shell-config.ts  |   88.46 |       85 |     100 |   88.31 | ...17,208,293-297 
2026-09-22T05:23:52.5569471Z   ...-installer.ts |     100 |    85.45 |     100 |     100 | ...28,157,162-164 
2026-09-22T05:23:52.5570066Z   ...t-defaults.ts |     100 |     87.5 |     100 |     100 | 50,63             
2026-09-22T05:23:52.5570501Z   smart-reinit.ts  |       0 |        0 |       0 |       0 | 54-550            
2026-09-22T05:23:52.5571254Z   ...k-detector.ts |   96.84 |    92.42 |     100 |   95.83 | 30,38,88          
2026-09-22T05:23:52.5572028Z   ...ary-banner.ts |   97.43 |    96.66 |      50 |   97.43 | 129               
2026-09-22T05:23:52.5572595Z   ...le-helpers.ts |       0 |        0 |       0 |       0 | 32-379            
2026-09-22T05:23:52.5573010Z   types.ts         |     100 |      100 |     100 |     100 |                   
2026-09-22T05:23:52.5573654Z   ...it-invoker.ts |     100 |       75 |     100 |     100 | 56,77,88          
2026-09-22T05:23:52.5574267Z   ...navigation.ts |      75 |       75 |      75 |      75 | 120-121           
2026-09-22T05:23:52.5575014Z   ...pace-setup.ts |   82.95 |    67.36 |   84.61 |   84.75 | ...04-505,513,561 
2026-09-22T05:23:52.5575753Z  .../issue-tracker |   59.57 |       52 |      50 |   60.24 |                   
2026-09-22T05:23:52.5576613Z   ...-selection.ts |       0 |        0 |       0 |       0 | 58-339            
2026-09-22T05:23:52.5577157Z   ...o-discover.ts |       0 |        0 |       0 |       0 | 37-145            
2026-09-22T05:23:52.5577878Z   ado.ts           |   87.88 |    74.69 |   84.37 |   88.08 | ...74,502,509-512 
2026-09-22T05:23:52.5578642Z   ...multi-repo.ts |   67.11 |    51.97 |   45.83 |   69.19 | ...75-588,598-605 
2026-09-22T05:23:52.5579381Z   github.ts        |   78.72 |    68.02 |   70.58 |   81.41 | ...50-452,795-801 
2026-09-22T05:23:52.5580117Z   ...-selection.ts |       0 |        0 |       0 |       0 | 56-343            
2026-09-22T05:23:52.5580829Z   jira.ts          |   69.66 |    64.45 |    64.7 |   69.55 | ...15,543,632-659 
2026-09-22T05:23:52.5581552Z   ...ing-wizard.ts |   30.83 |     25.8 |      40 |    26.6 | 94-277,324-328    
2026-09-22T05:23:52.5582247Z   ...fig-writer.ts |   87.64 |    70.85 |     100 |   88.19 | ...55-256,399,427 
2026-09-22T05:23:52.5582967Z   types.ts         |     100 |      100 |     100 |     100 |                   
2026-09-22T05:23:52.5583612Z   utils.ts         |    1.08 |        0 |       0 |    1.19 | 22-145,158-310    
2026-09-22T05:23:52.5584331Z  cli/workers       |   18.14 |    19.57 |   29.23 |   18.02 |                   
2026-09-22T05:23:52.5585088Z   ...eld-worker.ts |   95.98 |    87.25 |   91.17 |   97.64 | ...12-413,417,715 
2026-09-22T05:23:52.5585841Z   clone-worker.ts  |       0 |        0 |       0 |       0 | 52-380            
2026-09-22T05:23:52.5586671Z   ...can-worker.ts |       0 |        0 |       0 |       0 | 72-940            
2026-09-22T05:23:52.5587234Z   import-worker.ts |       0 |        0 |       0 |       0 | 37-375            
2026-09-22T05:23:52.5587880Z   ...ocs-worker.ts |       0 |        0 |       0 |       0 | 51-945            
2026-09-22T05:23:52.5588616Z   ...ner-worker.ts |   31.87 |    35.29 |      35 |   32.72 | ...75-572,583-585 
2026-09-22T05:23:52.5589347Z  config            |   97.33 |    91.66 |     100 |   97.33 |                   
2026-09-22T05:23:52.5590099Z   ConfigManager.ts |   92.59 |    76.92 |     100 |   92.59 | 49,103            
2026-09-22T05:23:52.5590880Z   import-config.ts |     100 |    97.14 |     100 |     100 | 141               
2026-09-22T05:23:52.5591473Z   types.ts         |     100 |      100 |     100 |     100 |                   
2026-09-22T05:23:52.5592350Z  core              |   75.89 |    68.88 |   79.57 |   76.63 |                   
2026-09-22T05:23:52.5593065Z   ...-formatter.ts |     100 |      100 |     100 |     100 |                   
2026-09-22T05:23:52.5593844Z   ...gress-sync.ts |   92.71 |    73.07 |     100 |   92.51 | ...67,475-476,487 
2026-09-22T05:23:52.5594618Z   ...idator-cli.ts |       0 |        0 |       0 |       0 | 24-166            
2026-09-22T05:23:52.5595387Z   ...-validator.ts |    80.8 |    66.66 |   71.42 |   81.14 | ...96-309,365-379 
2026-09-22T05:23:52.5596140Z   ...on-updater.ts |     100 |      100 |     100 |     100 |                   
2026-09-22T05:23:52.5596978Z   ...dispatcher.ts |   58.06 |    65.21 |   55.55 |   58.06 | 118-150           
2026-09-22T05:23:52.5597780Z   ...nt-builder.ts |     100 |      100 |     100 |     100 |                   
2026-09-22T05:23:52.5598516Z   ...ig-manager.ts |       0 |        0 |       0 |       0 |                   
2026-09-22T05:23:52.5599237Z   ...-validator.ts |    97.5 |    96.15 |     100 |   97.22 | 146               
2026-09-22T05:23:52.5599681Z   ...ttribution.ts |   32.83 |    23.52 |   45.45 |   36.84 | ...57-187,202-213 
2026-09-22T05:23:52.5600445Z   ...ignal-emit.ts |    8.33 |        0 |       0 |    9.09 | 53-82,93-94       
2026-09-22T05:23:52.5601172Z   ...-validator.ts |   78.94 |    71.05 |   76.92 |      80 | ...30-352,358-360 
2026-09-22T05:23:52.5601937Z   sync-throttle.ts |   96.29 |    92.85 |     100 |   96.29 | 92                
2026-09-22T05:23:52.5602706Z   ...uto-create.ts |   75.72 |    60.93 |     100 |   75.49 | ...02-307,317-322 
2026-09-22T05:23:52.5603441Z   ...n-detector.ts |   98.88 |       88 |     100 |   98.82 | 344               
2026-09-22T05:23:52.5604228Z  core/analytics    |   93.24 |    91.46 |   95.55 |   95.95 |                   
2026-09-22T05:23:52.5604992Z   ...aggregator.ts |   94.56 |    94.91 |   94.44 |   95.34 | 98,175,203,214    
2026-09-22T05:23:52.5605743Z   ...-collector.ts |    92.3 |    91.54 |   95.45 |    96.7 | 238,270,311       
2026-09-22T05:23:52.5606591Z   event-writer.ts  |   92.85 |      100 |     100 |    92.3 | 48                
2026-09-22T05:23:52.5607176Z   types.ts         |   91.66 |    79.16 |     100 |     100 | 21,34,36-37       
2026-09-22T05:23:52.5607691Z  core/auto         |   87.27 |    75.95 |   94.15 |   87.81 |                   
2026-09-22T05:23:52.5608437Z   ...-evaluator.ts |    75.4 |    71.85 |    90.9 |    74.3 | ...88,693,705-746 
2026-09-22T05:23:52.5609174Z   config.ts        |   77.66 |    67.61 |    87.5 |   83.69 | ...72-176,199,228 
2026-09-22T05:23:52.5609909Z   ...conditions.ts |     100 |    89.36 |     100 |     100 | 162,223,227-230   
2026-09-22T05:23:52.5610668Z   e2e-coverage.ts  |       0 |        0 |       0 |       0 |                   
2026-09-22T05:23:52.5611431Z   ...nt-planner.ts |   90.21 |    68.29 |     100 |   91.02 | ...78,181,234-237 
2026-09-22T05:23:52.5612164Z   logger.ts        |   88.23 |    81.81 |   91.83 |   87.38 | ...72-373,442,445 
2026-09-22T05:23:52.5612925Z   plan-approval.ts |   91.75 |    77.02 |    90.9 |   93.37 | ...54,394,399,436 
2026-09-22T05:23:52.5613690Z   ...t-detector.ts |   95.52 |    90.69 |     100 |   95.08 | 233,249,280       
2026-09-22T05:23:52.5614454Z   ...pt-chunker.ts |   98.59 |    85.71 |     100 |     100 | 154-185,214,227   
2026-09-22T05:23:52.5615036Z   types.ts         |     100 |      100 |     100 |     100 |                   
2026-09-22T05:23:52.5615754Z  ...o/e2e-coverage |   82.52 |    70.92 |   82.27 |   83.36 |                   
2026-09-22T05:23:52.5616605Z   ...lity-audit.ts |   92.66 |    87.09 |   92.85 |    93.2 | ...11-115,221,276 
2026-09-22T05:23:52.5617106Z   ...ole-errors.ts |   74.07 |    69.76 |    62.5 |   77.55 | ...04,111-113,157 
2026-09-22T05:23:52.5617749Z   ...e-manifest.ts |    97.4 |    78.12 |   93.75 |   98.64 | 106               
2026-09-22T05:23:52.5618346Z   ...-extractor.ts |   55.76 |    52.94 |      55 |   56.16 | ...05,324-332,361 
2026-09-22T05:23:52.5619022Z   route-tracker.ts |   90.58 |    76.62 |     100 |   90.58 | ...01,120,131-133 
2026-09-22T05:23:52.5619579Z   types.ts         |     100 |      100 |     100 |     100 |                   
2026-09-22T05:23:52.5620083Z   ...e-coverage.ts |     100 |      100 |     100 |     100 |                   
2026-09-22T05:23:52.5620692Z   ...t-analyzer.ts |   94.44 |    84.61 |     100 |    94.2 | 93-94,116,128     
2026-09-22T05:23:52.5621275Z  core/background   |   44.22 |    39.24 |   39.17 |   45.48 |                   
2026-09-22T05:23:52.5621831Z   ...d-launcher.ts |       2 |        0 |       0 |    2.15 | ...54-227,238-382 
2026-09-22T05:23:52.5622299Z   ...dependency.ts |    98.5 |    89.74 |     100 |   98.48 | 120               
2026-09-22T05:23:52.5622823Z   job-launcher.ts  |   59.37 |    51.96 |   69.56 |   59.28 | ...07-742,850-889 
2026-09-22T05:23:52.5623408Z   job-manager.ts   |   41.77 |    25.92 |   51.61 |   44.75 | ...00-312,369-389 
2026-09-22T05:23:52.5623852Z   ...s-executor.ts |       0 |        0 |       0 |       0 | 40-283            
2026-09-22T05:23:52.5624383Z   types.ts         |     100 |      100 |     100 |     100 |                   
2026-09-22T05:23:52.5625051Z  core/cache        |   97.38 |     92.3 |   96.29 |   97.32 |                   
2026-09-22T05:23:52.5625573Z   cache-manager.ts |   96.94 |    93.18 |   94.44 |   96.87 | 185-192           
2026-09-22T05:23:52.5626238Z   ...it-checker.ts |      98 |     90.9 |     100 |      98 | 130               
2026-09-22T05:23:52.5626933Z   ...ext-loader.ts |     100 |      100 |     100 |     100 |                   
2026-09-22T05:23:52.5627624Z  core/cicd         |   58.94 |    52.84 |   54.71 |   59.07 |                   
2026-09-22T05:23:52.5628363Z   branch-utils.ts  |     100 |      100 |     100 |     100 |                   
2026-09-22T05:23:52.5629159Z   config-loader.ts |   67.69 |     65.9 |      75 |   68.75 | ...48,252,288-317 
2026-09-22T05:23:52.5629932Z   ...or-service.ts |       0 |        0 |       0 |       0 | 84-195            
2026-09-22T05:23:52.5630618Z   notifier.ts      |       0 |        0 |       0 |       0 | 59-258            
2026-09-22T05:23:52.5631338Z   state-manager.ts |      80 |    66.66 |   84.61 |   79.68 | ...75,205-207,216 
2026-09-22T05:23:52.5632077Z   types.ts         |     100 |      100 |     100 |     100 |                   
2026-09-22T05:23:52.5632714Z   ...ow-monitor.ts |   88.73 |    67.56 |   91.66 |   89.85 | ...14,190-191,296 
2026-09-22T05:23:52.5633420Z  core/config       |   86.62 |    76.74 |   86.66 |   87.27 |                   
2026-09-22T05:23:52.5634123Z   ...ig-manager.ts |    77.5 |    60.24 |   82.92 |   78.63 | ...69,648,699-700 
2026-09-22T05:23:52.5634604Z   ...g-migrator.ts |   91.72 |    81.05 |   93.75 |   92.12 | ...34-236,241,244 
2026-09-22T05:23:52.5635164Z   ...s-migrator.ts |     100 |      100 |     100 |     100 |                   
2026-09-22T05:23:52.5635750Z   ...onfig-file.ts |   96.87 |    95.83 |     100 |     100 | 76                
2026-09-22T05:23:52.5636508Z   migrate-to-2.ts  |   97.36 |    95.58 |     100 |   97.33 | 154-155           
2026-09-22T05:23:52.5637064Z   ...ma-version.ts |     100 |      100 |     100 |     100 |                   
2026-09-22T05:23:52.5637687Z   types.ts         |     100 |      100 |     100 |     100 |                   
2026-09-22T05:23:52.5638216Z   ...e-migrator.ts |   88.23 |    79.76 |   81.81 |   88.31 | ...23-128,208-210 
2026-09-22T05:23:52.5638874Z  core/cost         |   91.29 |    82.35 |    87.5 |   92.11 |                   
2026-09-22T05:23:52.5639407Z   ...et-monitor.ts |   96.77 |     87.5 |     100 |     100 | 57-59             
2026-09-22T05:23:52.5639957Z   cost-tracker.ts  |     100 |     87.8 |     100 |     100 | 209-215,361-363   
2026-09-22T05:23:52.5640609Z   ...g-registry.ts |   93.02 |       90 |   85.71 |   92.85 | 100-101,140       
2026-09-22T05:23:52.5641275Z   ...aggregator.ts |   96.87 |     87.5 |     100 |   98.33 | 161               
2026-09-22T05:23:52.5641970Z   ...d-pipeline.ts |    6.25 |        0 |       0 |    6.66 | 31-69             
2026-09-22T05:23:52.5642796Z   ...ord-reader.ts |   97.43 |    91.66 |     100 |     100 | 51                
2026-09-22T05:23:52.5643485Z   ...ord-writer.ts |     100 |      100 |     100 |     100 |                   
2026-09-22T05:23:52.5644017Z   spend-record.ts  |   77.77 |      100 |   66.66 |   77.77 | 116-121           
2026-09-22T05:23:52.5644677Z   ...g-provider.ts |   84.84 |       75 |   88.88 |   84.37 | 62-73,119         
2026-09-22T05:23:52.5645125Z  core/credentials  |   94.11 |    89.72 |     100 |   94.41 |                   
2026-09-22T05:23:52.5645688Z   ...ls-manager.ts |   94.11 |    89.72 |     100 |   94.41 | ...81-482,484-485 
2026-09-22T05:23:52.5646399Z  .../deduplication |    86.3 |    77.27 |   78.57 |   86.11 |                   
2026-09-22T05:23:52.5646892Z   ...duplicator.ts |    86.3 |    77.27 |   78.57 |   86.11 | ...73,311,328-352 
2026-09-22T05:23:52.5647532Z  core/deployment   |   99.32 |    96.46 |     100 |   99.65 |                   
2026-09-22T05:23:52.5648087Z   deploy-router.ts |     100 |    96.39 |     100 |     100 | 287,293,305,338   
2026-09-22T05:23:52.5648713Z   ...t-analyzer.ts |   98.66 |    96.55 |     100 |   99.29 | 226               
2026-09-22T05:23:52.5649266Z   types.ts         |       0 |        0 |       0 |       0 |                   
2026-09-22T05:23:52.5649825Z  core/discrepancy  |   84.33 |    69.08 |   91.22 |   85.37 |                   
2026-09-22T05:23:52.5650416Z   ...ld-manager.ts |    81.3 |    72.26 |   87.87 |   83.25 | ...93,535,543,551 
2026-09-22T05:23:52.5651016Z   ...ield-types.ts |       0 |        0 |       0 |       0 |                   
2026-09-22T05:23:52.5651548Z   detector.ts      |   90.17 |    54.09 |     100 |   90.09 | ...14,341,356,385 
2026-09-22T05:23:52.5652195Z   ...-generator.ts |   92.95 |    76.66 |     100 |   92.95 | 147,183,294-296   
2026-09-22T05:23:52.5652728Z   ...classifier.ts |   74.07 |    70.51 |   83.33 |   75.94 | ...98,318,327-334 
2026-09-22T05:23:52.5653281Z   spec-parser.ts   |   91.34 |    79.62 |   94.11 |   93.47 | ...,85-86,258,273 
2026-09-22T05:23:52.5653823Z   ...ecommender.ts |    79.8 |     64.7 |   88.88 |   79.41 | ...57,293,350-354 
2026-09-22T05:23:52.5654419Z  ...ancy/analyzers |      93 |    77.65 |   97.22 |   96.27 |                   
2026-09-22T05:23:52.5654864Z   ...e-analyzer.ts |   93.07 |    85.22 |     100 |   97.36 | 292-295           
2026-09-22T05:23:52.5655489Z   ...t-analyzer.ts |   92.92 |       71 |      95 |   95.04 | 102-104,336,368   
2026-09-22T05:23:52.5656087Z  core/doctor       |   58.33 |    53.96 |   89.47 |   55.55 |                   
2026-09-22T05:23:52.5656717Z   doctor.ts        |   53.48 |    49.12 |   86.66 |   53.48 | ...01,146,157-227 
2026-09-22T05:23:52.5657271Z   types.ts         |     100 |      100 |     100 |     100 |                   
2026-09-22T05:23:52.5657817Z  ...octor/checkers |   83.24 |    70.86 |   93.84 |   84.77 |                   
2026-09-22T05:23:52.5658279Z   ...on-checker.ts |   84.41 |    72.09 |     100 |   84.21 | ...93-212,248-257 
2026-09-22T05:23:52.5658709Z   ...nt-checker.ts |   86.84 |    57.69 |   92.85 |   84.84 | 50,86-88,144      
2026-09-22T05:23:52.5659197Z   git-checker.ts   |   60.75 |     42.5 |     100 |   61.97 | ...26,256-260,277 
2026-09-22T05:23:52.5659761Z   hooks-checker.ts |      80 |    56.81 |   88.88 |   83.33 | ...26,130,143,148 
2026-09-22T05:23:52.5660278Z   ...ne-checker.ts |     100 |      100 |     100 |     100 |                   
2026-09-22T05:23:52.5660751Z   ...ts-checker.ts |   90.24 |    73.07 |     100 |    92.2 | ...13,216,219,231 
2026-09-22T05:23:52.5661298Z   ...th-checker.ts |   85.43 |    75.87 |   89.74 |   88.02 | ...78,895,913-917 
2026-09-22T05:23:52.5661779Z   ...es-checker.ts |   97.46 |    78.12 |     100 |   97.26 | 59,150            
2026-09-22T05:23:52.5662318Z   ...ns-checker.ts |   67.32 |     62.5 |   77.77 |   68.68 | ...99,221-263,303 
2026-09-22T05:23:52.5662757Z   ...re-checker.ts |   91.07 |    91.17 |     100 |   92.72 | 93,143,154,197    
2026-09-22T05:23:52.5663378Z  core/errors       |     100 |      100 |     100 |     100 |                   
2026-09-22T05:23:52.5664038Z   sync-error.ts    |     100 |      100 |     100 |     100 |                   
2026-09-22T05:23:52.5664489Z  ...external-tools |    50.3 |    51.54 |      76 |      51 |                   
2026-09-22T05:23:52.5665057Z   ...ms-counter.ts |   73.52 |    64.28 |   91.66 |   75.38 | ...92-195,212-218 
2026-09-22T05:23:52.5665501Z   ...ms-display.ts |   26.19 |     41.5 |   55.55 |   22.97 | 30-34,77-178      
2026-09-22T05:23:52.5666029Z   types.ts         |    90.9 |       50 |      75 |     100 | 147               
2026-09-22T05:23:52.5666732Z  ...ools/providers |      36 |    38.04 |   58.33 |   36.48 |                   
2026-09-22T05:23:52.5667210Z   ...ms-adapter.ts |   18.03 |     32.5 |   33.33 |   18.64 | 66-225            
2026-09-22T05:23:52.5667735Z   ...ms-adapter.ts |   78.94 |    68.75 |     100 |   78.94 | ...31-132,165-166 
2026-09-22T05:23:52.5668267Z   ...ms-adapter.ts |   25.49 |    30.55 |   42.85 |   25.49 | 71-187            
2026-09-22T05:23:52.5668809Z  core/fabric       |    87.5 |    79.19 |   95.74 |   87.87 |                   
2026-09-22T05:23:52.5669246Z   ...try-schema.ts |     100 |      100 |     100 |     100 |                   
2026-09-22T05:23:52.5669679Z   ...rity-judge.ts |   65.33 |    63.07 |   77.77 |   66.17 | ...50-283,299-302 
2026-09-22T05:23:52.5670324Z   ...ty-scanner.ts |   98.24 |    96.55 |     100 |   97.95 | 501               
2026-09-22T05:23:52.5670855Z   ...ueue-types.ts |       0 |        0 |       0 |       0 |                   
2026-09-22T05:23:52.5671288Z   ...sion-queue.ts |   95.61 |    87.75 |     100 |   96.26 | 140,160,307,324   
2026-09-22T05:23:52.5671928Z  ...bric/discovery |   98.21 |    89.58 |     100 |     100 |                   
2026-09-22T05:23:52.5672498Z   ...nt-fetcher.ts |     100 |      100 |     100 |     100 |                   
2026-09-22T05:23:52.5673067Z   ...b-provider.ts |     100 |       90 |     100 |     100 | 69                
2026-09-22T05:23:52.5673502Z   npm-provider.ts  |      96 |    83.33 |     100 |     100 | 45-49             
2026-09-22T05:23:52.5673952Z   scan-pipeline.ts |     100 |    91.66 |     100 |     100 | 44                
2026-09-22T05:23:52.5674470Z   ...h-provider.ts |   94.11 |       75 |     100 |     100 | 22                
2026-09-22T05:23:52.5674946Z   ...e-registry.ts |     100 |      100 |     100 |     100 |                   
2026-09-22T05:23:52.5675472Z  ...eature-deleter |   23.07 |     29.7 |   16.07 |   24.13 |                   
2026-09-22T05:23:52.5676088Z   audit-logger.ts  |       0 |        0 |       0 |       0 | 20-85             
2026-09-22T05:23:52.5676705Z   ...on-manager.ts |       0 |        0 |       0 |       0 | 22-88             
2026-09-22T05:23:52.5677342Z   ...ransaction.ts |       0 |        0 |       0 |       0 | 25-200            
2026-09-22T05:23:52.5677984Z   git-service.ts   |       0 |        0 |       0 |       0 | 22-120            
2026-09-22T05:23:52.5678521Z   ...ub-service.ts |       0 |        0 |       0 |       0 | 21-108            
2026-09-22T05:23:52.5679017Z   types.ts         |       0 |        0 |       0 |       0 |                   
2026-09-22T05:23:52.5679432Z   validator.ts     |   74.11 |     62.5 |   69.23 |   76.82 | ...48,179,215-249 
2026-09-22T05:23:52.5679972Z  core/hooks        |      70 |    58.92 |      90 |   70.94 |                   
2026-09-22T05:23:52.5680499Z   ...Dispatcher.ts |      70 |    58.92 |      90 |   70.94 | ...58-466,473-474 
2026-09-22T05:23:52.5681038Z  ...hooks/handlers |   92.25 |    83.38 |   97.18 |   94.01 |                   
2026-09-22T05:23:52.5681552Z   hook-router.ts   |    92.3 |    74.19 |     100 |   93.93 | 69-70             
2026-09-22T05:23:52.5682167Z   pre-compact.ts   |   88.23 |    70.37 |   83.33 |    86.2 | 53,72-74          
2026-09-22T05:23:52.5682670Z   pre-tool-use.ts  |     100 |    88.75 |     100 |     100 | ...43,201,218,238 
2026-09-22T05:23:52.5683426Z   session-start.ts |   90.72 |    78.84 |     100 |    93.5 | 50-51,90,105-106  
2026-09-22T05:23:52.5695721Z   stop.ts          |   87.62 |    78.12 |     100 |   89.65 | ...12-115,196-197 
2026-09-22T05:23:52.5697162Z   types.ts         |   85.71 |    89.09 |   85.71 |   91.89 | 80,154,162        
2026-09-22T05:23:52.5698094Z   utils.ts         |   98.14 |    93.47 |     100 |     100 | 64-65,117         
2026-09-22T05:23:52.5698871Z  core/i18n         |   68.89 |    64.44 |    87.5 |   69.23 |                   
2026-09-22T05:23:52.5699643Z   ...e-detector.ts |   97.14 |    97.05 |     100 |   97.14 | 148               
2026-09-22T05:23:52.5700455Z   ...ge-manager.ts |     100 |     87.5 |     100 |     100 | 166,235-242       
2026-09-22T05:23:52.5701266Z   ...e-registry.ts |     100 |      100 |     100 |     100 |                   
2026-09-22T05:23:52.5702069Z   ...le-manager.ts |   79.06 |    70.58 |     100 |   79.06 | 41-56             
2026-09-22T05:23:52.5702826Z   ...t-injector.ts |       0 |        0 |       0 |       0 | 26-170            
2026-09-22T05:23:52.5703517Z   types.ts         |       0 |        0 |       0 |       0 |                   
2026-09-22T05:23:52.5704254Z  core/increment    |   77.46 |    69.78 |   82.71 |   78.15 |                   
2026-09-22T05:23:52.5705049Z   ...us-manager.ts |   72.56 |     75.9 |      80 |   72.22 | ...62,384,394-495 
2026-09-22T05:23:52.5705809Z   ...nt-manager.ts |   89.36 |    84.21 |   77.77 |      90 | ...34-141,319,345 
2026-09-22T05:23:52.5706786Z   ...on-manager.ts |   16.66 |    14.63 |    37.5 |   16.66 | 51-199,231-266    
2026-09-22T05:23:52.5707570Z   ...-validator.ts |   78.28 |    64.88 |   76.92 |   79.88 | ...68-269,306-350 
2026-09-22T05:23:52.5708398Z   ...t-resolver.ts |   94.59 |    89.47 |   88.88 |   95.83 | 261-262,279       
2026-09-22T05:23:52.5709194Z   ...c-detector.ts |       0 |        0 |       0 |       0 | 81-360            
2026-09-22T05:23:52.5709980Z   ...ne-checker.ts |   91.42 |    89.47 |     100 |   89.65 | 107-116           
2026-09-22T05:23:52.5710781Z   ...e-detector.ts |   90.26 |     74.6 |     100 |      93 | ...00,236,242-243 
2026-09-22T05:23:52.5711585Z   ...t-archiver.ts |   83.91 |       76 |   92.15 |   84.34 | ...10-911,923,943 
2026-09-22T05:23:52.5712393Z   ...-artifacts.ts |      50 |        0 |       0 |      50 | 52-64             
2026-09-22T05:23:52.5713173Z   ...t-reopener.ts |   97.18 |    95.83 |     100 |   97.16 | 327,428,506-507   
2026-09-22T05:23:52.5713919Z   ...ent-status.ts |    62.1 |     54.9 |   22.22 |   62.76 | ...30-231,274-295 
2026-09-22T05:23:52.5714672Z   ...ment-utils.ts |   92.53 |     92.4 |     100 |   94.35 | ...40,658,712,823 
2026-09-22T05:23:52.5715432Z   ...ta-manager.ts |      69 |     65.1 |   80.35 |   69.33 | ...1145,1199-1212 
2026-09-22T05:23:52.5716194Z   ...-validator.ts |   85.18 |    69.04 |     100 |   85.18 | ...50,169-176,203 
2026-09-22T05:23:52.5717112Z   ...rk-scanner.ts |   89.13 |    78.84 |     100 |   88.72 | 174,331-353       
2026-09-22T05:23:52.5717895Z   ...le-manager.ts |   76.55 |    58.78 |     100 |   80.07 | ...08-818,873-904 
2026-09-22T05:23:52.5718729Z   ...er-updater.ts |   93.18 |    57.14 |     100 |   93.18 | 121,178,187       
2026-09-22T05:23:52.5719539Z   ...nc-manager.ts |   69.87 |    64.58 |   69.23 |   71.25 | ...77,598,603,618 
2026-09-22T05:23:52.5720342Z   ...transition.ts |   93.39 |    91.22 |     100 |   93.39 | ...46,357,371-375 
2026-09-22T05:23:52.5721156Z   ...nc-trigger.ts |   65.82 |    70.45 |    90.9 |   65.82 | ...64,267,311-375 
2026-09-22T05:23:52.5721947Z   ...s-commands.ts |   75.61 |    64.12 |   78.26 |   76.95 | ...63,578,586-587 
2026-09-22T05:23:52.5722813Z   ...it-breaker.ts |   96.15 |     87.5 |     100 |     100 | 83                
2026-09-22T05:23:52.5723635Z   ...te-manager.ts |   97.22 |    93.75 |     100 |     100 | 144               
2026-09-22T05:23:52.5724420Z   ...te-creator.ts |      94 |    85.21 |     100 |   93.83 | ...22,226,405,544 
2026-09-22T05:23:52.5725429Z   types.ts         |       0 |        0 |       0 |       0 |                   
2026-09-22T05:23:52.5726232Z  core/intent       |   96.49 |    93.33 |     100 |   97.87 |                   
2026-09-22T05:23:52.5727345Z   ...le-context.ts |   97.82 |       90 |     100 |   97.29 | 34                
2026-09-22T05:23:52.5728113Z   types.ts         |     100 |      100 |     100 |     100 |                   
2026-09-22T05:23:52.5728888Z   validation.ts    |      90 |    95.55 |     100 |     100 | 25,37             
2026-09-22T05:23:52.5729713Z  core/jev          |   85.12 |    76.91 |   91.26 |   86.27 |                   
2026-09-22T05:23:52.5730522Z   browse.ts        |   74.41 |    60.35 |   72.72 |    76.5 | ...26-829,834-839 
2026-09-22T05:23:52.5731293Z   client.ts        |   94.11 |     88.7 |     100 |   93.97 | ...52,272,393,458 
2026-09-22T05:23:52.5732076Z   config.ts        |     100 |    98.03 |     100 |     100 | 216               
2026-09-22T05:23:52.5732863Z   decide.ts        |   95.48 |     87.5 |     100 |   96.19 | 119,342,465,481   
2026-09-22T05:23:52.5733685Z   questions.ts     |   95.45 |       50 |     100 |     100 | 174-175           
2026-09-22T05:23:52.5734495Z   redact.ts        |     100 |    83.33 |     100 |     100 | 100               
2026-09-22T05:23:52.5735310Z   usage.ts         |   93.54 |    85.71 |     100 |   96.42 | 64                
2026-09-22T05:23:52.5736107Z  core/lazy-loading |   67.99 |    58.09 |    86.4 |   68.63 |                   
2026-09-22T05:23:52.5737080Z   ...ure-logger.ts |   92.53 |    96.66 |   85.71 |    92.3 | 198,221,269-283   
2026-09-22T05:23:52.5737883Z   ...n-detector.ts |   51.06 |    36.31 |   59.37 |   52.51 | ...1220,1278-1299 
2026-09-22T05:23:52.5738737Z   path-utils.ts    |   68.42 |    41.66 |     100 |   68.42 | ...44,260,269-270 
2026-09-22T05:23:52.5739595Z   ...t-detector.ts |   88.04 |    96.34 |   97.82 |   87.95 | ...42-246,256-260 
2026-09-22T05:23:52.5740411Z   ...l-detector.ts |   73.49 |    61.29 |     100 |   73.49 | ...26,148,197-216 
2026-09-22T05:23:52.5741234Z  core/living-docs  |   83.57 |    75.26 |   85.54 |   84.61 |                   
2026-09-22T05:23:52.5742064Z   CodeValidator.ts |   91.22 |       75 |     100 |    90.9 | 49,71,149,194,201 
2026-09-22T05:23:52.5742887Z   ...Propagator.ts |   96.59 |    88.88 |     100 |   96.15 | 96-97,127         
2026-09-22T05:23:52.5743675Z   ...ctDetector.ts |   86.95 |      100 |      60 |      90 | 101-104           
2026-09-22T05:23:52.5744502Z   ...istributor.ts |   98.94 |     92.5 |     100 |   98.88 | 212               
2026-09-22T05:23:52.5753602Z   ...-generator.ts |       0 |        0 |       0 |       0 | 55-226            
2026-09-22T05:23:52.5754816Z   board-matcher.ts |   84.57 |    73.55 |     100 |   86.58 | ...05-508,535-540 
2026-09-22T05:23:52.5755419Z   ...nt-manager.ts |       0 |        0 |       0 |       0 | 71-367            
2026-09-22T05:23:52.5755969Z   ...classifier.ts |   89.83 |       76 |     100 |   89.28 | 410,421-444       
2026-09-22T05:23:52.5756667Z   ...istributor.ts |   99.23 |    88.13 |     100 |    99.2 | 389               
2026-09-22T05:23:52.5757196Z   ...ent-parser.ts |   98.34 |    88.73 |   94.73 |   98.31 | 382,425           
2026-09-22T05:23:52.5757706Z   cross-linker.ts  |    97.6 |    89.09 |     100 |   97.47 | 246,318,348       
2026-09-22T05:23:52.5758154Z   ...oject-sync.ts |   10.71 |    10.52 |   15.78 |   10.97 | ...48-159,185-383 
2026-09-22T05:23:52.5758595Z   discovery.ts     |   87.69 |    83.33 |     100 |   92.56 | ...35,944,949,954 
2026-09-22T05:23:52.5759035Z   ...chestrator.ts |       0 |        0 |       0 |       0 | 82-292            
2026-09-22T05:23:52.5759470Z   ...e-archiver.ts |   83.13 |       70 |   95.34 |    84.2 | ...1440,1493-1495 
2026-09-22T05:23:52.5759921Z   ...-validator.ts |   95.42 |    94.44 |     100 |    95.3 | 342-343,349-355   
2026-09-22T05:23:52.5760359Z   ...id-manager.ts |   75.25 |    62.13 |   85.71 |   77.12 | ...81,503-535,548 
2026-09-22T05:23:52.5760966Z   ...on-builder.ts |   97.98 |    87.09 |     100 |   98.96 | 115-116,403       
2026-09-22T05:23:52.5761422Z   ...chy-mapper.ts |   87.37 |    83.62 |   93.75 |   87.97 | ...99-743,781-796 
2026-09-22T05:23:52.5761962Z   ...cs-enabled.ts |       0 |      100 |       0 |       0 | 25-29             
2026-09-22T05:23:52.5762400Z   ...-docs-sync.ts |   78.16 |    68.13 |   76.47 |   79.51 | ...2178,2204-2208 
2026-09-22T05:23:52.5762848Z   ...otstrapper.ts |   79.06 |    68.75 |   66.66 |   80.48 | 93-95,158-163     
2026-09-22T05:23:52.5763295Z   ...e-analyzer.ts |   95.79 |    86.84 |     100 |   95.55 | ...01,568,763-766 
2026-09-22T05:23:52.5763745Z   ...t-detector.ts |   93.38 |    87.05 |     100 |   93.38 | ...04-208,473,481 
2026-09-22T05:23:52.5764197Z   ...-generator.ts |     100 |    94.02 |     100 |     100 | ...35,620,768-769 
2026-09-22T05:23:52.5764643Z   ...-generator.ts |   94.11 |    71.42 |   94.44 |   96.29 | 154,181,187       
2026-09-22T05:23:52.5765067Z   types.ts         |       0 |        0 |       0 |       0 |                   
2026-09-22T05:23:52.5765506Z   ...a-detector.ts |   91.71 |    85.29 |     100 |   92.44 | ...98-599,650,745 
2026-09-22T05:23:52.5765954Z   ...em-matcher.ts |   85.83 |     81.9 |   80.95 |    86.5 | ...,973,1025-1089 
2026-09-22T05:23:52.5766522Z  ...ocs/enterprise |   85.43 |    78.57 |   82.66 |   85.75 |                   
2026-09-22T05:23:52.5766983Z   ...-generator.ts |   98.96 |       96 |     100 |   98.95 | 682,684-685       
2026-09-22T05:23:52.5767429Z   ...y-analyzer.ts |    99.2 |    89.85 |     100 |     100 | ...41,350,382,415 
2026-09-22T05:23:52.5767883Z   ...hip-mapper.ts |       0 |        0 |       0 |       0 | 58-296            
2026-09-22T05:23:52.5768336Z   spec-loader.ts   |   98.01 |    84.17 |     100 |   98.36 | 382-383,559       
2026-09-22T05:23:52.5768885Z  ...igent-analyzer |   80.08 |    70.93 |   77.81 |   80.51 |                   
2026-09-22T05:23:52.5769649Z   ...-generator.ts |   64.72 |    33.67 |    61.9 |   65.09 | ...74,493,534,541 
2026-09-22T05:23:52.5770456Z   ...-generator.ts |       0 |        0 |       0 |       0 | 26-251            
2026-09-22T05:23:52.5771195Z   ...o-analyzer.ts |   60.16 |    57.03 |   72.22 |    60.8 | ...87,701-720,731 
2026-09-22T05:23:52.5771999Z   file-sampler.ts  |   84.72 |    66.66 |     100 |   95.23 | 189,211,216       
2026-09-22T05:23:52.5772812Z   ...visualizer.ts |       0 |        0 |       0 |       0 | 33-303            
2026-09-22T05:23:52.5773628Z   ...y-detector.ts |   97.56 |    88.72 |     100 |   97.88 | ...28,771,866-868 
2026-09-22T05:23:52.5774436Z   ...-generator.ts |       0 |        0 |       0 |       0 | 40-94             
2026-09-22T05:23:52.5775257Z   orchestrator.ts  |   94.94 |    89.85 |   83.33 |   95.34 | ...17,287-289,420 
2026-09-22T05:23:52.5776069Z   ...ynthesizer.ts |   81.61 |    66.66 |   72.72 |   81.73 | ...09,315-318,365 
2026-09-22T05:23:52.5777929Z   ...n-analyzer.ts |   97.31 |    95.14 |     100 |   97.81 | 113-117           
2026-09-22T05:23:52.5778723Z   repo-scanner.ts  |     100 |    98.63 |     100 |     100 | 209,220           
2026-09-22T05:23:52.5779540Z   report-writer.ts |       0 |        0 |       0 |       0 | 44-228            
2026-09-22T05:23:52.5780300Z   ...-generator.ts |   98.11 |    98.48 |   96.87 |   97.85 | 249-250,264       
2026-09-22T05:23:52.5781013Z   types.ts         |       0 |        0 |       0 |       0 |                   
2026-09-22T05:23:52.5781779Z  ...cs/scaffolding |   86.86 |    76.66 |   92.45 |   88.47 |                   
2026-09-22T05:23:52.5782582Z   merger.ts        |   85.32 |    71.29 |   91.66 |   86.29 | ...23,363,612-658 
2026-09-22T05:23:52.5783365Z   scaffold.ts      |   93.24 |    88.88 |     100 |   93.24 | 214,251,263-265   
2026-09-22T05:23:52.5784136Z   ...ate-engine.ts |   85.18 |    78.78 |   88.88 |   89.47 | ...55,258,268-275 
2026-09-22T05:23:52.5784917Z  ...s/sync-helpers |   52.03 |     40.8 |   34.09 |   52.44 |                   
2026-09-22T05:23:52.5785668Z   file-utils.ts    |    9.61 |        0 |   16.66 |    10.2 | 18,34-129         
2026-09-22T05:23:52.5786844Z   generators.ts    |   87.56 |    78.72 |      90 |   87.91 | ...93-205,350-358 
2026-09-22T05:23:52.5787721Z   ...hy-builder.ts |       0 |        0 |       0 |       0 | 46-345            
2026-09-22T05:23:52.5788498Z   parsers.ts       |   67.02 |    60.86 |   66.66 |   65.93 | ...00-205,246-253 
2026-09-22T05:23:52.5789300Z  ...ocs/validators |       0 |        0 |       0 |       0 |                   
2026-09-22T05:23:52.5790084Z   ...-validator.ts |       0 |        0 |       0 |       0 | 73-220            
2026-09-22T05:23:52.5790885Z  core/llm          |   52.07 |       40 |   68.51 |   50.88 |                   
2026-09-22T05:23:52.5791695Z   ...y-messages.ts |       0 |        0 |       0 |       0 | 30-224            
2026-09-22T05:23:52.5792528Z   budget-guard.ts  |   77.14 |    77.27 |   91.66 |   78.26 | 118-138,187       
2026-09-22T05:23:52.5793346Z   consent.ts       |   91.66 |    81.81 |     100 |   91.42 | 49,64,112         
2026-09-22T05:23:52.5794159Z   ...k-provider.ts |   78.26 |       50 |    87.5 |   85.71 | 69-71             
2026-09-22T05:23:52.5837562Z   ...pabilities.ts |   95.08 |    94.23 |     100 |     100 | 42,109-110        
2026-09-22T05:23:52.5852795Z   ...er-factory.ts |   15.92 |    11.66 |   35.71 |   15.92 | ...90-154,184-438 
2026-09-22T05:23:52.5853892Z   types.ts         |      70 |       50 |     100 |      70 | 319-321           
2026-09-22T05:23:52.5854830Z  .../llm/providers |   33.96 |    22.46 |   34.72 |   33.98 |                   
2026-09-22T05:23:52.5855591Z   ...c-provider.ts |       0 |        0 |       0 |       0 | 40-270            
2026-09-22T05:23:52.5856492Z   ...i-provider.ts |       0 |        0 |       0 |       0 | 31-171            
2026-09-22T05:23:52.5857239Z   ...k-provider.ts |       0 |        0 |       0 |       0 | 31-199            
2026-09-22T05:23:52.5857925Z   ...e-provider.ts |   94.69 |    82.08 |   94.73 |   94.59 | ...02,327,363,470 
2026-09-22T05:23:52.5858480Z   ...a-provider.ts |       0 |        0 |       0 |       0 | 28-160            
2026-09-22T05:23:52.5858901Z   ...i-provider.ts |       0 |        0 |       0 |       0 | 28-168            
2026-09-22T05:23:52.5859516Z   ...i-provider.ts |       0 |        0 |       0 |       0 | 30-169            
2026-09-22T05:23:52.5859956Z   ...i-provider.ts |   96.42 |     92.3 |     100 |   96.29 | 168,191           
2026-09-22T05:23:52.5860431Z  core/logging      |       0 |        0 |       0 |       0 |                   
2026-09-22T05:23:52.5861007Z   prompt-logger.ts |       0 |        0 |       0 |       0 | 26-255            
2026-09-22T05:23:52.5861557Z  core/logs         |   90.59 |       86 |   96.42 |   92.52 |                   
2026-09-22T05:23:52.5862179Z   ...aggregator.ts |   91.56 |    89.39 |   93.75 |   94.66 | 132,228,264-268   
2026-09-22T05:23:52.5862737Z   log-exporter.ts  |   88.23 |    79.41 |     100 |    87.5 | 120,182,202-204   
2026-09-22T05:23:52.5863307Z  core/lsp          |   36.78 |     32.4 |   45.45 |   37.67 |                   
2026-09-22T05:23:52.5863881Z   error-handler.ts |   88.88 |    84.37 |     100 |   88.88 | 139,151,164       
2026-09-22T05:23:52.5864380Z   lsp-client.ts    |    58.9 |    48.21 |      75 |   58.57 | ...22,858,878,882 
2026-09-22T05:23:52.5865021Z   ...ntegration.ts |       0 |        0 |       0 |       0 | 40-223            
2026-09-22T05:23:52.5865549Z   lsp-manager.ts   |      50 |    36.04 |      70 |   54.83 | ...68,380-383,400 
2026-09-22T05:23:52.5866091Z   ...ver-client.ts |    0.43 |        0 |       0 |    0.45 | 64-632            
2026-09-22T05:23:52.5866859Z  core/lsp/cache    |   91.89 |      100 |     100 |   91.89 |                   
2026-09-22T05:23:52.5867502Z   symbol-cache.ts  |   91.89 |      100 |     100 |   91.89 | 79,132,138        
2026-09-22T05:23:52.5868243Z  core/lsp/config   |   98.75 |    91.54 |     100 |   98.71 |                   
2026-09-22T05:23:52.5868934Z   ...e-analyzer.ts |     100 |      100 |     100 |     100 |                   
2026-09-22T05:23:52.5869755Z   lsp-config.ts    |     100 |     87.5 |     100 |     100 | 74                
2026-09-22T05:23:52.5870358Z   lsp-prompt.ts    |     100 |      100 |     100 |     100 |                   
2026-09-22T05:23:52.5871059Z   ...t-detector.ts |    98.3 |    88.23 |     100 |   98.27 | 187               
2026-09-22T05:23:52.5871755Z   ...r-registry.ts |     100 |      100 |     100 |     100 |                   
2026-09-22T05:23:52.5872391Z   ...-validator.ts |   94.73 |     87.5 |     100 |   94.73 | 120               
2026-09-22T05:23:52.5873198Z   ...t-resolver.ts |     100 |      100 |     100 |     100 |                   
2026-09-22T05:23:52.5874019Z  ...sp/diagnostics |   24.07 |       20 |   15.38 |   24.52 |                   
2026-09-22T05:23:52.5874821Z   doctor.ts        |     100 |      100 |     100 |     100 |                   
2026-09-22T05:23:52.5875605Z   progress.ts      |       0 |        0 |       0 |       0 | 22-115            
2026-09-22T05:23:52.5876539Z  core/lsp/warmup   |     100 |    84.21 |     100 |     100 |                   
2026-09-22T05:23:52.5877367Z   executor.ts      |     100 |    84.21 |     100 |     100 | 71-78             
2026-09-22T05:23:52.5878178Z   strategy.ts      |       0 |        0 |       0 |       0 |                   
2026-09-22T05:23:52.5878996Z  ...mup/strategies |   93.06 |    76.19 |     100 |   92.92 |                   
2026-09-22T05:23:52.5879813Z   csharp.ts        |   97.56 |       85 |     100 |   97.43 | 105               
2026-09-22T05:23:52.5880557Z   go.ts            |     100 |       75 |     100 |     100 | 23                
2026-09-22T05:23:52.5881300Z   python.ts        |      80 |     62.5 |     100 |      80 | 46-47,53-54       
2026-09-22T05:23:52.5882065Z   rust.ts          |     100 |       75 |     100 |     100 | 23                
2026-09-22T05:23:52.5882834Z   typescript.ts    |    87.5 |    66.66 |     100 |    87.5 | 44-45             
2026-09-22T05:23:52.5883656Z  .../notifications |   78.77 |     60.6 |   73.91 |   79.91 |                   
2026-09-22T05:23:52.5884498Z   ...ntegration.ts |   88.88 |    71.42 |     100 |      88 | 93-94,105         
2026-09-22T05:23:52.5885316Z   ...on-display.ts |   84.72 |    63.04 |    87.5 |    84.5 | ...22,154-155,176 
2026-09-22T05:23:52.5886214Z   ...on-manager.ts |   77.95 |    61.11 |   65.38 |   80.67 | ...31-339,367-387 
2026-09-22T05:23:52.5887305Z   ...tion-types.ts |   47.36 |    27.27 |   66.66 |   47.36 | 194,212-237       
2026-09-22T05:23:52.5888133Z  core/plugins      |   70.95 |    68.94 |   65.67 |   70.35 |                   
2026-09-22T05:23:52.5888976Z   plugin-loader.ts |   99.27 |    92.77 |     100 |   99.25 | 61                
2026-09-22T05:23:52.5889815Z   ...ion-logger.ts |       0 |        0 |       0 |       0 | 35-144            
2026-09-22T05:23:52.5890642Z   ...-extractor.ts |   98.58 |    96.42 |     100 |     100 | 497,505           
2026-09-22T05:23:52.5891457Z   ...gger-index.ts |       0 |        0 |       0 |       0 | 17-244            
2026-09-22T05:23:52.5892274Z  core/progress     |   76.58 |    71.76 |   78.12 |   76.28 |                   
2026-09-22T05:23:52.5893097Z   ...on-handler.ts |       0 |        0 |       0 |       0 | 57-138            
2026-09-22T05:23:52.5893921Z   error-logger.ts  |   96.15 |    79.16 |     100 |      96 | 100               
2026-09-22T05:23:52.5894820Z   import-state.ts  |     100 |      100 |     100 |     100 |                   
2026-09-22T05:23:52.5895702Z   ...ss-tracker.ts |   93.58 |    83.33 |     100 |    93.5 | 150-155           
2026-09-22T05:23:52.5896636Z  core/project      |   58.85 |    46.74 |   71.42 |   59.91 |                   
2026-09-22T05:23:52.5897520Z   ...-event-bus.ts |   86.66 |    72.72 |   93.75 |   86.66 | ...91,118,126,187 
2026-09-22T05:23:52.5898304Z   ...ct-manager.ts |   31.64 |       24 |   61.53 |   30.76 | ...79-275,288-308 
2026-09-22T05:23:52.5899125Z   ...t-registry.ts |   84.02 |    73.28 |   83.33 |   86.81 | ...84,506,529-535 
2026-09-22T05:23:52.5900225Z   ...resolution.ts |   70.87 |    56.25 |      70 |   72.72 | ...06,711,730-805 
2026-09-22T05:23:52.5900956Z   ...ct-service.ts |   59.72 |    51.89 |   88.88 |   60.13 | ...36,443,469-517 
2026-09-22T05:23:52.5901854Z   ...e-detector.ts |       0 |        0 |       0 |       0 | 80-374            
2026-09-22T05:23:52.5902607Z  core/project-hub  |   96.15 |    93.45 |     100 |      99 |                   
2026-09-22T05:23:52.5923879Z   brief.ts         |     100 |    97.43 |     100 |     100 | 18                
2026-09-22T05:23:52.5924721Z   store.ts         |   95.41 |    91.17 |     100 |   98.82 | 65                
2026-09-22T05:23:52.5925484Z   types.ts         |     100 |      100 |     100 |     100 |                   
2026-09-22T05:23:52.5926280Z  ...oject/adapters |   44.81 |    37.95 |   53.33 |   44.86 |                   
2026-09-22T05:23:52.5927231Z   ...ct-adapter.ts |   97.27 |    89.65 |     100 |   97.22 | 93-96             
2026-09-22T05:23:52.5928080Z   ...ct-adapter.ts |      27 |    20.37 |   56.25 |   26.53 | ...94,327-348,397 
2026-09-22T05:23:52.5928863Z   ...ct-adapter.ts |       0 |        0 |       0 |       0 | 36-299            
2026-09-22T05:23:52.5929718Z  .../project/types |       0 |        0 |       0 |       0 |                   
2026-09-22T05:23:52.5930539Z   project-types.ts |       0 |        0 |       0 |       0 |                   
2026-09-22T05:23:52.5931342Z  core/qa           |   86.48 |    72.68 |   84.12 |   93.97 |                   
2026-09-22T05:23:52.5932104Z   ...-validator.ts |   71.18 |    46.42 |      75 |   71.18 | 183,232,316-355   
2026-09-22T05:23:52.5932877Z   qa-runner.ts     |   84.16 |    69.58 |   74.19 |   96.36 | ...86,393-398,589 
2026-09-22T05:23:52.5933688Z   ...te-decider.ts |     100 |    97.14 |     100 |     100 | 217               
2026-09-22T05:23:52.5934466Z   ...calculator.ts |     100 |    98.21 |     100 |     100 | 96                
2026-09-22T05:23:52.5935276Z   types.ts         |       0 |        0 |       0 |       0 |                   
2026-09-22T05:23:52.5936093Z  ...repo-structure |   71.41 |    59.04 |   70.51 |   71.56 |                   
2026-09-22T05:23:52.5936965Z   ...r-detector.ts |       0 |        0 |       0 |       0 | 23-77             
2026-09-22T05:23:52.5937730Z   ...or-handler.ts |   70.73 |    51.72 |   81.81 |   70.73 | ...17-127,145-166 
2026-09-22T05:23:52.5938507Z   git-provider.ts  |      90 |      100 |      80 |      90 | 271               
2026-09-22T05:23:52.5939323Z   ...-validator.ts |     100 |    76.19 |     100 |     100 | 101,143,153-178   
2026-09-22T05:23:52.5940129Z   ...nfigurator.ts |   78.23 |    53.84 |    61.9 |   82.08 | ...71-373,397-398 
2026-09-22T05:23:52.5940937Z   ...m-registry.ts |      75 |    86.66 |   72.22 |   73.33 | ...77-195,257-265 
2026-09-22T05:23:52.5941748Z   ...-validator.ts |     100 |      100 |     100 |     100 |                   
2026-09-22T05:23:52.5942526Z   ...nsolidator.ts |   28.57 |        0 |   33.33 |   28.57 | 96-166            
2026-09-22T05:23:52.5943333Z   ...-discovery.ts |   95.07 |    82.95 |   85.71 |   95.58 | 282,297-302       
2026-09-22T05:23:52.5944157Z   ...-generator.ts |   94.11 |    92.85 |     100 |   93.75 | 53                
2026-09-22T05:23:52.5944995Z   ...nitializer.ts |       0 |        0 |       0 |       0 | 31-311            
2026-09-22T05:23:52.5945808Z   ...re-manager.ts |   60.54 |    46.06 |   59.37 |    61.2 | ...12-512,670-722 
2026-09-22T05:23:52.5946934Z   ...-collector.ts |   87.87 |       75 |      75 |      90 | 70-72             
2026-09-22T05:23:52.5947699Z   ...te-manager.ts |   84.81 |    85.93 |   84.61 |   84.21 | ...70,283,298-305 
2026-09-22T05:23:52.5948522Z   setup-summary.ts |   94.04 |    58.33 |   91.66 |   94.04 | 118-119,148-150   
2026-09-22T05:23:52.5949366Z   url-generator.ts |     100 |    96.96 |     100 |     100 | 135               
2026-09-22T05:23:52.5950179Z  ...ture/providers |   19.55 |    23.72 |    19.6 |   19.61 |                   
2026-09-22T05:23:52.5951183Z   ...s-provider.ts |       0 |        0 |       0 |       0 | 23-392            
2026-09-22T05:23:52.5951966Z   ...t-provider.ts |    1.58 |     12.5 |      10 |    1.58 | 39-295            
2026-09-22T05:23:52.5952864Z   ...b-provider.ts |   98.33 |       88 |   88.88 |   98.33 | 220               
2026-09-22T05:23:52.5953656Z   ...b-provider.ts |    1.47 |    11.11 |   11.11 |    1.47 | 39-313            
2026-09-22T05:23:52.5954437Z   ...l-provider.ts |       0 |        0 |       0 |       0 | 23-176            
2026-09-22T05:23:52.5955181Z  core/rfc          |     100 |    94.18 |     100 |     100 |                   
2026-09-22T05:23:52.5955936Z   ...nerator-v2.ts |     100 |    94.18 |     100 |     100 | ...56-357,433,502 
2026-09-22T05:23:52.5956873Z  core/rubric       |    80.1 |    57.62 |      75 |   80.38 |                   
2026-09-22T05:23:52.5957653Z   ...-evaluator.ts |   65.45 |    42.55 |   72.22 |   65.03 | ...48-350,358-402 
2026-09-22T05:23:52.5958426Z   ...-generator.ts |   83.33 |       48 |      50 |      83 | 153-209           
2026-09-22T05:23:52.5959228Z   rubric-merger.ts |   96.96 |    96.15 |     100 |   96.55 | 23                
2026-09-22T05:23:52.5960036Z   rubric-parser.ts |   96.59 |    75.32 |    87.5 |   96.51 | 59,215-216        
2026-09-22T05:23:52.5960796Z   types.ts         |     100 |      100 |     100 |     100 |                   
2026-09-22T05:23:52.5961564Z  core/serverless   |   41.66 |    44.26 |   36.36 |   42.02 |                   
2026-09-22T05:23:52.5962309Z   ...t-detector.ts |       0 |        0 |       0 |       0 | 18-247            
2026-09-22T05:23:52.5963088Z   ...comparison.ts |       0 |        0 |       0 |       0 | 58-290            
2026-09-22T05:23:52.5963868Z   ...-estimator.ts |       0 |        0 |       0 |       0 | 71-193            
2026-09-22T05:23:52.5964629Z   ...-optimizer.ts |       0 |        0 |       0 |       0 | 72-310            
2026-09-22T05:23:52.5965528Z   ...ecommender.ts |     100 |      100 |     100 |     100 |                   
2026-09-22T05:23:52.5966451Z   ...ata-loader.ts |       0 |        0 |       0 |       0 | 10-73             
2026-09-22T05:23:52.5967236Z   ...m-selector.ts |     100 |       99 |     100 |     100 | 296               
2026-09-22T05:23:52.5968038Z   ...-formatter.ts |       0 |        0 |       0 |       0 | 19-90             
2026-09-22T05:23:52.5968837Z   ...y-analyzer.ts |       0 |        0 |       0 |       0 | 27-322            
2026-09-22T05:23:52.5969608Z   types.ts         |       0 |        0 |       0 |       0 |                   
2026-09-22T05:23:52.5970373Z  core/session      |   77.74 |    67.51 |   86.17 |   79.63 |                   
2026-09-22T05:23:52.5971175Z   auto-scanner.ts  |   83.33 |    75.86 |     100 |      86 | ...56,117,125,131 
2026-09-22T05:23:52.5971974Z   ...doc-format.ts |   89.79 |     74.6 |   88.88 |   94.25 | ...88,203,212,216 
2026-09-22T05:23:52.5972702Z   ...-git-state.ts |   89.36 |    62.16 |     100 |      95 | 97-98             
2026-09-22T05:23:52.5973496Z   ...ff-pointer.ts |   82.85 |    81.81 |     100 |     100 | 20-23,34-36,40-43 
2026-09-22T05:23:52.5974308Z   ...cret-scrub.ts |     100 |       75 |     100 |     100 | 74                
2026-09-22T05:23:52.5975105Z   ...ff-context.ts |       0 |        0 |       0 |       0 | 76-462            
2026-09-22T05:23:52.5975905Z   ...l-detector.ts |     100 |    91.66 |     100 |     100 | 184               
2026-09-22T05:23:52.5976896Z   ...rt-warning.ts |   98.48 |    89.28 |     100 |   98.48 | 172               
2026-09-22T05:23:52.5977743Z   ...-lifecycle.ts |   81.81 |    73.07 |     100 |   82.25 | ...32,134,152,170 
2026-09-22T05:23:52.5978549Z   ...te-manager.ts |   88.31 |    86.48 |     100 |   88.88 | 21,24,156-161     
2026-09-22T05:23:52.5979471Z   session-state.ts |   83.58 |    70.58 |    90.9 |   83.33 | ...09,315,360-361 
2026-09-22T05:23:52.5980332Z   work-handoff.ts  |   78.08 |     60.6 |      80 |   82.03 | ...91-293,324-326 
2026-09-22T05:23:52.5981135Z  core/skill-gen    |   94.66 |    80.95 |     100 |   96.05 |                   
2026-09-22T05:23:52.5982149Z   ...t-detector.ts |    92.3 |     87.5 |     100 |   93.61 | 85,94,114         
2026-09-22T05:23:52.5983074Z   ...-collector.ts |   98.11 |    79.16 |     100 |     100 | 47,52,66-69,95    
2026-09-22T05:23:52.5983896Z   ...-collector.ts |   92.96 |    77.77 |     100 |   94.95 | ...55-156,271,316 
2026-09-22T05:23:52.5984734Z   ...ion-engine.ts |   93.33 |       80 |     100 |    93.1 | 73-74             
2026-09-22T05:23:52.5985523Z   types.ts         |     100 |      100 |     100 |     100 |                   
2026-09-22T05:23:52.5986289Z   utils.ts         |     100 |    91.66 |     100 |     100 | 91                
2026-09-22T05:23:52.5993103Z  core/skill-refine |       0 |        0 |       0 |       0 |                   
2026-09-22T05:23:52.5993996Z   aggregator.ts    |       0 |        0 |       0 |       0 | 33-81             
2026-09-22T05:23:52.5994827Z   apply.ts         |       0 |        0 |       0 |       0 | 57-144            
2026-09-22T05:23:52.5995657Z   approval.ts      |       0 |        0 |       0 |       0 | 49-147            
2026-09-22T05:23:52.5996636Z   haiku-diff.ts    |       0 |        0 |       0 |       0 | 17-179            
2026-09-22T05:23:52.5997468Z   ledger.ts        |       0 |        0 |       0 |       0 | 45-121            
2026-09-22T05:23:52.5998326Z  ...skill-security |   59.09 |    43.63 |   84.21 |   57.98 |                   
2026-09-22T05:23:52.5999090Z   parser.ts        |     100 |       90 |     100 |     100 | 39                
2026-09-22T05:23:52.5999905Z   reporter.ts      |   14.28 |        0 |   72.72 |   15.25 | 25-108,129-134    
2026-09-22T05:23:52.6000727Z   rules.ts         |     100 |      100 |     100 |     100 |                   
2026-09-22T05:23:52.6001556Z   scanner.ts       |     100 |    88.23 |     100 |     100 | 77,98             
2026-09-22T05:23:52.6002432Z  .../skill-signals |    1.69 |        0 |       0 |    1.92 |                   
2026-09-22T05:23:52.6003305Z   reader.ts        |    2.22 |        0 |       0 |    2.63 | 30-81,96-133      
2026-09-22T05:23:52.6004095Z   writer.ts        |       0 |        0 |       0 |       0 | 44-95             
2026-09-22T05:23:52.6004943Z  core/skills       |   63.38 |    59.29 |   71.83 |    63.5 |                   
2026-09-22T05:23:52.6005676Z   ...on-tracker.ts |   98.11 |      100 |     100 |   98.11 | 57                
2026-09-22T05:23:52.6006134Z   api-validator.ts |   41.81 |    26.66 |      55 |   41.97 | ...43-552,573-579 
2026-09-22T05:23:52.6006757Z   skill-judge.ts   |   62.87 |     62.4 |   70.83 |   63.95 | ...62-763,849-852 
2026-09-22T05:23:52.6007227Z   ...-validator.ts |   75.67 |    63.92 |   77.77 |      75 | ...07,525,556,607 
2026-09-22T05:23:52.6007674Z  core/specs        |   93.53 |    89.35 |   96.69 |   94.74 |                   
2026-09-22T05:23:52.6008116Z   ...ntent-sync.ts |   98.74 |    91.66 |     100 |     100 | 76,227-237        
2026-09-22T05:23:52.6008588Z   spec-detector.ts |   88.76 |    92.06 |   83.33 |   90.12 | 189-203           
2026-09-22T05:23:52.6009046Z   ...r-detector.ts |     100 |      100 |     100 |     100 |                   
2026-09-22T05:23:52.6009490Z   ...ta-manager.ts |   82.35 |    75.47 |      96 |   84.32 | ...00-321,340-344 
2026-09-22T05:23:52.6009944Z   spec-parser.ts   |     100 |    98.33 |     100 |     100 | 143               
2026-09-22T05:23:52.6010387Z   ...ask-mapper.ts |   98.59 |    93.33 |     100 |     100 | 148,212           
2026-09-22T05:23:52.6010815Z  core/state        |   88.03 |    80.26 |   93.75 |   94.68 |                   
2026-09-22T05:23:52.6011247Z   state-gc.ts      |   88.03 |    80.26 |   93.75 |   94.68 | 228,257-260       
2026-09-22T05:23:52.6011685Z  core/status-line  |   92.56 |    84.61 |     100 |   92.46 |                   
2026-09-22T05:23:52.6012136Z   ...ne-manager.ts |   89.65 |     82.5 |     100 |   89.65 | ...28,136,149,181 
2026-09-22T05:23:52.6012565Z   ...ne-updater.ts |   93.54 |    86.66 |     100 |   93.54 | 218-219,248,255   
2026-09-22T05:23:52.6013166Z   task-counter.ts  |   96.29 |     87.5 |     100 |      96 | 142               
2026-09-22T05:23:52.6013661Z   types.ts         |     100 |      100 |     100 |     100 |                   
2026-09-22T05:23:52.6014073Z  core/sync         |   89.87 |    88.38 |   90.29 |   90.74 |                   
2026-09-22T05:23:52.6014485Z   ac-gate.ts       |   97.29 |    89.47 |     100 |   98.52 | 92                
2026-09-22T05:23:52.6014918Z   ...te-limiter.ts |     100 |      100 |     100 |     100 |                   
2026-09-22T05:23:52.6015353Z   ...r-registry.ts |     100 |      100 |     100 |     100 |                   
2026-09-22T05:23:52.6015794Z   ...l-resolver.ts |   94.49 |    90.14 |   95.83 |   94.81 | ...65-466,640,649 
2026-09-22T05:23:52.6016236Z   ...n-enforcer.ts |   72.41 |    79.16 |      80 |   72.72 | ...88,307,327-349 
2026-09-22T05:23:52.6016935Z   ...le-manager.ts |     100 |    96.87 |     100 |     100 | 112,338,371       
2026-09-22T05:23:52.6017368Z   ...ct-context.ts |     100 |    96.47 |     100 |     100 | 113,228,417       
2026-09-22T05:23:52.6017819Z   retry-wrapper.ts |   94.44 |      100 |     100 |   93.75 | 61                
2026-09-22T05:23:52.6018274Z   ...ent-mapper.ts |   70.64 |    59.32 |   72.22 |   73.62 | ...37,457,464,476 
2026-09-22T05:23:52.6018717Z   ...dit-logger.ts |   84.76 |    90.69 |   84.84 |   84.53 | ...64,570,583-592 
2026-09-22T05:23:52.6019158Z   ...nterceptor.ts |   92.68 |    93.75 |    90.9 |   92.68 | 312-319           
2026-09-22T05:23:52.6019593Z   ...dit-logger.ts |   96.55 |    83.33 |     100 |   96.55 | 87                
2026-09-22T05:23:52.6020039Z   ...etry-queue.ts |     100 |    83.33 |     100 |     100 | 117               
2026-09-22T05:23:52.6020464Z  core/tasks        |   47.05 |    44.61 |   53.68 |   51.02 |                   
2026-09-22T05:23:52.6020894Z   closure-gate.ts  |   89.74 |       72 |     100 |   96.66 | 57                
2026-09-22T05:23:52.6021342Z   ...nt-updated.ts |       0 |        0 |       0 |       0 | 31-43             
2026-09-22T05:23:52.6021765Z   ledger.ts        |    61.9 |    61.73 |   88.23 |   79.77 | ...28,248,264-270 
2026-09-22T05:23:52.6022196Z   ...-increment.ts |   73.52 |    72.97 |   61.53 |   76.66 | ...04,124-140,162 
2026-09-22T05:23:52.6022636Z   run-shell.ts     |    5.71 |        0 |       0 |    6.66 | 29-74             
2026-09-22T05:23:52.6023062Z   supersede.ts     |   60.41 |       45 |      80 |    65.9 | 31,52,55,61,86-97 
2026-09-22T05:23:52.6023496Z   task-board.ts    |   43.22 |    35.18 |   53.33 |   44.09 | ...62-196,213-279 
2026-09-22T05:23:52.6023938Z   task-id.ts       |     100 |      100 |     100 |     100 |                   
2026-09-22T05:23:52.6024369Z   verify-runner.ts |   14.15 |    12.96 |      20 |   13.04 | 48,64-200,210     
2026-09-22T05:23:52.6024808Z  core/tdd          |      99 |    86.66 |     100 |   98.96 |                   
2026-09-22T05:23:52.6025223Z   ...-generator.ts |      99 |    86.66 |     100 |   98.96 | 90                
2026-09-22T05:23:52.6025646Z   types.ts         |       0 |        0 |       0 |       0 |                   
2026-09-22T05:23:52.6026075Z  core/team-lead    |     100 |      100 |     100 |     100 |                   
2026-09-22T05:23:52.6026670Z   ...ate-loader.ts |     100 |      100 |     100 |     100 |                   
2026-09-22T05:23:52.6027111Z  core/telemetry    |       0 |        0 |       0 |       0 |                   
2026-09-22T05:23:52.6027554Z   cache-metrics.ts |       0 |        0 |       0 |       0 | 14-72             
2026-09-22T05:23:52.6027986Z  core/tools        |   77.93 |    68.83 |   87.34 |   79.69 |                   
2026-09-22T05:23:52.6028414Z   ...-event-bus.ts |   91.89 |    77.77 |     100 |   91.66 | 42,57,85          
2026-09-22T05:23:52.6028853Z   ...ex-builder.ts |   86.48 |    72.72 |   95.83 |   90.44 | ...28,246,300-305 
2026-09-22T05:23:52.6029296Z   tool-registry.ts |   48.12 |    42.85 |   59.09 |   48.33 | ...78-180,201-239 
2026-09-22T05:23:52.6029849Z   ...rch-engine.ts |   96.58 |    85.48 |     100 |   98.03 | 176,188           
2026-09-22T05:23:52.6030301Z  core/tools/types  |       0 |        0 |       0 |       0 |                   
2026-09-22T05:23:52.6030797Z   ...stry-types.ts |       0 |        0 |       0 |       0 |                   
2026-09-22T05:23:52.6031227Z  core/types        |   70.84 |    55.55 |   52.11 |   71.21 |                   
2026-09-22T05:23:52.6031636Z   config.ts        |       0 |        0 |       0 |       0 |                   
2026-09-22T05:23:52.6032052Z   ...t-metadata.ts |   88.23 |    69.76 |   72.72 |   86.88 | 346,397-419       
2026-09-22T05:23:52.6032491Z   ...n-metadata.ts |     100 |    96.66 |     100 |     100 | 96                
2026-09-22T05:23:52.6032930Z   plugin-scope.ts  |      85 |    77.27 |   66.66 |      85 | 167-170           
2026-09-22T05:23:52.6033357Z   plugin.ts        |      80 |      100 |      75 |      80 | 362-363           
2026-09-22T05:23:52.6033788Z   ...identifier.ts |      50 |        0 |       0 |      50 | 105               
2026-09-22T05:23:52.6034224Z   spec-metadata.ts |       0 |        0 |       0 |       0 |                   
2026-09-22T05:23:52.6034655Z   ...-validator.ts |       0 |        0 |       0 |       0 | 42-163            
2026-09-22T05:23:52.6035092Z   sync-config.ts   |   98.24 |    91.11 |     100 |     100 | 396,417-426,469   
2026-09-22T05:23:52.6035532Z   sync-profile.ts  |      38 |    13.33 |      20 |   39.02 | 780-1212          
2026-09-22T05:23:52.6035974Z   sync-settings.ts |   85.71 |    70.58 |      50 |   85.71 | 64,120            
2026-09-22T05:23:52.6036586Z  core/utils        |     100 |      100 |     100 |     100 |                   
2026-09-22T05:23:52.6037018Z   ...on-checker.ts |     100 |      100 |     100 |     100 |                   
2026-09-22T05:23:52.6037474Z  core/validation   |   66.38 |    62.96 |   69.04 |   64.84 |                   
2026-09-22T05:23:52.6037928Z   ...-validator.ts |       0 |        0 |       0 |       0 | 39-238            
2026-09-22T05:23:52.6038367Z   ...-validator.ts |    97.5 |     95.5 |     100 |   98.61 | 374,384           
2026-09-22T05:23:52.6038898Z  core/validators   |       0 |        0 |       0 |       0 |                   
2026-09-22T05:23:52.6039628Z   ...-validator.ts |       0 |        0 |       0 |       0 | 51-206            
2026-09-22T05:23:52.6040370Z   resource-base.ts |       0 |        0 |       0 |       0 | 17-59             
2026-09-22T05:23:52.6041183Z  core/workflow     |   46.89 |    43.82 |    46.8 |   46.33 |                   
2026-09-22T05:23:52.6041931Z   ...s-executor.ts |   12.94 |    20.37 |    8.33 |   13.09 | 114-377           
2026-09-22T05:23:52.6042764Z   ...og-scanner.ts |       0 |        0 |       0 |       0 | 68-218            
2026-09-22T05:23:52.6043556Z   ...nd-invoker.ts |   98.07 |       90 |     100 |   97.91 | 185               
2026-09-22T05:23:52.6044394Z   ...-estimator.ts |    7.89 |      5.4 |    7.69 |    7.14 | 82-280            
2026-09-22T05:23:52.6045197Z   ...e-detector.ts |      95 |    85.57 |   96.77 |   95.26 | 615-627,719-723   
2026-09-22T05:23:52.6045994Z   state-manager.ts |       0 |        0 |       0 |       0 | 62-173            
2026-09-22T05:23:52.6046949Z   types.ts         |     100 |      100 |     100 |     100 |                   
2026-09-22T05:23:52.6047758Z   ...chestrator.ts |       0 |        0 |       0 |       0 | 64-218            
2026-09-22T05:23:52.6048547Z  dashboard         |       0 |        0 |       0 |       0 |                   
2026-09-22T05:23:52.6049298Z   types.ts         |       0 |        0 |       0 |       0 |                   
2026-09-22T05:23:52.6050082Z   work-types.ts    |       0 |        0 |       0 |       0 |                   
2026-09-22T05:23:52.6050902Z  ...ient/src/hooks |   13.54 |    12.12 |   13.15 |    14.2 |                   
2026-09-22T05:23:52.6051705Z   useApi.ts        |       0 |        0 |       0 |       0 | 21-87             
2026-09-22T05:23:52.6052676Z   useCommand.ts    |       0 |        0 |       0 |       0 | 13-122            
2026-09-22T05:23:52.6053435Z   useProject.ts    |       0 |        0 |       0 |       0 | 18-58             
2026-09-22T05:23:52.6054367Z   useProjectApi.ts |       0 |        0 |       0 |       0 | 7-10              
2026-09-22T05:23:52.6055189Z   ...ctNavigate.ts |       0 |        0 |       0 |       0 | 9-18              
2026-09-22T05:23:52.6055974Z   useUrlState.ts   |   92.85 |     92.3 |     100 |   92.59 | 18-19             
2026-09-22T05:23:52.6056932Z  dashboard/server  |   41.07 |    25.73 |   48.05 |   43.67 |                   
2026-09-22T05:23:52.6057739Z   ...and-runner.ts |   13.55 |     8.69 |   23.07 |   14.28 | ...45-118,126-139 
2026-09-22T05:23:52.6058528Z   ...ard-server.ts |   34.74 |    20.51 |   37.11 |   37.63 | ...1331,1399-1413 
2026-09-22T05:23:52.6059329Z   file-watcher.ts  |   73.84 |       48 |   53.33 |   75.86 | 55-66,75-82,109   
2026-09-22T05:23:52.6060137Z   local-request.ts |    87.5 |    84.21 |     100 |   92.85 | 18                
2026-09-22T05:23:52.6060937Z   router.ts        |   74.19 |    52.38 |   88.23 |   73.33 | ...12,121,125-126 
2026-09-22T05:23:52.6061725Z   sse-manager.ts   |     100 |    93.33 |     100 |     100 | 83                
2026-09-22T05:23:52.6062540Z  ...rd/server/data |   72.14 |    59.69 |   76.32 |   75.02 |                   
2026-09-22T05:23:52.6063430Z   ...ity-stream.ts |    1.69 |        0 |    6.66 |    2.22 | 20-149            
2026-09-22T05:23:52.6064207Z   ...log-parser.ts |   69.15 |    53.01 |   70.37 |   71.42 | ...84-386,390-397 
2026-09-22T05:23:52.6064931Z   ...aggregator.ts |   95.93 |    84.15 |   94.44 |   97.16 | 58,271,277        
2026-09-22T05:23:52.6065381Z   ...aggregator.ts |   77.66 |    70.34 |   83.67 |   78.85 | ...33-446,614,643 
2026-09-22T05:23:52.6065830Z   ...task-board.ts |   90.62 |    90.32 |     100 |   92.59 | 13,38             
2026-09-22T05:23:52.6066276Z   intent-store.ts  |   83.64 |    72.66 |   85.71 |   88.37 | ...21,224-227,281 
2026-09-22T05:23:52.6066908Z   ...l-sessions.ts |   87.12 |    69.79 |     100 |   91.48 | ...,98-99,107-110 
2026-09-22T05:23:52.6067360Z   ...aggregator.ts |   76.66 |    55.55 |   91.66 |   78.57 | 94-104            
2026-09-22T05:23:52.6067800Z   ...in-scanner.ts |   34.04 |    24.24 |   57.14 |    32.5 | 18-47,70,102-103  
2026-09-22T05:23:52.6068244Z   ...dit-reader.ts |    1.96 |        0 |   14.28 |     2.5 | 36-116            
2026-09-22T05:23:52.6068681Z   ...projection.ts |   92.75 |    75.75 |     100 |   96.55 | 34,72             
2026-09-22T05:23:52.6069127Z  ...d/server/hooks |   89.67 |       76 |    92.3 |    91.3 |                   
2026-09-22T05:23:52.6069577Z   ...ent-router.ts |   86.48 |    57.89 |     100 |   91.17 | 64-66             
2026-09-22T05:23:52.6070014Z   ...vent-store.ts |   90.67 |    82.14 |   90.47 |   91.34 | ...05,119,146-149 
2026-09-22T05:23:52.6070460Z  ...hooks/handlers |     100 |    58.33 |     100 |     100 |                   
2026-09-22T05:23:52.6070931Z   passthrough.ts   |     100 |      100 |     100 |     100 |                   
2026-09-22T05:23:52.6071380Z   pre-tool-use.ts  |     100 |    83.33 |     100 |     100 | 41                
2026-09-22T05:23:52.6071825Z   ...-lifecycle.ts |     100 |    33.33 |     100 |     100 | 7-26              
2026-09-22T05:23:52.6072280Z  .../server/routes |   79.08 |    72.22 |      80 |   80.76 |                   
2026-09-22T05:23:52.6072717Z   ...hub-routes.ts |   93.44 |    93.02 |   71.42 |   97.77 | 52                
2026-09-22T05:23:52.6073153Z   work-routes.ts   |   30.43 |        0 |      50 |   33.33 | 15-32,36-37       
2026-09-22T05:23:52.6073590Z   ...ace-routes.ts |    82.6 |     74.5 |     100 |   84.37 | ...09,115,147-148 
2026-09-22T05:23:52.6074024Z  examples          |     100 |      100 |     100 |     100 |                   
2026-09-22T05:23:52.6074462Z   hello-world.ts   |     100 |      100 |     100 |     100 |                   
2026-09-22T05:23:52.6074909Z  generators/spec   |    72.3 |    66.26 |   44.44 |   73.83 |                   
2026-09-22T05:23:52.6075539Z   spec-parser.ts   |   80.89 |       78 |      40 |   83.95 | 255,270,286-324   
2026-09-22T05:23:52.6076063Z   task-parser.ts   |   67.83 |     61.2 |   47.05 |   68.58 | ...93-480,500-526 
2026-09-22T05:23:52.6076624Z  id-generators     |     100 |    92.85 |     100 |     100 |                   
2026-09-22T05:23:52.6077062Z   ...-generator.ts |     100 |    91.66 |     100 |     100 | 82                
2026-09-22T05:23:52.6077510Z   ...-generator.ts |     100 |    93.75 |     100 |     100 | 91                
2026-09-22T05:23:52.6077944Z  importers         |   61.91 |    53.95 |   73.21 |   62.63 |                   
2026-09-22T05:23:52.6078380Z   ac-parser.ts     |     100 |    83.33 |     100 |     100 | 48                
2026-09-22T05:23:52.6078828Z   ado-importer.ts  |   84.32 |    73.07 |   94.44 |    84.8 | ...49,273-275,288 
2026-09-22T05:23:52.6079275Z   ...e-detector.ts |   89.58 |    83.33 |     100 |   89.58 | 171,220-226       
2026-09-22T05:23:52.6079720Z   ...l-importer.ts |       0 |        0 |       0 |       0 |                   
2026-09-22T05:23:52.6080159Z   ...b-importer.ts |       0 |        0 |       0 |       0 | 30-263            
2026-09-22T05:23:52.6080590Z   ...oordinator.ts |   49.82 |    41.34 |      72 |   48.89 | ...50,855,886-893 
2026-09-22T05:23:52.6081036Z   ...-increment.ts |    87.3 |    56.75 |   81.81 |   86.88 | ...91-301,316-317 
2026-09-22T05:23:52.6081472Z   ...f-detector.ts |   91.42 |     87.5 |     100 |   96.77 | 98                
2026-09-22T05:23:52.6081914Z   ...-converter.ts |   65.17 |     60.1 |   68.42 |   66.12 | ...1651,1662-1687 
2026-09-22T05:23:52.6082364Z   jira-importer.ts |   72.67 |    69.72 |   83.33 |    72.1 | ...53-468,477,509 
2026-09-22T05:23:52.6082809Z   ...-generator.ts |   44.29 |    31.03 |      50 |   47.48 | ...53-158,235-386 
2026-09-22T05:23:52.6083254Z   rate-limiter.ts  |   97.77 |     90.9 |     100 |   97.72 | 187               
2026-09-22T05:23:52.6083715Z  ...item-converter |   21.22 |     15.6 |      35 |   19.16 |                   
2026-09-22T05:23:52.6084153Z   ...te-scanner.ts |       0 |        0 |       0 |       0 | 35-123            
2026-09-22T05:23:52.6084580Z   ...er-creator.ts |       0 |        0 |       0 |       0 | 31-195            
2026-09-22T05:23:52.6085019Z   ...chy-mapper.ts |   20.58 |    15.15 |   14.28 |   19.35 | 46,51,61-151      
2026-09-22T05:23:52.6085442Z   ...ge-handler.ts |       0 |        0 |       0 |       0 | 29-127            
2026-09-22T05:23:52.6085876Z   path-resolver.ts |     100 |      100 |     100 |     100 |                   
2026-09-22T05:23:52.6086378Z   types.ts         |       0 |        0 |       0 |       0 |                   
2026-09-22T05:23:52.6086800Z  init              |   97.77 |    76.25 |     100 |   98.19 |                   
2026-09-22T05:23:52.6087228Z   ...ePresenter.ts |   97.29 |    85.71 |     100 |   97.29 | 88,91             
2026-09-22T05:23:52.6087670Z   InitFlow.ts      |   98.11 |    65.78 |     100 |   98.91 | 130               
2026-09-22T05:23:52.6088122Z  init/architecture |   98.75 |    95.86 |     100 |   98.74 |                   
2026-09-22T05:23:52.6088591Z   ...sionEngine.ts |   98.71 |     92.3 |     100 |   98.71 | 472               
2026-09-22T05:23:52.6089042Z   ...tsDatabase.ts |     100 |      100 |     100 |     100 |                   
2026-09-22T05:23:52.6089485Z   CostEstimator.ts |     100 |      100 |     100 |     100 |                   
2026-09-22T05:23:52.6089934Z   ...tureMapper.ts |     100 |      100 |     100 |     100 |                   
2026-09-22T05:23:52.6090365Z   ...tGenerator.ts |   97.72 |    97.67 |     100 |   97.61 | 137               
2026-09-22T05:23:52.6090785Z   types.ts         |     100 |      100 |     100 |     100 |                   
2026-09-22T05:23:52.6091217Z  init/compliance   |    4.34 |        0 |       0 |    4.34 |                   
2026-09-22T05:23:52.6091647Z   ...ceDetector.ts |       0 |        0 |       0 |       0 | 27-86             
2026-09-22T05:23:52.6092164Z   ...s-database.ts |       0 |      100 |     100 |       0 | 21-507            
2026-09-22T05:23:52.6092729Z   types.ts         |     100 |      100 |     100 |     100 |                   
2026-09-22T05:23:52.6093142Z  init/repo         |    52.5 |    44.23 |   57.89 |   51.35 |                   
2026-09-22T05:23:52.6093576Z   ...bAPIClient.ts |       0 |        0 |       0 |       0 | 38-152            
2026-09-22T05:23:52.6094003Z   ...rySelector.ts |     100 |    95.83 |     100 |     100 | 48                
2026-09-22T05:23:52.6094424Z   types.ts         |       0 |      100 |     100 |       0 | 70-77             
2026-09-22T05:23:52.6094854Z  init/research     |   93.35 |     84.8 |    87.8 |   93.97 |                   
2026-09-22T05:23:52.6095287Z   ...orAnalyzer.ts |    92.1 |     90.9 |    87.5 |      90 | 216,317-326       
2026-09-22T05:23:52.6095723Z   ...etDetector.ts |      86 |       75 |      75 |   87.23 | 233,282-289       
2026-09-22T05:23:52.6096168Z   ...nityScorer.ts |   98.14 |    85.71 |     100 |   98.11 | 190               
2026-09-22T05:23:52.6096981Z   ...nGenerator.ts |   81.81 |    85.71 |   79.31 |   83.87 | ...40,181,301-305 
2026-09-22T05:23:52.6097432Z   ...tGenerator.ts |     100 |    73.33 |     100 |     100 | 56,97-99          
2026-09-22T05:23:52.6097883Z   ...onAnalyzer.ts |   95.55 |      100 |     100 |   95.34 | 261-262           
2026-09-22T05:23:52.6098332Z   ...-extractor.ts |   97.56 |     90.9 |     100 |     100 | 208-209           
2026-09-22T05:23:52.6098758Z   types.ts         |     100 |      100 |     100 |     100 |                   
2026-09-22T05:23:52.6099191Z  ...rch/src/config |       0 |        0 |       0 |       0 |                   
2026-09-22T05:23:52.6099640Z   ConfigManager.ts |       0 |        0 |       0 |       0 | 13-46             
2026-09-22T05:23:52.6100072Z   types.ts         |       0 |      100 |     100 |       0 | 7-15              
2026-09-22T05:23:52.6100484Z  init/team         |    95.1 |    87.87 |     100 |   94.73 |                   
2026-09-22T05:23:52.6100920Z   ...Calculator.ts |     100 |    94.44 |     100 |     100 | 411               
2026-09-22T05:23:52.6101375Z   ...ecommender.ts |   91.13 |    85.41 |     100 |   90.41 | 409-410,463-467   
2026-09-22T05:23:52.6101802Z   types.ts         |     100 |      100 |     100 |     100 |                   
2026-09-22T05:23:52.6102237Z  integrations/ado  |   54.87 |    39.26 |   46.66 |   54.98 |                   
2026-09-22T05:23:52.6102698Z   ...nt-factory.ts |       0 |        0 |       0 |       0 | 57-160            
2026-09-22T05:23:52.6103125Z   ado-client.ts    |   60.31 |    42.61 |      60 |   60.56 | ...1009,1035-1067 
2026-09-22T05:23:52.6103551Z   ...t-provider.ts |       0 |        0 |       0 |       0 | 37-69             
2026-09-22T05:23:52.6104001Z  integrations/jira |   58.98 |    45.72 |   68.57 |   58.82 |                   
2026-09-22T05:23:52.6104457Z   jira-client.ts   |   58.98 |    45.72 |   68.57 |   58.82 | ...1021,1049-1062 
2026-09-22T05:23:52.6104896Z  living-docs       |   79.84 |     69.7 |   78.29 |   79.86 |                   
2026-09-22T05:23:52.6105338Z   ...e-analyzer.ts |   98.99 |    89.39 |     100 |   98.94 | 574,697,708,1003  
2026-09-22T05:23:52.6105781Z   ...-allocator.ts |   64.39 |    47.69 |    62.5 |   65.11 | ...40,453,462-501 
2026-09-22T05:23:52.6106225Z   ...-allocator.ts |    55.5 |    48.62 |   77.77 |   57.06 | ...50-669,691-775 
2026-09-22T05:23:52.6106801Z   id-registry.ts   |       0 |        0 |       0 |       0 | 57-279            
2026-09-22T05:23:52.6107235Z   ...-organizer.ts |    99.6 |    91.89 |     100 |   99.57 | 485               
2026-09-22T05:23:52.6107672Z  metrics           |    80.3 |    92.43 |   89.65 |   80.07 |                   
2026-09-22T05:23:52.6108091Z   ...calculator.ts |       0 |        0 |       0 |       0 | 33-152            
2026-09-22T05:23:52.6108541Z   github-client.ts |     100 |      100 |     100 |     100 |                   
2026-09-22T05:23:52.6109129Z   ...-generator.ts |     100 |    98.97 |     100 |     100 | 17                
2026-09-22T05:23:52.6109566Z   types.ts         |       0 |        0 |       0 |       0 |                   
2026-09-22T05:23:52.6110051Z  ...cs/calculators |   60.27 |    65.71 |   61.11 |   59.15 |                   
2026-09-22T05:23:52.6110493Z   ...ilure-rate.ts |       0 |        0 |       0 |       0 | 29-86             
2026-09-22T05:23:52.6110915Z   ...-frequency.ts |       0 |        0 |       0 |       0 | 30-58             
2026-09-22T05:23:52.6111352Z   lead-time.ts     |     100 |      100 |     100 |     100 |                   
2026-09-22T05:23:52.6111771Z   mttr.ts          |     100 |      100 |     100 |     100 |                   
2026-09-22T05:23:52.6112189Z  metrics/utils     |   29.41 |       20 |   33.33 |   39.39 |                   
2026-09-22T05:23:52.6112647Z   percentile.ts    |     100 |      100 |     100 |     100 |                   
2026-09-22T05:23:52.6113086Z   ...classifier.ts |       0 |        0 |       0 |       0 | 24-90             
2026-09-22T05:23:52.6113511Z  progress          |   96.15 |    95.23 |   93.33 |   95.74 |                   
2026-09-22T05:23:52.6113947Z   ...ss-tracker.ts |   96.15 |    95.23 |   93.33 |   95.74 | 107-108           
2026-09-22T05:23:52.6114362Z  skills            |       0 |        0 |       0 |       0 |                   
2026-09-22T05:23:52.6114776Z   skill-refine.ts  |       0 |        0 |       0 |       0 | 71-285            
2026-09-22T05:23:52.6115200Z  sync              |   65.64 |    63.14 |   75.28 |   65.95 |                   
2026-09-22T05:23:52.6115614Z   ...re-metrics.ts |     100 |    97.61 |     100 |     100 | 218               
2026-09-22T05:23:52.6116038Z   config.ts        |   97.14 |    98.24 |   66.66 |   96.77 | 158               
2026-09-22T05:23:52.6116595Z   ...nge-puller.ts |   93.65 |    79.16 |    90.9 |   94.64 | 274-296           
2026-09-22T05:23:52.6117034Z   ...to-creator.ts |   71.86 |    64.35 |   70.96 |   71.65 | ...1231,1255-1256 
2026-09-22T05:23:52.6117483Z   ...configured.ts |    6.25 |        0 |       0 |    7.14 | 31-54             
2026-09-22T05:23:52.6117924Z   ...ation-sync.ts |     100 |    92.07 |     100 |     100 | ...15-221,258,318 
2026-09-22T05:23:52.6118367Z   ...er-updater.ts |    5.95 |    11.62 |   14.28 |    5.95 | 46-276            
2026-09-22T05:23:52.6118814Z   ...mit-budget.ts |   57.35 |    33.33 |   77.77 |   60.93 | 109-112,122-163   
2026-09-22T05:23:52.6119252Z   ...reconciler.ts |    76.5 |    74.14 |   94.73 |   78.45 | ...1009,1020-1171 
2026-09-22T05:23:52.6119691Z   ...alth-check.ts |       0 |        0 |       0 |       0 | 35-212            
2026-09-22T05:23:52.6120118Z   ...cs-updater.ts |       0 |        0 |       0 |       0 | 77-319            
2026-09-22T05:23:52.6120542Z   pr-linker.ts     |   34.93 |    39.62 |   57.14 |   29.16 | ...01-102,116-183 
2026-09-22T05:23:52.6120980Z   ...der-router.ts |    4.34 |     3.57 |   14.28 |    4.34 | 62-192            
2026-09-22T05:23:52.6121414Z   ...ciler-lock.ts |     100 |      100 |     100 |     100 |                   
2026-09-22T05:23:52.6121839Z   ...ient-write.ts |      90 |       75 |     100 |      90 | 72                
2026-09-22T05:23:52.6122276Z   ...-docs-sync.ts |       0 |        0 |       0 |       0 | 83-467            
2026-09-22T05:23:52.6122717Z   status-mapper.ts |     100 |      100 |     100 |     100 |                   
2026-09-22T05:23:52.6123165Z   story-router.ts  |     100 |    93.75 |     100 |     100 | 65                
2026-09-22T05:23:52.6123610Z   ...oordinator.ts |   82.88 |    72.57 |     100 |   83.85 | ...1197,1254-1259 
2026-09-22T05:23:52.6124050Z   sync-metadata.ts |   71.11 |    58.33 |   85.71 |   72.72 | 137,144,188-206   
2026-09-22T05:23:52.6124494Z   ...t-resolver.ts |   59.25 |    64.51 |   88.88 |      58 | 95,122-164        
2026-09-22T05:23:52.6124919Z   types.ts         |     100 |      100 |     100 |     100 |                   
2026-09-22T05:23:52.6125410Z  testing           |   99.42 |    93.47 |     100 |    99.4 |                   
2026-09-22T05:23:52.6125847Z   ...-generator.ts |   99.42 |    93.47 |     100 |    99.4 | 149               
2026-09-22T05:23:52.6126395Z  types             |      70 |    66.66 |      50 |      70 |                   
2026-09-22T05:23:52.6126818Z   cost-tracking.ts |       0 |        0 |       0 |       0 |                   
2026-09-22T05:23:52.6127268Z   ...cs-us-file.ts |     100 |      100 |     100 |     100 |                   
2026-09-22T05:23:52.6127696Z   ...-selection.ts |       0 |        0 |       0 |       0 |                   
2026-09-22T05:23:52.6128124Z   ...efinements.ts |       0 |      100 |     100 |       0 | 49-65             
2026-09-22T05:23:52.6128571Z   skill-signals.ts |      75 |        0 |       0 |      75 | 178-188           
2026-09-22T05:23:52.6129000Z  utils             |   69.28 |    63.15 |   71.44 |   69.74 |                   
2026-09-22T05:23:52.6129429Z   ac-embedder.ts   |   95.79 |    91.22 |     100 |   95.72 | 196-200           
2026-09-22T05:23:52.6129874Z   ...d-compiler.ts |       0 |        0 |       0 |       0 | 74-524            
2026-09-22T05:23:52.6130312Z   ...i-diagrams.ts |   98.53 |    83.33 |     100 |   98.91 | 233,246           
2026-09-22T05:23:52.6130749Z   auth-helpers.ts  |   95.31 |    86.88 |    90.9 |   95.83 | ...01-203,325-326 
2026-09-22T05:23:52.6131204Z   ...-sanitizer.ts |   63.79 |    75.92 |   42.85 |   60.37 | 77,91,95,154-189  
2026-09-22T05:23:52.6131639Z   ...k-fallback.ts |   51.02 |    18.75 |   33.33 |   58.13 | ...,91-99,134-144 
2026-09-22T05:23:52.6132081Z   ...i-detector.ts |   82.94 |    75.51 |     100 |   83.73 | ...51-456,509-510 
2026-09-22T05:23:52.6132509Z   ...cli-runner.ts |       0 |        0 |       0 |       0 | 72-348            
2026-09-22T05:23:52.6132935Z   clean-env.ts     |     100 |      100 |     100 |     100 |                   
2026-09-22T05:23:52.6133379Z   ...le-plugins.ts |   58.43 |    52.54 |   68.75 |   59.94 | ...87,800-813,838 
2026-09-22T05:23:52.6133825Z   cost-reporter.ts |   96.29 |    77.27 |    92.3 |   96.19 | 165,174-176       
2026-09-22T05:23:52.6134271Z   ...ial-masker.ts |   75.78 |    76.54 |      60 |   74.72 | ...51,156,278-315 
2026-09-22T05:23:52.6134706Z   ...g-detector.ts |       0 |        0 |       0 |       0 | 36-229            
2026-09-22T05:23:52.6135136Z   ...-numbering.ts |   93.44 |    84.84 |     100 |   96.49 | 147,152           
2026-09-22T05:23:52.6135571Z   ...-validator.ts |   67.62 |    64.88 |   72.72 |   68.42 | ...56-684,700-705 
2026-09-22T05:23:52.6136015Z   ...-generator.ts |    94.8 |    56.66 |     100 |   96.05 | 121,196-198       
2026-09-22T05:23:52.6136538Z   env-file.ts      |     100 |      100 |     100 |     100 |                   
2026-09-22T05:23:52.6136984Z   env-manager.ts   |     100 |    96.77 |     100 |     100 | 116               
2026-09-22T05:23:52.6137446Z   ...-formatter.ts |     100 |    95.23 |     100 |     100 | 167               
2026-09-22T05:23:52.6137893Z   esm-helpers.ts   |      20 |      100 |   33.33 |      20 | 41-62             
2026-09-22T05:23:52.6138362Z   ...ileNoThrow.ts |   72.72 |    79.41 |      50 |   72.72 | 182-193           
2026-09-22T05:23:52.6138811Z   ...-validator.ts |       0 |        0 |       0 |       0 |                   
2026-09-22T05:23:52.6139255Z   ...t-detector.ts |   35.36 |    26.31 |      50 |   37.66 | ...95-227,257-275 
2026-09-22T05:23:52.6139703Z   ...-collision.ts |   93.77 |    86.47 |     100 |    97.4 | ...86,446-447,724 
2026-09-22T05:23:52.6140139Z   ...derivation.ts |     100 |      100 |     100 |     100 |                   
2026-09-22T05:23:52.6140572Z   file-lock.ts     |   44.44 |    22.22 |     100 |   44.44 | 33-60             
2026-09-22T05:23:52.6141011Z   ...oject-root.ts |    90.9 |       82 |     100 |      92 | 112,167-169       
2026-09-22T05:23:52.6141439Z   fs-native.ts     |   56.73 |    37.87 |      80 |   56.73 | ...55,372,383-390 
2026-09-22T05:23:52.6141869Z   ...ills-index.ts |   85.95 |    94.89 |   81.81 |   85.59 | ...30,329,476-484 
2026-09-22T05:23:52.6142403Z   git-detector.ts  |   44.87 |    22.22 |      10 |   46.66 | 148-280           
2026-09-22T05:23:52.6142897Z   git-utils.ts     |   64.51 |    57.14 |   66.66 |   64.83 | ...79,320,331,353 
2026-09-22T05:23:52.6143326Z   github-url.ts    |   41.66 |       50 |      75 |   41.66 | 77-103            
2026-09-22T05:23:52.6143766Z   html-to-mdx.ts   |   97.22 |    83.33 |     100 |     100 | 120               
2026-09-22T05:23:52.6144202Z   ...-validator.ts |     100 |      100 |     100 |     100 |                   
2026-09-22T05:23:52.6144645Z   ...-extractor.ts |      88 |    84.26 |   92.85 |    87.6 | ...63,191,417-430 
2026-09-22T05:23:52.6145086Z   lock-manager.ts  |   87.03 |    90.19 |     100 |   86.91 | ...53,264,274-279 
2026-09-22T05:23:52.6145519Z   logger.ts        |    40.9 |    30.43 |   57.89 |   46.15 | 18,30,123-157     
2026-09-22T05:23:52.6145953Z   ...-selection.ts |   51.96 |       50 |   46.15 |      50 | ...29,134,149-280 
2026-09-22T05:23:52.6146492Z   ...t-detector.ts |   93.02 |    86.31 |   94.11 |   95.57 | 140-153           
2026-09-22T05:23:52.6146932Z   ...o-detector.ts |   73.97 |    78.94 |      80 |   73.97 | ...84,287,300-325 
2026-09-22T05:23:52.6147371Z   ...-installer.ts |   92.72 |    76.19 |     100 |   95.45 | 22,51             
2026-09-22T05:23:52.6147801Z   ...-constants.ts |       0 |        0 |       0 |       0 | 24-185            
2026-09-22T05:23:52.6148231Z   ...on-manager.ts |       0 |        0 |       0 |       0 | 24-206            
2026-09-22T05:23:52.6148680Z   npm-constants.ts |     100 |      100 |     100 |     100 |                   
2026-09-22T05:23:52.6149123Z   ...json-cache.ts |   98.61 |    94.87 |     100 |   98.61 | 142               
2026-09-22T05:23:52.6149560Z   ...form-utils.ts |   50.39 |    40.38 |   67.85 |    50.4 | ...50-385,419-460 
2026-09-22T05:23:52.6150019Z   plugin-copier.ts |   61.09 |    46.58 |   79.31 |   61.61 | ...1027,1048,1053 
2026-09-22T05:23:52.6150469Z   ...-reachable.ts |       0 |        0 |       0 |       0 | 5-20              
2026-09-22T05:23:52.6150903Z   ...-constants.ts |     100 |      100 |     100 |     100 |                   
2026-09-22T05:23:52.6151345Z   ...-detection.ts |   77.71 |    72.85 |      75 |   77.71 | ...83,401,450-495 
2026-09-22T05:23:52.6151783Z   ...-generator.ts |    1.63 |        0 |    7.69 |    1.66 | 70-331            
2026-09-22T05:23:52.6152225Z   ...ect-mapper.ts |    1.21 |        0 |       0 |    1.23 | 157-373           
2026-09-22T05:23:52.6152650Z   ...-validator.ts |       0 |        0 |       0 |       0 | 29-81             
2026-09-22T05:23:52.6153082Z   ...y-detector.ts |    93.1 |      100 |     100 |    93.1 | 92-93             
2026-09-22T05:23:52.6153530Z   ...crement-id.ts |   93.75 |      100 |     100 |   93.33 | 48                
2026-09-22T05:23:52.6153963Z   semver-sort.ts   |       0 |        0 |       0 |       0 | 14-34             
2026-09-22T05:23:52.6154407Z   spec-splitter.ts |   48.12 |    76.47 |   77.77 |   47.77 | 167,269-399       
2026-09-22T05:23:52.6154876Z   state-cleanup.ts |     100 |      100 |     100 |     100 |                   
2026-09-22T05:23:52.6155325Z   string-utils.ts  |     100 |      100 |     100 |     100 |                   
2026-09-22T05:23:52.6155768Z   ...l-detector.ts |   97.51 |    82.14 |   96.42 |   97.31 | 296-307           
2026-09-22T05:23:52.6156211Z   translation.ts   |   98.96 |    92.72 |     100 |   98.92 | 149               
2026-09-22T05:23:52.6156711Z   ...l-resolver.ts |       0 |        0 |       0 |       0 | 21-106            
2026-09-22T05:23:52.6157151Z  ...s/docs-preview |    0.53 |        0 |       0 |    0.55 |                   
2026-09-22T05:23:52.6157584Z   ...-generator.ts |       0 |        0 |       0 |       0 | 14-958            
2026-09-22T05:23:52.6158007Z   ...urus-setup.ts |       0 |        0 |       0 |       0 | 20-361            
2026-09-22T05:23:52.6158431Z   ...-installer.ts |       0 |        0 |       0 |       0 | 17-219            
2026-09-22T05:23:52.6158940Z   ...t-detector.ts |       0 |        0 |       0 |       0 | 15-314            
2026-09-22T05:23:52.6159416Z   ...er-manager.ts |       0 |        0 |       0 |       0 | 15-350            
2026-09-22T05:23:52.6159847Z   ...ar-builder.ts |       0 |        0 |       0 |       0 | 14-243            
2026-09-22T05:23:52.6160265Z   types.ts         |     100 |      100 |     100 |     100 |                   
2026-09-22T05:23:52.6160698Z  utils/validators  |   99.81 |     93.9 |     100 |    99.8 |                   
2026-09-22T05:23:52.6161195Z   ado-validator.ts |   99.56 |    94.95 |     100 |   99.54 | 597               
2026-09-22T05:23:52.6161637Z   ...-validator.ts |     100 |    92.91 |     100 |     100 | ...57,645-649,716 
2026-09-22T05:23:52.6162049Z   types.ts         |       0 |        0 |       0 |       0 |                   
2026-09-22T05:23:52.6162468Z  validators        |    65.6 |     50.5 |   51.72 |   67.54 |                   
2026-09-22T05:23:52.6162904Z   ...-validator.ts |   96.26 |     86.2 |   93.75 |   96.22 | 302-305           
2026-09-22T05:23:52.6163335Z   ...-validator.ts |       0 |        0 |       0 |       0 | 72-238            
2026-09-22T05:23:52.6163816Z -------------------|---------|----------|---------|---------|-------------------
2026-09-22T05:23:53.9720060Z Post job cleanup.
2026-09-22T05:23:53.9723354Z ##[start-action display=Setup Node.js;id=__00f8708e-88ee-40ca-86e9-4e334333d7eb.__actions_setup-node]
2026-09-22T05:23:53.9775289Z Post job cleanup.
2026-09-22T05:23:54.0987425Z Cache hit occurred on the primary key node-cache-Linux-x64-npm-e7b90dd53e2ca65817860eca4818dd273ccf63ab402a60ab264042b4c905462e, not saving cache.
2026-09-22T05:23:54.1036925Z ##[end-action id=__00f8708e-88ee-40ca-86e9-4e334333d7eb.__actions_setup-node;outcome=success;conclusion=success;duration_ms=131]
2026-09-22T05:23:54.1153301Z Node 20 is being deprecated. This workflow is running with Node 24 by default. If you need to temporarily use Node 20, you can set the ACTIONS_ALLOW_USE_UNSECURE_NODE_VERSION=true environment variable. For more information see: https://github.blog/changelog/2025-09-19-deprecation-of-node-20-on-github-actions-runners/
2026-09-22T05:23:54.1154482Z Post job cleanup.
2026-09-22T05:23:54.2017504Z [command]/usr/bin/git version
2026-09-22T05:23:54.2057045Z git version 2.55.0
2026-09-22T05:23:54.2095766Z Temporarily overriding HOME='/home/runner/work/_temp/33356d04-7860-48b8-99dc-d678d9790480' before making global git config changes
2026-09-22T05:23:54.2097341Z Adding repository directory to the temporary git global config as a safe directory
2026-09-22T05:23:54.2100222Z [command]/usr/bin/git config --global --add safe.directory /home/runner/work/specweave/specweave
2026-09-22T05:23:54.2139625Z [command]/usr/bin/git config --local --name-only --get-regexp core\.sshCommand
2026-09-22T05:23:54.2173516Z [command]/usr/bin/git submodule foreach --recursive sh -c "git config --local --name-only --get-regexp 'core\.sshCommand' && git config --local --unset-all 'core.sshCommand' || :"
2026-09-22T05:23:54.2371105Z [command]/usr/bin/git config --local --name-only --get-regexp http\.https\:\/\/github\.com\/\.extraheader
2026-09-22T05:23:54.2394934Z http.https://github.com/.extraheader
2026-09-22T05:23:54.2408355Z [command]/usr/bin/git config --local --unset-all http.https://github.com/.extraheader
2026-09-22T05:23:54.2438438Z [command]/usr/bin/git submodule foreach --recursive sh -c "git config --local --name-only --get-regexp 'http\.https\:\/\/github\.com\/\.extraheader' && git config --local --unset-all 'http.https://github.com/.extraheader' || :"
2026-09-22T05:23:54.2641982Z [command]/usr/bin/git config --local --name-only --get-regexp ^includeIf\.gitdir:
2026-09-22T05:23:54.2670734Z [command]/usr/bin/git submodule foreach --recursive git config --local --show-origin --name-only --get-regexp remote.origin.url
2026-09-22T05:23:54.3013396Z Cleaning up orphan processes
2026-09-22T05:23:54.3352585Z ##[warning]Node.js 20 is deprecated. The following actions target Node.js 20 but are being forced to run on Node.js 24: actions/checkout@v4. For more information see: https://github.blog/changelog/2025-09-19-deprecation-of-node-20-on-github-actions-runners/
