 DEPRECATED  "environmentMatchGlobs" is deprecated. Use `test.projects` to define different configurations instead.

 RUN  v3.2.4 /Users/antonabyzov/Projects/github/specweave-umb/repositories/anton-abyzov/0874-bulk-request-memory

stderr | src/app/api/v1/submissions/bulk/__tests__/route.db-lifecycle.test.ts > isolates simultaneous HTTP handlers and disposes each owned client
[bulk] Failed to create submission: https://github.com/fixture/repo-0 skill-0 DATABASE_URL not configured (checked Hyperdrive, process.env, globalThis, worker context, and resolveEnv)

stderr | src/app/api/v1/submissions/bulk/__tests__/route.db-lifecycle.test.ts > isolates simultaneous HTTP handlers and disposes each owned client
POST /api/v1/submissions/bulk error: {
  message: 'DATABASE_URL not configured (checked Hyperdrive, process.env, globalThis, worker context, and resolveEnv)',
  stack: 'Error: DATABASE_URL not configured (checked Hyperdrive, process.env, globalThis, worker context, and resolveEnv)\n' +
    '    at resolveFreshDatabaseConnection (/Users/antonabyzov/Projects/github/specweave-umb/repositories/anton-abyzov/0874-bulk-request-memory/src/lib/db.ts:175:11)\n' +
    '    at processTicksAndRejections (node:internal/process/task_queues:103:5)\n' +
    '    at getDb (/Users/antonabyzov/Projects/github/specweave-umb/repositories/anton-abyzov/0874-bulk-request-memory/src/lib/db.ts:256:24)\n' +
    '    at Object.get (/Users/antonabyzov/Projects/github/specweave-umb/repositories/anton-abyzov/0874-bulk-request-memory/src/lib/repo-identity-store.ts:32:22)\n' +
    '    at resolveRepoIdentity (/Users/antonabyzov/Projects/github/specweave-umb/repositories/anton-abyzov/0874-bulk-request-memory/src/db/dedup/repo-identity.ts:109:18)\n' +
    '    at handleBulkSubmission (/Users/antonabyzov/Projects/github/specweave-umb/repositories/anton-abyzov/0874-bulk-request-memory/src/app/api/v1/submissions/bulk/route.ts:394:14)\n' +
    '    at /Users/antonabyzov/Projects/github/specweave-umb/repositories/anton-abyzov/0874-bulk-request-memory/src/lib/db.ts:207:14\n' +
    '    at async Promise.all (index 1)\n' +
    '    at /Users/antonabyzov/Projects/github/specweave-umb/repositories/anton-abyzov/0874-bulk-request-memory/src/app/api/v1/submissions/bulk/__tests__/route.db-lifecycle.test.ts:96:21\n' +
    '    at file:///Users/antonabyzov/Projects/github/specweave-umb/repositories/anton-abyzov/0874-bulk-request-memory/node_modules/@vitest/runner/dist/chunk-hooks.js:752:20'
}
POST /api/v1/submissions/bulk error: {
  message: 'DATABASE_URL not configured (checked Hyperdrive, process.env, globalThis, worker context, and resolveEnv)',
  stack: 'Error: DATABASE_URL not configured (checked Hyperdrive, process.env, globalThis, worker context, and resolveEnv)\n' +
    '    at resolveFreshDatabaseConnection (/Users/antonabyzov/Projects/github/specweave-umb/repositories/anton-abyzov/0874-bulk-request-memory/src/lib/db.ts:175:11)\n' +
    '    at processTicksAndRejections (node:internal/process/task_queues:103:5)\n' +
    '    at getDb (/Users/antonabyzov/Projects/github/specweave-umb/repositories/anton-abyzov/0874-bulk-request-memory/src/lib/db.ts:256:24)\n' +
    '    at Object.get (/Users/antonabyzov/Projects/github/specweave-umb/repositories/anton-abyzov/0874-bulk-request-memory/src/lib/repo-identity-store.ts:32:22)\n' +
    '    at resolveRepoIdentity (/Users/antonabyzov/Projects/github/specweave-umb/repositories/anton-abyzov/0874-bulk-request-memory/src/db/dedup/repo-identity.ts:109:18)\n' +
    '    at handleBulkSubmission (/Users/antonabyzov/Projects/github/specweave-umb/repositories/anton-abyzov/0874-bulk-request-memory/src/app/api/v1/submissions/bulk/route.ts:394:14)\n' +
    '    at /Users/antonabyzov/Projects/github/specweave-umb/repositories/anton-abyzov/0874-bulk-request-memory/src/lib/db.ts:207:14\n' +
    '    at async Promise.all (index 2)\n' +
    '    at /Users/antonabyzov/Projects/github/specweave-umb/repositories/anton-abyzov/0874-bulk-request-memory/src/app/api/v1/submissions/bulk/__tests__/route.db-lifecycle.test.ts:96:21\n' +
    '    at file:///Users/antonabyzov/Projects/github/specweave-umb/repositories/anton-abyzov/0874-bulk-request-memory/node_modules/@vitest/runner/dist/chunk-hooks.js:752:20'
}
POST /api/v1/submissions/bulk error: {
  message: 'DATABASE_URL not configured (checked Hyperdrive, process.env, globalThis, worker context, and resolveEnv)',
  stack: 'Error: DATABASE_URL not configured (checked Hyperdrive, process.env, globalThis, worker context, and resolveEnv)\n' +
    '    at resolveFreshDatabaseConnection (/Users/antonabyzov/Projects/github/specweave-umb/repositories/anton-abyzov/0874-bulk-request-memory/src/lib/db.ts:175:11)\n' +
    '    at processTicksAndRejections (node:internal/process/task_queues:103:5)\n' +
    '    at getDb (/Users/antonabyzov/Projects/github/specweave-umb/repositories/anton-abyzov/0874-bulk-request-memory/src/lib/db.ts:256:24)\n' +
    '    at Object.get (/Users/antonabyzov/Projects/github/specweave-umb/repositories/anton-abyzov/0874-bulk-request-memory/src/lib/repo-identity-store.ts:32:22)\n' +
    '    at resolveRepoIdentity (/Users/antonabyzov/Projects/github/specweave-umb/repositories/anton-abyzov/0874-bulk-request-memory/src/db/dedup/repo-identity.ts:109:18)\n' +
    '    at handleBulkSubmission (/Users/antonabyzov/Projects/github/specweave-umb/repositories/anton-abyzov/0874-bulk-request-memory/src/app/api/v1/submissions/bulk/route.ts:394:14)\n' +
    '    at /Users/antonabyzov/Projects/github/specweave-umb/repositories/anton-abyzov/0874-bulk-request-memory/src/lib/db.ts:207:14\n' +
    '    at async Promise.all (index 3)\n' +
    '    at /Users/antonabyzov/Projects/github/specweave-umb/repositories/anton-abyzov/0874-bulk-request-memory/src/app/api/v1/submissions/bulk/__tests__/route.db-lifecycle.test.ts:96:21\n' +
    '    at file:///Users/antonabyzov/Projects/github/specweave-umb/repositories/anton-abyzov/0874-bulk-request-memory/node_modules/@vitest/runner/dist/chunk-hooks.js:752:20'
}
POST /api/v1/submissions/bulk error: {
  message: 'DATABASE_URL not configured (checked Hyperdrive, process.env, globalThis, worker context, and resolveEnv)',
  stack: 'Error: DATABASE_URL not configured (checked Hyperdrive, process.env, globalThis, worker context, and resolveEnv)\n' +
    '    at resolveFreshDatabaseConnection (/Users/antonabyzov/Projects/github/specweave-umb/repositories/anton-abyzov/0874-bulk-request-memory/src/lib/db.ts:175:11)\n' +
    '    at processTicksAndRejections (node:internal/process/task_queues:103:5)\n' +
    '    at getDb (/Users/antonabyzov/Projects/github/specweave-umb/repositories/anton-abyzov/0874-bulk-request-memory/src/lib/db.ts:256:24)\n' +
    '    at Object.get (/Users/antonabyzov/Projects/github/specweave-umb/repositories/anton-abyzov/0874-bulk-request-memory/src/lib/repo-identity-store.ts:32:22)\n' +
    '    at resolveRepoIdentity (/Users/antonabyzov/Projects/github/specweave-umb/repositories/anton-abyzov/0874-bulk-request-memory/src/db/dedup/repo-identity.ts:109:18)\n' +
    '    at handleBulkSubmission (/Users/antonabyzov/Projects/github/specweave-umb/repositories/anton-abyzov/0874-bulk-request-memory/src/app/api/v1/submissions/bulk/route.ts:394:14)\n' +
    '    at /Users/antonabyzov/Projects/github/specweave-umb/repositories/anton-abyzov/0874-bulk-request-memory/src/lib/db.ts:207:14\n' +
    '    at async Promise.all (index 4)\n' +
    '    at /Users/antonabyzov/Projects/github/specweave-umb/repositories/anton-abyzov/0874-bulk-request-memory/src/app/api/v1/submissions/bulk/__tests__/route.db-lifecycle.test.ts:96:21\n' +
    '    at file:///Users/antonabyzov/Projects/github/specweave-umb/repositories/anton-abyzov/0874-bulk-request-memory/node_modules/@vitest/runner/dist/chunk-hooks.js:752:20'
}
POST /api/v1/submissions/bulk error: {
  message: 'DATABASE_URL not configured (checked Hyperdrive, process.env, globalThis, worker context, and resolveEnv)',
  stack: 'Error: DATABASE_URL not configured (checked Hyperdrive, process.env, globalThis, worker context, and resolveEnv)\n' +
    '    at resolveFreshDatabaseConnection (/Users/antonabyzov/Projects/github/specweave-umb/repositories/anton-abyzov/0874-bulk-request-memory/src/lib/db.ts:175:11)\n' +
    '    at processTicksAndRejections (node:internal/process/task_queues:103:5)\n' +
    '    at getDb (/Users/antonabyzov/Projects/github/specweave-umb/repositories/anton-abyzov/0874-bulk-request-memory/src/lib/db.ts:256:24)\n' +
    '    at Object.get (/Users/antonabyzov/Projects/github/specweave-umb/repositories/anton-abyzov/0874-bulk-request-memory/src/lib/repo-identity-store.ts:32:22)\n' +
    '    at resolveRepoIdentity (/Users/antonabyzov/Projects/github/specweave-umb/repositories/anton-abyzov/0874-bulk-request-memory/src/db/dedup/repo-identity.ts:109:18)\n' +
    '    at handleBulkSubmission (/Users/antonabyzov/Projects/github/specweave-umb/repositories/anton-abyzov/0874-bulk-request-memory/src/app/api/v1/submissions/bulk/route.ts:394:14)\n' +
    '    at /Users/antonabyzov/Projects/github/specweave-umb/repositories/anton-abyzov/0874-bulk-request-memory/src/lib/db.ts:207:14\n' +
    '    at async Promise.all (index 5)\n' +
    '    at /Users/antonabyzov/Projects/github/specweave-umb/repositories/anton-abyzov/0874-bulk-request-memory/src/app/api/v1/submissions/bulk/__tests__/route.db-lifecycle.test.ts:96:21\n' +
    '    at file:///Users/antonabyzov/Projects/github/specweave-umb/repositories/anton-abyzov/0874-bulk-request-memory/node_modules/@vitest/runner/dist/chunk-hooks.js:752:20'
}
POST /api/v1/submissions/bulk error: {
  message: 'DATABASE_URL not configured (checked Hyperdrive, process.env, globalThis, worker context, and resolveEnv)',
  stack: 'Error: DATABASE_URL not configured (checked Hyperdrive, process.env, globalThis, worker context, and resolveEnv)\n' +
    '    at resolveFreshDatabaseConnection (/Users/antonabyzov/Projects/github/specweave-umb/repositories/anton-abyzov/0874-bulk-request-memory/src/lib/db.ts:175:11)\n' +
    '    at processTicksAndRejections (node:internal/process/task_queues:103:5)\n' +
    '    at getDb (/Users/antonabyzov/Projects/github/specweave-umb/repositories/anton-abyzov/0874-bulk-request-memory/src/lib/db.ts:256:24)\n' +
    '    at Object.get (/Users/antonabyzov/Projects/github/specweave-umb/repositories/anton-abyzov/0874-bulk-request-memory/src/lib/repo-identity-store.ts:32:22)\n' +
    '    at resolveRepoIdentity (/Users/antonabyzov/Projects/github/specweave-umb/repositories/anton-abyzov/0874-bulk-request-memory/src/db/dedup/repo-identity.ts:109:18)\n' +
    '    at handleBulkSubmission (/Users/antonabyzov/Projects/github/specweave-umb/repositories/anton-abyzov/0874-bulk-request-memory/src/app/api/v1/submissions/bulk/route.ts:394:14)\n' +
    '    at /Users/antonabyzov/Projects/github/specweave-umb/repositories/anton-abyzov/0874-bulk-request-memory/src/lib/db.ts:207:14\n' +
    '    at async Promise.all (index 6)\n' +
    '    at /Users/antonabyzov/Projects/github/specweave-umb/repositories/anton-abyzov/0874-bulk-request-memory/src/app/api/v1/submissions/bulk/__tests__/route.db-lifecycle.test.ts:96:21\n' +
    '    at file:///Users/antonabyzov/Projects/github/specweave-umb/repositories/anton-abyzov/0874-bulk-request-memory/node_modules/@vitest/runner/dist/chunk-hooks.js:752:20'
}
POST /api/v1/submissions/bulk error: {
  message: 'DATABASE_URL not configured (checked Hyperdrive, process.env, globalThis, worker context, and resolveEnv)',
  stack: 'Error: DATABASE_URL not configured (checked Hyperdrive, process.env, globalThis, worker context, and resolveEnv)\n' +
    '    at resolveFreshDatabaseConnection (/Users/antonabyzov/Projects/github/specweave-umb/repositories/anton-abyzov/0874-bulk-request-memory/src/lib/db.ts:175:11)\n' +
    '    at processTicksAndRejections (node:internal/process/task_queues:103:5)\n' +
    '    at getDb (/Users/antonabyzov/Projects/github/specweave-umb/repositories/anton-abyzov/0874-bulk-request-memory/src/lib/db.ts:256:24)\n' +
    '    at Object.get (/Users/antonabyzov/Projects/github/specweave-umb/repositories/anton-abyzov/0874-bulk-request-memory/src/lib/repo-identity-store.ts:32:22)\n' +
    '    at resolveRepoIdentity (/Users/antonabyzov/Projects/github/specweave-umb/repositories/anton-abyzov/0874-bulk-request-memory/src/db/dedup/repo-identity.ts:109:18)\n' +
    '    at handleBulkSubmission (/Users/antonabyzov/Projects/github/specweave-umb/repositories/anton-abyzov/0874-bulk-request-memory/src/app/api/v1/submissions/bulk/route.ts:394:14)\n' +
    '    at /Users/antonabyzov/Projects/github/specweave-umb/repositories/anton-abyzov/0874-bulk-request-memory/src/lib/db.ts:207:14\n' +
    '    at async Promise.all (index 7)\n' +
    '    at /Users/antonabyzov/Projects/github/specweave-umb/repositories/anton-abyzov/0874-bulk-request-memory/src/app/api/v1/submissions/bulk/__tests__/route.db-lifecycle.test.ts:96:21\n' +
    '    at file:///Users/antonabyzov/Projects/github/specweave-umb/repositories/anton-abyzov/0874-bulk-request-memory/node_modules/@vitest/runner/dist/chunk-hooks.js:752:20'
}
POST /api/v1/submissions/bulk error: {
  message: 'DATABASE_URL not configured (checked Hyperdrive, process.env, globalThis, worker context, and resolveEnv)',
  stack: 'Error: DATABASE_URL not configured (checked Hyperdrive, process.env, globalThis, worker context, and resolveEnv)\n' +
    '    at resolveFreshDatabaseConnection (/Users/antonabyzov/Projects/github/specweave-umb/repositories/anton-abyzov/0874-bulk-request-memory/src/lib/db.ts:175:11)\n' +
    '    at processTicksAndRejections (node:internal/process/task_queues:103:5)\n' +
    '    at getDb (/Users/antonabyzov/Projects/github/specweave-umb/repositories/anton-abyzov/0874-bulk-request-memory/src/lib/db.ts:256:24)\n' +
    '    at Object.get (/Users/antonabyzov/Projects/github/specweave-umb/repositories/anton-abyzov/0874-bulk-request-memory/src/lib/repo-identity-store.ts:32:22)\n' +
    '    at resolveRepoIdentity (/Users/antonabyzov/Projects/github/specweave-umb/repositories/anton-abyzov/0874-bulk-request-memory/src/db/dedup/repo-identity.ts:109:18)\n' +
    '    at handleBulkSubmission (/Users/antonabyzov/Projects/github/specweave-umb/repositories/anton-abyzov/0874-bulk-request-memory/src/app/api/v1/submissions/bulk/route.ts:394:14)\n' +
    '    at /Users/antonabyzov/Projects/github/specweave-umb/repositories/anton-abyzov/0874-bulk-request-memory/src/lib/db.ts:207:14\n' +
    '    at async Promise.all (index 8)\n' +
    '    at /Users/antonabyzov/Projects/github/specweave-umb/repositories/anton-abyzov/0874-bulk-request-memory/src/app/api/v1/submissions/bulk/__tests__/route.db-lifecycle.test.ts:96:21\n' +
    '    at file:///Users/antonabyzov/Projects/github/specweave-umb/repositories/anton-abyzov/0874-bulk-request-memory/node_modules/@vitest/runner/dist/chunk-hooks.js:752:20'
}
POST /api/v1/submissions/bulk error: {
  message: 'DATABASE_URL not configured (checked Hyperdrive, process.env, globalThis, worker context, and resolveEnv)',
  stack: 'Error: DATABASE_URL not configured (checked Hyperdrive, process.env, globalThis, worker context, and resolveEnv)\n' +
    '    at resolveFreshDatabaseConnection (/Users/antonabyzov/Projects/github/specweave-umb/repositories/anton-abyzov/0874-bulk-request-memory/src/lib/db.ts:175:11)\n' +
    '    at processTicksAndRejections (node:internal/process/task_queues:103:5)\n' +
    '    at getDb (/Users/antonabyzov/Projects/github/specweave-umb/repositories/anton-abyzov/0874-bulk-request-memory/src/lib/db.ts:256:24)\n' +
    '    at Object.get (/Users/antonabyzov/Projects/github/specweave-umb/repositories/anton-abyzov/0874-bulk-request-memory/src/lib/repo-identity-store.ts:32:22)\n' +
    '    at resolveRepoIdentity (/Users/antonabyzov/Projects/github/specweave-umb/repositories/anton-abyzov/0874-bulk-request-memory/src/db/dedup/repo-identity.ts:109:18)\n' +
    '    at handleBulkSubmission (/Users/antonabyzov/Projects/github/specweave-umb/repositories/anton-abyzov/0874-bulk-request-memory/src/app/api/v1/submissions/bulk/route.ts:394:14)\n' +
    '    at /Users/antonabyzov/Projects/github/specweave-umb/repositories/anton-abyzov/0874-bulk-request-memory/src/lib/db.ts:207:14\n' +
    '    at async Promise.all (index 9)\n' +
    '    at /Users/antonabyzov/Projects/github/specweave-umb/repositories/anton-abyzov/0874-bulk-request-memory/src/app/api/v1/submissions/bulk/__tests__/route.db-lifecycle.test.ts:96:21\n' +
    '    at file:///Users/antonabyzov/Projects/github/specweave-umb/repositories/anton-abyzov/0874-bulk-request-memory/node_modules/@vitest/runner/dist/chunk-hooks.js:752:20'
}
POST /api/v1/submissions/bulk error: {
  message: 'DATABASE_URL not configured (checked Hyperdrive, process.env, globalThis, worker context, and resolveEnv)',
  stack: 'Error: DATABASE_URL not configured (checked Hyperdrive, process.env, globalThis, worker context, and resolveEnv)\n' +
    '    at resolveFreshDatabaseConnection (/Users/antonabyzov/Projects/github/specweave-umb/repositories/anton-abyzov/0874-bulk-request-memory/src/lib/db.ts:175:11)\n' +
    '    at processTicksAndRejections (node:internal/process/task_queues:103:5)\n' +
    '    at getDb (/Users/antonabyzov/Projects/github/specweave-umb/repositories/anton-abyzov/0874-bulk-request-memory/src/lib/db.ts:256:24)\n' +
    '    at Object.get (/Users/antonabyzov/Projects/github/specweave-umb/repositories/anton-abyzov/0874-bulk-request-memory/src/lib/repo-identity-store.ts:32:22)\n' +
    '    at resolveRepoIdentity (/Users/antonabyzov/Projects/github/specweave-umb/repositories/anton-abyzov/0874-bulk-request-memory/src/db/dedup/repo-identity.ts:109:18)\n' +
    '    at handleBulkSubmission (/Users/antonabyzov/Projects/github/specweave-umb/repositories/anton-abyzov/0874-bulk-request-memory/src/app/api/v1/submissions/bulk/route.ts:394:14)\n' +
    '    at /Users/antonabyzov/Projects/github/specweave-umb/repositories/anton-abyzov/0874-bulk-request-memory/src/lib/db.ts:207:14\n' +
    '    at async Promise.all (index 10)\n' +
    '    at /Users/antonabyzov/Projects/github/specweave-umb/repositories/anton-abyzov/0874-bulk-request-memory/src/app/api/v1/submissions/bulk/__tests__/route.db-lifecycle.test.ts:96:21\n' +
    '    at file:///Users/antonabyzov/Projects/github/specweave-umb/repositories/anton-abyzov/0874-bulk-request-memory/node_modules/@vitest/runner/dist/chunk-hooks.js:752:20'
}
POST /api/v1/submissions/bulk error: {
  message: 'DATABASE_URL not configured (checked Hyperdrive, process.env, globalThis, worker context, and resolveEnv)',
  stack: 'Error: DATABASE_URL not configured (checked Hyperdrive, process.env, globalThis, worker context, and resolveEnv)\n' +
    '    at resolveFreshDatabaseConnection (/Users/antonabyzov/Projects/github/specweave-umb/repositories/anton-abyzov/0874-bulk-request-memory/src/lib/db.ts:175:11)\n' +
    '    at processTicksAndRejections (node:internal/process/task_queues:103:5)\n' +
    '    at getDb (/Users/antonabyzov/Projects/github/specweave-umb/repositories/anton-abyzov/0874-bulk-request-memory/src/lib/db.ts:256:24)\n' +
    '    at Object.get (/Users/antonabyzov/Projects/github/specweave-umb/repositories/anton-abyzov/0874-bulk-request-memory/src/lib/repo-identity-store.ts:32:22)\n' +
    '    at resolveRepoIdentity (/Users/antonabyzov/Projects/github/specweave-umb/repositories/anton-abyzov/0874-bulk-request-memory/src/db/dedup/repo-identity.ts:109:18)\n' +
    '    at handleBulkSubmission (/Users/antonabyzov/Projects/github/specweave-umb/repositories/anton-abyzov/0874-bulk-request-memory/src/app/api/v1/submissions/bulk/route.ts:394:14)\n' +
    '    at /Users/antonabyzov/Projects/github/specweave-umb/repositories/anton-abyzov/0874-bulk-request-memory/src/lib/db.ts:207:14\n' +
    '    at async Promise.all (index 11)\n' +
    '    at /Users/antonabyzov/Projects/github/specweave-umb/repositories/anton-abyzov/0874-bulk-request-memory/src/app/api/v1/submissions/bulk/__tests__/route.db-lifecycle.test.ts:96:21\n' +
    '    at file:///Users/antonabyzov/Projects/github/specweave-umb/repositories/anton-abyzov/0874-bulk-request-memory/node_modules/@vitest/runner/dist/chunk-hooks.js:752:20'
}
POST /api/v1/submissions/bulk error: {
  message: 'DATABASE_URL not configured (checked Hyperdrive, process.env, globalThis, worker context, and resolveEnv)',
  stack: 'Error: DATABASE_URL not configured (checked Hyperdrive, process.env, globalThis, worker context, and resolveEnv)\n' +
    '    at resolveFreshDatabaseConnection (/Users/antonabyzov/Projects/github/specweave-umb/repositories/anton-abyzov/0874-bulk-request-memory/src/lib/db.ts:175:11)\n' +
    '    at processTicksAndRejections (node:internal/process/task_queues:103:5)\n' +
    '    at getDb (/Users/antonabyzov/Projects/github/specweave-umb/repositories/anton-abyzov/0874-bulk-request-memory/src/lib/db.ts:256:24)\n' +
    '    at Object.get (/Users/antonabyzov/Projects/github/specweave-umb/repositories/anton-abyzov/0874-bulk-request-memory/src/lib/repo-identity-store.ts:32:22)\n' +
    '    at resolveRepoIdentity (/Users/antonabyzov/Projects/github/specweave-umb/repositories/anton-abyzov/0874-bulk-request-memory/src/db/dedup/repo-identity.ts:109:18)\n' +
    '    at handleBulkSubmission (/Users/antonabyzov/Projects/github/specweave-umb/repositories/anton-abyzov/0874-bulk-request-memory/src/app/api/v1/submissions/bulk/route.ts:394:14)\n' +
    '    at /Users/antonabyzov/Projects/github/specweave-umb/repositories/anton-abyzov/0874-bulk-request-memory/src/lib/db.ts:207:14\n' +
    '    at async Promise.all (index 12)\n' +
    '    at /Users/antonabyzov/Projects/github/specweave-umb/repositories/anton-abyzov/0874-bulk-request-memory/src/app/api/v1/submissions/bulk/__tests__/route.db-lifecycle.test.ts:96:21\n' +
    '    at file:///Users/antonabyzov/Projects/github/specweave-umb/repositories/anton-abyzov/0874-bulk-request-memory/node_modules/@vitest/runner/dist/chunk-hooks.js:752:20'
}
POST /api/v1/submissions/bulk error: {
  message: 'DATABASE_URL not configured (checked Hyperdrive, process.env, globalThis, worker context, and resolveEnv)',
  stack: 'Error: DATABASE_URL not configured (checked Hyperdrive, process.env, globalThis, worker context, and resolveEnv)\n' +
    '    at resolveFreshDatabaseConnection (/Users/antonabyzov/Projects/github/specweave-umb/repositories/anton-abyzov/0874-bulk-request-memory/src/lib/db.ts:175:11)\n' +
    '    at processTicksAndRejections (node:internal/process/task_queues:103:5)\n' +
    '    at getDb (/Users/antonabyzov/Projects/github/specweave-umb/repositories/anton-abyzov/0874-bulk-request-memory/src/lib/db.ts:256:24)\n' +
    '    at Object.get (/Users/antonabyzov/Projects/github/specweave-umb/repositories/anton-abyzov/0874-bulk-request-memory/src/lib/repo-identity-store.ts:32:22)\n' +
    '    at resolveRepoIdentity (/Users/antonabyzov/Projects/github/specweave-umb/repositories/anton-abyzov/0874-bulk-request-memory/src/db/dedup/repo-identity.ts:109:18)\n' +
    '    at handleBulkSubmission (/Users/antonabyzov/Projects/github/specweave-umb/repositories/anton-abyzov/0874-bulk-request-memory/src/app/api/v1/submissions/bulk/route.ts:394:14)\n' +
    '    at /Users/antonabyzov/Projects/github/specweave-umb/repositories/anton-abyzov/0874-bulk-request-memory/src/lib/db.ts:207:14\n' +
    '    at async Promise.all (index 13)\n' +
    '    at /Users/antonabyzov/Projects/github/specweave-umb/repositories/anton-abyzov/0874-bulk-request-memory/src/app/api/v1/submissions/bulk/__tests__/route.db-lifecycle.test.ts:96:21\n' +
    '    at file:///Users/antonabyzov/Projects/github/specweave-umb/repositories/anton-abyzov/0874-bulk-request-memory/node_modules/@vitest/runner/dist/chunk-hooks.js:752:20'
}
POST /api/v1/submissions/bulk error: {
  message: 'DATABASE_URL not configured (checked Hyperdrive, process.env, globalThis, worker context, and resolveEnv)',
  stack: 'Error: DATABASE_URL not configured (checked Hyperdrive, process.env, globalThis, worker context, and resolveEnv)\n' +
    '    at resolveFreshDatabaseConnection (/Users/antonabyzov/Projects/github/specweave-umb/repositories/anton-abyzov/0874-bulk-request-memory/src/lib/db.ts:175:11)\n' +
    '    at processTicksAndRejections (node:internal/process/task_queues:103:5)\n' +
    '    at getDb (/Users/antonabyzov/Projects/github/specweave-umb/repositories/anton-abyzov/0874-bulk-request-memory/src/lib/db.ts:256:24)\n' +
    '    at Object.get (/Users/antonabyzov/Projects/github/specweave-umb/repositories/anton-abyzov/0874-bulk-request-memory/src/lib/repo-identity-store.ts:32:22)\n' +
    '    at resolveRepoIdentity (/Users/antonabyzov/Projects/github/specweave-umb/repositories/anton-abyzov/0874-bulk-request-memory/src/db/dedup/repo-identity.ts:109:18)\n' +
    '    at handleBulkSubmission (/Users/antonabyzov/Projects/github/specweave-umb/repositories/anton-abyzov/0874-bulk-request-memory/src/app/api/v1/submissions/bulk/route.ts:394:14)\n' +
    '    at /Users/antonabyzov/Projects/github/specweave-umb/repositories/anton-abyzov/0874-bulk-request-memory/src/lib/db.ts:207:14\n' +
    '    at async Promise.all (index 14)\n' +
    '    at /Users/antonabyzov/Projects/github/specweave-umb/repositories/anton-abyzov/0874-bulk-request-memory/src/app/api/v1/submissions/bulk/__tests__/route.db-lifecycle.test.ts:96:21\n' +
    '    at file:///Users/antonabyzov/Projects/github/specweave-umb/repositories/anton-abyzov/0874-bulk-request-memory/node_modules/@vitest/runner/dist/chunk-hooks.js:752:20'
}
POST /api/v1/submissions/bulk error: {
  message: 'DATABASE_URL not configured (checked Hyperdrive, process.env, globalThis, worker context, and resolveEnv)',
  stack: 'Error: DATABASE_URL not configured (checked Hyperdrive, process.env, globalThis, worker context, and resolveEnv)\n' +
    '    at resolveFreshDatabaseConnection (/Users/antonabyzov/Projects/github/specweave-umb/repositories/anton-abyzov/0874-bulk-request-memory/src/lib/db.ts:175:11)\n' +
    '    at processTicksAndRejections (node:internal/process/task_queues:103:5)\n' +
    '    at getDb (/Users/antonabyzov/Projects/github/specweave-umb/repositories/anton-abyzov/0874-bulk-request-memory/src/lib/db.ts:256:24)\n' +
    '    at Object.get (/Users/antonabyzov/Projects/github/specweave-umb/repositories/anton-abyzov/0874-bulk-request-memory/src/lib/repo-identity-store.ts:32:22)\n' +
    '    at resolveRepoIdentity (/Users/antonabyzov/Projects/github/specweave-umb/repositories/anton-abyzov/0874-bulk-request-memory/src/db/dedup/repo-identity.ts:109:18)\n' +
    '    at handleBulkSubmission (/Users/antonabyzov/Projects/github/specweave-umb/repositories/anton-abyzov/0874-bulk-request-memory/src/app/api/v1/submissions/bulk/route.ts:394:14)\n' +
    '    at /Users/antonabyzov/Projects/github/specweave-umb/repositories/anton-abyzov/0874-bulk-request-memory/src/lib/db.ts:207:14\n' +
    '    at async Promise.all (index 15)\n' +
    '    at /Users/antonabyzov/Projects/github/specweave-umb/repositories/anton-abyzov/0874-bulk-request-memory/src/app/api/v1/submissions/bulk/__tests__/route.db-lifecycle.test.ts:96:21\n' +
    '    at file:///Users/antonabyzov/Projects/github/specweave-umb/repositories/anton-abyzov/0874-bulk-request-memory/node_modules/@vitest/runner/dist/chunk-hooks.js:752:20'
}
POST /api/v1/submissions/bulk error: {
  message: 'DATABASE_URL not configured (checked Hyperdrive, process.env, globalThis, worker context, and resolveEnv)',
  stack: 'Error: DATABASE_URL not configured (checked Hyperdrive, process.env, globalThis, worker context, and resolveEnv)\n' +
    '    at resolveFreshDatabaseConnection (/Users/antonabyzov/Projects/github/specweave-umb/repositories/anton-abyzov/0874-bulk-request-memory/src/lib/db.ts:175:11)\n' +
    '    at processTicksAndRejections (node:internal/process/task_queues:103:5)\n' +
    '    at getDb (/Users/antonabyzov/Projects/github/specweave-umb/repositories/anton-abyzov/0874-bulk-request-memory/src/lib/db.ts:256:24)\n' +
    '    at Object.get (/Users/antonabyzov/Projects/github/specweave-umb/repositories/anton-abyzov/0874-bulk-request-memory/src/lib/repo-identity-store.ts:32:22)\n' +
    '    at resolveRepoIdentity (/Users/antonabyzov/Projects/github/specweave-umb/repositories/anton-abyzov/0874-bulk-request-memory/src/db/dedup/repo-identity.ts:109:18)\n' +
    '    at handleBulkSubmission (/Users/antonabyzov/Projects/github/specweave-umb/repositories/anton-abyzov/0874-bulk-request-memory/src/app/api/v1/submissions/bulk/route.ts:394:14)\n' +
    '    at /Users/antonabyzov/Projects/github/specweave-umb/repositories/anton-abyzov/0874-bulk-request-memory/src/lib/db.ts:207:14\n' +
    '    at async Promise.all (index 16)\n' +
    '    at /Users/antonabyzov/Projects/github/specweave-umb/repositories/anton-abyzov/0874-bulk-request-memory/src/app/api/v1/submissions/bulk/__tests__/route.db-lifecycle.test.ts:96:21\n' +
    '    at file:///Users/antonabyzov/Projects/github/specweave-umb/repositories/anton-abyzov/0874-bulk-request-memory/node_modules/@vitest/runner/dist/chunk-hooks.js:752:20'
}
POST /api/v1/submissions/bulk error: {
  message: 'DATABASE_URL not configured (checked Hyperdrive, process.env, globalThis, worker context, and resolveEnv)',
  stack: 'Error: DATABASE_URL not configured (checked Hyperdrive, process.env, globalThis, worker context, and resolveEnv)\n' +
    '    at resolveFreshDatabaseConnection (/Users/antonabyzov/Projects/github/specweave-umb/repositories/anton-abyzov/0874-bulk-request-memory/src/lib/db.ts:175:11)\n' +
    '    at processTicksAndRejections (node:internal/process/task_queues:103:5)\n' +
    '    at getDb (/Users/antonabyzov/Projects/github/specweave-umb/repositories/anton-abyzov/0874-bulk-request-memory/src/lib/db.ts:256:24)\n' +
    '    at Object.get (/Users/antonabyzov/Projects/github/specweave-umb/repositories/anton-abyzov/0874-bulk-request-memory/src/lib/repo-identity-store.ts:32:22)\n' +
    '    at resolveRepoIdentity (/Users/antonabyzov/Projects/github/specweave-umb/repositories/anton-abyzov/0874-bulk-request-memory/src/db/dedup/repo-identity.ts:109:18)\n' +
    '    at handleBulkSubmission (/Users/antonabyzov/Projects/github/specweave-umb/repositories/anton-abyzov/0874-bulk-request-memory/src/app/api/v1/submissions/bulk/route.ts:394:14)\n' +
    '    at /Users/antonabyzov/Projects/github/specweave-umb/repositories/anton-abyzov/0874-bulk-request-memory/src/lib/db.ts:207:14\n' +
    '    at async Promise.all (index 17)\n' +
    '    at /Users/antonabyzov/Projects/github/specweave-umb/repositories/anton-abyzov/0874-bulk-request-memory/src/app/api/v1/submissions/bulk/__tests__/route.db-lifecycle.test.ts:96:21\n' +
    '    at file:///Users/antonabyzov/Projects/github/specweave-umb/repositories/anton-abyzov/0874-bulk-request-memory/node_modules/@vitest/runner/dist/chunk-hooks.js:752:20'
}
POST /api/v1/submissions/bulk error: {
  message: 'DATABASE_URL not configured (checked Hyperdrive, process.env, globalThis, worker context, and resolveEnv)',
  stack: 'Error: DATABASE_URL not configured (checked Hyperdrive, process.env, globalThis, worker context, and resolveEnv)\n' +
    '    at resolveFreshDatabaseConnection (/Users/antonabyzov/Projects/github/specweave-umb/repositories/anton-abyzov/0874-bulk-request-memory/src/lib/db.ts:175:11)\n' +
    '    at processTicksAndRejections (node:internal/process/task_queues:103:5)\n' +
    '    at getDb (/Users/antonabyzov/Projects/github/specweave-umb/repositories/anton-abyzov/0874-bulk-request-memory/src/lib/db.ts:256:24)\n' +
    '    at Object.get (/Users/antonabyzov/Projects/github/specweave-umb/repositories/anton-abyzov/0874-bulk-request-memory/src/lib/repo-identity-store.ts:32:22)\n' +
    '    at resolveRepoIdentity (/Users/antonabyzov/Projects/github/specweave-umb/repositories/anton-abyzov/0874-bulk-request-memory/src/db/dedup/repo-identity.ts:109:18)\n' +
    '    at handleBulkSubmission (/Users/antonabyzov/Projects/github/specweave-umb/repositories/anton-abyzov/0874-bulk-request-memory/src/app/api/v1/submissions/bulk/route.ts:394:14)\n' +
    '    at /Users/antonabyzov/Projects/github/specweave-umb/repositories/anton-abyzov/0874-bulk-request-memory/src/lib/db.ts:207:14\n' +
    '    at async Promise.all (index 18)\n' +
    '    at /Users/antonabyzov/Projects/github/specweave-umb/repositories/anton-abyzov/0874-bulk-request-memory/src/app/api/v1/submissions/bulk/__tests__/route.db-lifecycle.test.ts:96:21\n' +
    '    at file:///Users/antonabyzov/Projects/github/specweave-umb/repositories/anton-abyzov/0874-bulk-request-memory/node_modules/@vitest/runner/dist/chunk-hooks.js:752:20'
}
POST /api/v1/submissions/bulk error: {
  message: 'DATABASE_URL not configured (checked Hyperdrive, process.env, globalThis, worker context, and resolveEnv)',
  stack: 'Error: DATABASE_URL not configured (checked Hyperdrive, process.env, globalThis, worker context, and resolveEnv)\n' +
    '    at resolveFreshDatabaseConnection (/Users/antonabyzov/Projects/github/specweave-umb/repositories/anton-abyzov/0874-bulk-request-memory/src/lib/db.ts:175:11)\n' +
    '    at processTicksAndRejections (node:internal/process/task_queues:103:5)\n' +
    '    at getDb (/Users/antonabyzov/Projects/github/specweave-umb/repositories/anton-abyzov/0874-bulk-request-memory/src/lib/db.ts:256:24)\n' +
    '    at Object.get (/Users/antonabyzov/Projects/github/specweave-umb/repositories/anton-abyzov/0874-bulk-request-memory/src/lib/repo-identity-store.ts:32:22)\n' +
    '    at resolveRepoIdentity (/Users/antonabyzov/Projects/github/specweave-umb/repositories/anton-abyzov/0874-bulk-request-memory/src/db/dedup/repo-identity.ts:109:18)\n' +
    '    at handleBulkSubmission (/Users/antonabyzov/Projects/github/specweave-umb/repositories/anton-abyzov/0874-bulk-request-memory/src/app/api/v1/submissions/bulk/route.ts:394:14)\n' +
    '    at /Users/antonabyzov/Projects/github/specweave-umb/repositories/anton-abyzov/0874-bulk-request-memory/src/lib/db.ts:207:14\n' +
    '    at async Promise.all (index 19)\n' +
    '    at /Users/antonabyzov/Projects/github/specweave-umb/repositories/anton-abyzov/0874-bulk-request-memory/src/app/api/v1/submissions/bulk/__tests__/route.db-lifecycle.test.ts:96:21\n' +
    '    at file:///Users/antonabyzov/Projects/github/specweave-umb/repositories/anton-abyzov/0874-bulk-request-memory/node_modules/@vitest/runner/dist/chunk-hooks.js:752:20'
}
POST /api/v1/submissions/bulk error: {
  message: 'DATABASE_URL not configured (checked Hyperdrive, process.env, globalThis, worker context, and resolveEnv)',
  stack: 'Error: DATABASE_URL not configured (checked Hyperdrive, process.env, globalThis, worker context, and resolveEnv)\n' +
    '    at resolveFreshDatabaseConnection (/Users/antonabyzov/Projects/github/specweave-umb/repositories/anton-abyzov/0874-bulk-request-memory/src/lib/db.ts:175:11)\n' +
    '    at processTicksAndRejections (node:internal/process/task_queues:103:5)\n' +
    '    at getDb (/Users/antonabyzov/Projects/github/specweave-umb/repositories/anton-abyzov/0874-bulk-request-memory/src/lib/db.ts:256:24)\n' +
    '    at Object.get (/Users/antonabyzov/Projects/github/specweave-umb/repositories/anton-abyzov/0874-bulk-request-memory/src/lib/repo-identity-store.ts:32:22)\n' +
    '    at resolveRepoIdentity (/Users/antonabyzov/Projects/github/specweave-umb/repositories/anton-abyzov/0874-bulk-request-memory/src/db/dedup/repo-identity.ts:109:18)\n' +
    '    at handleBulkSubmission (/Users/antonabyzov/Projects/github/specweave-umb/repositories/anton-abyzov/0874-bulk-request-memory/src/app/api/v1/submissions/bulk/route.ts:394:14)\n' +
    '    at /Users/antonabyzov/Projects/github/specweave-umb/repositories/anton-abyzov/0874-bulk-request-memory/src/lib/db.ts:207:14\n' +
    '    at async Promise.all (index 20)\n' +
    '    at /Users/antonabyzov/Projects/github/specweave-umb/repositories/anton-abyzov/0874-bulk-request-memory/src/app/api/v1/submissions/bulk/__tests__/route.db-lifecycle.test.ts:96:21\n' +
    '    at file:///Users/antonabyzov/Projects/github/specweave-umb/repositories/anton-abyzov/0874-bulk-request-memory/node_modules/@vitest/runner/dist/chunk-hooks.js:752:20'
}
POST /api/v1/submissions/bulk error: {
  message: 'DATABASE_URL not configured (checked Hyperdrive, process.env, globalThis, worker context, and resolveEnv)',
  stack: 'Error: DATABASE_URL not configured (checked Hyperdrive, process.env, globalThis, worker context, and resolveEnv)\n' +
    '    at resolveFreshDatabaseConnection (/Users/antonabyzov/Projects/github/specweave-umb/repositories/anton-abyzov/0874-bulk-request-memory/src/lib/db.ts:175:11)\n' +
    '    at processTicksAndRejections (node:internal/process/task_queues:103:5)\n' +
    '    at getDb (/Users/antonabyzov/Projects/github/specweave-umb/repositories/anton-abyzov/0874-bulk-request-memory/src/lib/db.ts:256:24)\n' +
    '    at Object.get (/Users/antonabyzov/Projects/github/specweave-umb/repositories/anton-abyzov/0874-bulk-request-memory/src/lib/repo-identity-store.ts:32:22)\n' +
    '    at resolveRepoIdentity (/Users/antonabyzov/Projects/github/specweave-umb/repositories/anton-abyzov/0874-bulk-request-memory/src/db/dedup/repo-identity.ts:109:18)\n' +
    '    at handleBulkSubmission (/Users/antonabyzov/Projects/github/specweave-umb/repositories/anton-abyzov/0874-bulk-request-memory/src/app/api/v1/submissions/bulk/route.ts:394:14)\n' +
    '    at /Users/antonabyzov/Projects/github/specweave-umb/repositories/anton-abyzov/0874-bulk-request-memory/src/lib/db.ts:207:14\n' +
    '    at async Promise.all (index 21)\n' +
    '    at /Users/antonabyzov/Projects/github/specweave-umb/repositories/anton-abyzov/0874-bulk-request-memory/src/app/api/v1/submissions/bulk/__tests__/route.db-lifecycle.test.ts:96:21\n' +
    '    at file:///Users/antonabyzov/Projects/github/specweave-umb/repositories/anton-abyzov/0874-bulk-request-memory/node_modules/@vitest/runner/dist/chunk-hooks.js:752:20'
}
POST /api/v1/submissions/bulk error: {
  message: 'DATABASE_URL not configured (checked Hyperdrive, process.env, globalThis, worker context, and resolveEnv)',
  stack: 'Error: DATABASE_URL not configured (checked Hyperdrive, process.env, globalThis, worker context, and resolveEnv)\n' +
    '    at resolveFreshDatabaseConnection (/Users/antonabyzov/Projects/github/specweave-umb/repositories/anton-abyzov/0874-bulk-request-memory/src/lib/db.ts:175:11)\n' +
    '    at processTicksAndRejections (node:internal/process/task_queues:103:5)\n' +
    '    at getDb (/Users/antonabyzov/Projects/github/specweave-umb/repositories/anton-abyzov/0874-bulk-request-memory/src/lib/db.ts:256:24)\n' +
    '    at Object.get (/Users/antonabyzov/Projects/github/specweave-umb/repositories/anton-abyzov/0874-bulk-request-memory/src/lib/repo-identity-store.ts:32:22)\n' +
    '    at resolveRepoIdentity (/Users/antonabyzov/Projects/github/specweave-umb/repositories/anton-abyzov/0874-bulk-request-memory/src/db/dedup/repo-identity.ts:109:18)\n' +
    '    at handleBulkSubmission (/Users/antonabyzov/Projects/github/specweave-umb/repositories/anton-abyzov/0874-bulk-request-memory/src/app/api/v1/submissions/bulk/route.ts:394:14)\n' +
    '    at /Users/antonabyzov/Projects/github/specweave-umb/repositories/anton-abyzov/0874-bulk-request-memory/src/lib/db.ts:207:14\n' +
    '    at async Promise.all (index 22)\n' +
    '    at /Users/antonabyzov/Projects/github/specweave-umb/repositories/anton-abyzov/0874-bulk-request-memory/src/app/api/v1/submissions/bulk/__tests__/route.db-lifecycle.test.ts:96:21\n' +
    '    at file:///Users/antonabyzov/Projects/github/specweave-umb/repositories/anton-abyzov/0874-bulk-request-memory/node_modules/@vitest/runner/dist/chunk-hooks.js:752:20'
}
POST /api/v1/submissions/bulk error: {
  message: 'DATABASE_URL not configured (checked Hyperdrive, process.env, globalThis, worker context, and resolveEnv)',
  stack: 'Error: DATABASE_URL not configured (checked Hyperdrive, process.env, globalThis, worker context, and resolveEnv)\n' +
    '    at resolveFreshDatabaseConnection (/Users/antonabyzov/Projects/github/specweave-umb/repositories/anton-abyzov/0874-bulk-request-memory/src/lib/db.ts:175:11)\n' +
    '    at processTicksAndRejections (node:internal/process/task_queues:103:5)\n' +
    '    at getDb (/Users/antonabyzov/Projects/github/specweave-umb/repositories/anton-abyzov/0874-bulk-request-memory/src/lib/db.ts:256:24)\n' +
    '    at Object.get (/Users/antonabyzov/Projects/github/specweave-umb/repositories/anton-abyzov/0874-bulk-request-memory/src/lib/repo-identity-store.ts:32:22)\n' +
    '    at resolveRepoIdentity (/Users/antonabyzov/Projects/github/specweave-umb/repositories/anton-abyzov/0874-bulk-request-memory/src/db/dedup/repo-identity.ts:109:18)\n' +
    '    at handleBulkSubmission (/Users/antonabyzov/Projects/github/specweave-umb/repositories/anton-abyzov/0874-bulk-request-memory/src/app/api/v1/submissions/bulk/route.ts:394:14)\n' +
    '    at /Users/antonabyzov/Projects/github/specweave-umb/repositories/anton-abyzov/0874-bulk-request-memory/src/lib/db.ts:207:14\n' +
    '    at async Promise.all (index 23)\n' +
    '    at /Users/antonabyzov/Projects/github/specweave-umb/repositories/anton-abyzov/0874-bulk-request-memory/src/app/api/v1/submissions/bulk/__tests__/route.db-lifecycle.test.ts:96:21\n' +
    '    at file:///Users/antonabyzov/Projects/github/specweave-umb/repositories/anton-abyzov/0874-bulk-request-memory/node_modules/@vitest/runner/dist/chunk-hooks.js:752:20'
}
POST /api/v1/submissions/bulk error: {
  message: 'DATABASE_URL not configured (checked Hyperdrive, process.env, globalThis, worker context, and resolveEnv)',
  stack: 'Error: DATABASE_URL not configured (checked Hyperdrive, process.env, globalThis, worker context, and resolveEnv)\n' +
    '    at resolveFreshDatabaseConnection (/Users/antonabyzov/Projects/github/specweave-umb/repositories/anton-abyzov/0874-bulk-request-memory/src/lib/db.ts:175:11)\n' +
    '    at processTicksAndRejections (node:internal/process/task_queues:103:5)\n' +
    '    at getDb (/Users/antonabyzov/Projects/github/specweave-umb/repositories/anton-abyzov/0874-bulk-request-memory/src/lib/db.ts:256:24)\n' +
    '    at Object.get (/Users/antonabyzov/Projects/github/specweave-umb/repositories/anton-abyzov/0874-bulk-request-memory/src/lib/repo-identity-store.ts:32:22)\n' +
    '    at resolveRepoIdentity (/Users/antonabyzov/Projects/github/specweave-umb/repositories/anton-abyzov/0874-bulk-request-memory/src/db/dedup/repo-identity.ts:109:18)\n' +
    '    at handleBulkSubmission (/Users/antonabyzov/Projects/github/specweave-umb/repositories/anton-abyzov/0874-bulk-request-memory/src/app/api/v1/submissions/bulk/route.ts:394:14)\n' +
    '    at /Users/antonabyzov/Projects/github/specweave-umb/repositories/anton-abyzov/0874-bulk-request-memory/src/lib/db.ts:207:14\n' +
    '    at async Promise.all (index 24)\n' +
    '    at /Users/antonabyzov/Projects/github/specweave-umb/repositories/anton-abyzov/0874-bulk-request-memory/src/app/api/v1/submissions/bulk/__tests__/route.db-lifecycle.test.ts:96:21\n' +
    '    at file:///Users/antonabyzov/Projects/github/specweave-umb/repositories/anton-abyzov/0874-bulk-request-memory/node_modules/@vitest/runner/dist/chunk-hooks.js:752:20'
}
POST /api/v1/submissions/bulk error: {
  message: 'DATABASE_URL not configured (checked Hyperdrive, process.env, globalThis, worker context, and resolveEnv)',
  stack: 'Error: DATABASE_URL not configured (checked Hyperdrive, process.env, globalThis, worker context, and resolveEnv)\n' +
    '    at resolveFreshDatabaseConnection (/Users/antonabyzov/Projects/github/specweave-umb/repositories/anton-abyzov/0874-bulk-request-memory/src/lib/db.ts:175:11)\n' +
    '    at processTicksAndRejections (node:internal/process/task_queues:103:5)\n' +
    '    at getDb (/Users/antonabyzov/Projects/github/specweave-umb/repositories/anton-abyzov/0874-bulk-request-memory/src/lib/db.ts:256:24)\n' +
    '    at Object.get (/Users/antonabyzov/Projects/github/specweave-umb/repositories/anton-abyzov/0874-bulk-request-memory/src/lib/repo-identity-store.ts:32:22)\n' +
    '    at resolveRepoIdentity (/Users/antonabyzov/Projects/github/specweave-umb/repositories/anton-abyzov/0874-bulk-request-memory/src/db/dedup/repo-identity.ts:109:18)\n' +
    '    at handleBulkSubmission (/Users/antonabyzov/Projects/github/specweave-umb/repositories/anton-abyzov/0874-bulk-request-memory/src/app/api/v1/submissions/bulk/route.ts:394:14)\n' +
    '    at /Users/antonabyzov/Projects/github/specweave-umb/repositories/anton-abyzov/0874-bulk-request-memory/src/lib/db.ts:207:14\n' +
    '    at async Promise.all (index 25)\n' +
    '    at /Users/antonabyzov/Projects/github/specweave-umb/repositories/anton-abyzov/0874-bulk-request-memory/src/app/api/v1/submissions/bulk/__tests__/route.db-lifecycle.test.ts:96:21\n' +
    '    at file:///Users/antonabyzov/Projects/github/specweave-umb/repositories/anton-abyzov/0874-bulk-request-memory/node_modules/@vitest/runner/dist/chunk-hooks.js:752:20'
}
POST /api/v1/submissions/bulk error: {
  message: 'DATABASE_URL not configured (checked Hyperdrive, process.env, globalThis, worker context, and resolveEnv)',
  stack: 'Error: DATABASE_URL not configured (checked Hyperdrive, process.env, globalThis, worker context, and resolveEnv)\n' +
    '    at resolveFreshDatabaseConnection (/Users/antonabyzov/Projects/github/specweave-umb/repositories/anton-abyzov/0874-bulk-request-memory/src/lib/db.ts:175:11)\n' +
    '    at processTicksAndRejections (node:internal/process/task_queues:103:5)\n' +
    '    at getDb (/Users/antonabyzov/Projects/github/specweave-umb/repositories/anton-abyzov/0874-bulk-request-memory/src/lib/db.ts:256:24)\n' +
    '    at Object.get (/Users/antonabyzov/Projects/github/specweave-umb/repositories/anton-abyzov/0874-bulk-request-memory/src/lib/repo-identity-store.ts:32:22)\n' +
    '    at resolveRepoIdentity (/Users/antonabyzov/Projects/github/specweave-umb/repositories/anton-abyzov/0874-bulk-request-memory/src/db/dedup/repo-identity.ts:109:18)\n' +
    '    at handleBulkSubmission (/Users/antonabyzov/Projects/github/specweave-umb/repositories/anton-abyzov/0874-bulk-request-memory/src/app/api/v1/submissions/bulk/route.ts:394:14)\n' +
    '    at /Users/antonabyzov/Projects/github/specweave-umb/repositories/anton-abyzov/0874-bulk-request-memory/src/lib/db.ts:207:14\n' +
    '    at async Promise.all (index 26)\n' +
    '    at /Users/antonabyzov/Projects/github/specweave-umb/repositories/anton-abyzov/0874-bulk-request-memory/src/app/api/v1/submissions/bulk/__tests__/route.db-lifecycle.test.ts:96:21\n' +
    '    at file:///Users/antonabyzov/Projects/github/specweave-umb/repositories/anton-abyzov/0874-bulk-request-memory/node_modules/@vitest/runner/dist/chunk-hooks.js:752:20'
}
POST /api/v1/submissions/bulk error: {
  message: 'DATABASE_URL not configured (checked Hyperdrive, process.env, globalThis, worker context, and resolveEnv)',
  stack: 'Error: DATABASE_URL not configured (checked Hyperdrive, process.env, globalThis, worker context, and resolveEnv)\n' +
    '    at resolveFreshDatabaseConnection (/Users/antonabyzov/Projects/github/specweave-umb/repositories/anton-abyzov/0874-bulk-request-memory/src/lib/db.ts:175:11)\n' +
    '    at processTicksAndRejections (node:internal/process/task_queues:103:5)\n' +
    '    at getDb (/Users/antonabyzov/Projects/github/specweave-umb/repositories/anton-abyzov/0874-bulk-request-memory/src/lib/db.ts:256:24)\n' +
    '    at Object.get (/Users/antonabyzov/Projects/github/specweave-umb/repositories/anton-abyzov/0874-bulk-request-memory/src/lib/repo-identity-store.ts:32:22)\n' +
    '    at resolveRepoIdentity (/Users/antonabyzov/Projects/github/specweave-umb/repositories/anton-abyzov/0874-bulk-request-memory/src/db/dedup/repo-identity.ts:109:18)\n' +
    '    at handleBulkSubmission (/Users/antonabyzov/Projects/github/specweave-umb/repositories/anton-abyzov/0874-bulk-request-memory/src/app/api/v1/submissions/bulk/route.ts:394:14)\n' +
    '    at /Users/antonabyzov/Projects/github/specweave-umb/repositories/anton-abyzov/0874-bulk-request-memory/src/lib/db.ts:207:14\n' +
    '    at async Promise.all (index 27)\n' +
    '    at /Users/antonabyzov/Projects/github/specweave-umb/repositories/anton-abyzov/0874-bulk-request-memory/src/app/api/v1/submissions/bulk/__tests__/route.db-lifecycle.test.ts:96:21\n' +
    '    at file:///Users/antonabyzov/Projects/github/specweave-umb/repositories/anton-abyzov/0874-bulk-request-memory/node_modules/@vitest/runner/dist/chunk-hooks.js:752:20'
}
POST /api/v1/submissions/bulk error: {
  message: 'DATABASE_URL not configured (checked Hyperdrive, process.env, globalThis, worker context, and resolveEnv)',
  stack: 'Error: DATABASE_URL not configured (checked Hyperdrive, process.env, globalThis, worker context, and resolveEnv)\n' +
    '    at resolveFreshDatabaseConnection (/Users/antonabyzov/Projects/github/specweave-umb/repositories/anton-abyzov/0874-bulk-request-memory/src/lib/db.ts:175:11)\n' +
    '    at processTicksAndRejections (node:internal/process/task_queues:103:5)\n' +
    '    at getDb (/Users/antonabyzov/Projects/github/specweave-umb/repositories/anton-abyzov/0874-bulk-request-memory/src/lib/db.ts:256:24)\n' +
    '    at Object.get (/Users/antonabyzov/Projects/github/specweave-umb/repositories/anton-abyzov/0874-bulk-request-memory/src/lib/repo-identity-store.ts:32:22)\n' +
    '    at resolveRepoIdentity (/Users/antonabyzov/Projects/github/specweave-umb/repositories/anton-abyzov/0874-bulk-request-memory/src/db/dedup/repo-identity.ts:109:18)\n' +
    '    at handleBulkSubmission (/Users/antonabyzov/Projects/github/specweave-umb/repositories/anton-abyzov/0874-bulk-request-memory/src/app/api/v1/submissions/bulk/route.ts:394:14)\n' +
    '    at /Users/antonabyzov/Projects/github/specweave-umb/repositories/anton-abyzov/0874-bulk-request-memory/src/lib/db.ts:207:14\n' +
    '    at async Promise.all (index 28)\n' +
    '    at /Users/antonabyzov/Projects/github/specweave-umb/repositories/anton-abyzov/0874-bulk-request-memory/src/app/api/v1/submissions/bulk/__tests__/route.db-lifecycle.test.ts:96:21\n' +
    '    at file:///Users/antonabyzov/Projects/github/specweave-umb/repositories/anton-abyzov/0874-bulk-request-memory/node_modules/@vitest/runner/dist/chunk-hooks.js:752:20'
}
POST /api/v1/submissions/bulk error: {
  message: 'DATABASE_URL not configured (checked Hyperdrive, process.env, globalThis, worker context, and resolveEnv)',
  stack: 'Error: DATABASE_URL not configured (checked Hyperdrive, process.env, globalThis, worker context, and resolveEnv)\n' +
    '    at resolveFreshDatabaseConnection (/Users/antonabyzov/Projects/github/specweave-umb/repositories/anton-abyzov/0874-bulk-request-memory/src/lib/db.ts:175:11)\n' +
    '    at processTicksAndRejections (node:internal/process/task_queues:103:5)\n' +
    '    at getDb (/Users/antonabyzov/Projects/github/specweave-umb/repositories/anton-abyzov/0874-bulk-request-memory/src/lib/db.ts:256:24)\n' +
    '    at Object.get (/Users/antonabyzov/Projects/github/specweave-umb/repositories/anton-abyzov/0874-bulk-request-memory/src/lib/repo-identity-store.ts:32:22)\n' +
    '    at resolveRepoIdentity (/Users/antonabyzov/Projects/github/specweave-umb/repositories/anton-abyzov/0874-bulk-request-memory/src/db/dedup/repo-identity.ts:109:18)\n' +
    '    at handleBulkSubmission (/Users/antonabyzov/Projects/github/specweave-umb/repositories/anton-abyzov/0874-bulk-request-memory/src/app/api/v1/submissions/bulk/route.ts:394:14)\n' +
    '    at /Users/antonabyzov/Projects/github/specweave-umb/repositories/anton-abyzov/0874-bulk-request-memory/src/lib/db.ts:207:14\n' +
    '    at async Promise.all (index 29)\n' +
    '    at /Users/antonabyzov/Projects/github/specweave-umb/repositories/anton-abyzov/0874-bulk-request-memory/src/app/api/v1/submissions/bulk/__tests__/route.db-lifecycle.test.ts:96:21\n' +
    '    at file:///Users/antonabyzov/Projects/github/specweave-umb/repositories/anton-abyzov/0874-bulk-request-memory/node_modules/@vitest/runner/dist/chunk-hooks.js:752:20'
}
POST /api/v1/submissions/bulk error: {
  message: 'DATABASE_URL not configured (checked Hyperdrive, process.env, globalThis, worker context, and resolveEnv)',
  stack: 'Error: DATABASE_URL not configured (checked Hyperdrive, process.env, globalThis, worker context, and resolveEnv)\n' +
    '    at resolveFreshDatabaseConnection (/Users/antonabyzov/Projects/github/specweave-umb/repositories/anton-abyzov/0874-bulk-request-memory/src/lib/db.ts:175:11)\n' +
    '    at processTicksAndRejections (node:internal/process/task_queues:103:5)\n' +
    '    at getDb (/Users/antonabyzov/Projects/github/specweave-umb/repositories/anton-abyzov/0874-bulk-request-memory/src/lib/db.ts:256:24)\n' +
    '    at Object.get (/Users/antonabyzov/Projects/github/specweave-umb/repositories/anton-abyzov/0874-bulk-request-memory/src/lib/repo-identity-store.ts:32:22)\n' +
    '    at resolveRepoIdentity (/Users/antonabyzov/Projects/github/specweave-umb/repositories/anton-abyzov/0874-bulk-request-memory/src/db/dedup/repo-identity.ts:109:18)\n' +
    '    at handleBulkSubmission (/Users/antonabyzov/Projects/github/specweave-umb/repositories/anton-abyzov/0874-bulk-request-memory/src/app/api/v1/submissions/bulk/route.ts:394:14)\n' +
    '    at /Users/antonabyzov/Projects/github/specweave-umb/repositories/anton-abyzov/0874-bulk-request-memory/src/lib/db.ts:207:14\n' +
    '    at async Promise.all (index 30)\n' +
    '    at /Users/antonabyzov/Projects/github/specweave-umb/repositories/anton-abyzov/0874-bulk-request-memory/src/app/api/v1/submissions/bulk/__tests__/route.db-lifecycle.test.ts:96:21\n' +
    '    at file:///Users/antonabyzov/Projects/github/specweave-umb/repositories/anton-abyzov/0874-bulk-request-memory/node_modules/@vitest/runner/dist/chunk-hooks.js:752:20'
}
POST /api/v1/submissions/bulk error: {
  message: 'DATABASE_URL not configured (checked Hyperdrive, process.env, globalThis, worker context, and resolveEnv)',
  stack: 'Error: DATABASE_URL not configured (checked Hyperdrive, process.env, globalThis, worker context, and resolveEnv)\n' +
    '    at resolveFreshDatabaseConnection (/Users/antonabyzov/Projects/github/specweave-umb/repositories/anton-abyzov/0874-bulk-request-memory/src/lib/db.ts:175:11)\n' +
    '    at processTicksAndRejections (node:internal/process/task_queues:103:5)\n' +
    '    at getDb (/Users/antonabyzov/Projects/github/specweave-umb/repositories/anton-abyzov/0874-bulk-request-memory/src/lib/db.ts:256:24)\n' +
    '    at Object.get (/Users/antonabyzov/Projects/github/specweave-umb/repositories/anton-abyzov/0874-bulk-request-memory/src/lib/repo-identity-store.ts:32:22)\n' +
    '    at resolveRepoIdentity (/Users/antonabyzov/Projects/github/specweave-umb/repositories/anton-abyzov/0874-bulk-request-memory/src/db/dedup/repo-identity.ts:109:18)\n' +
    '    at handleBulkSubmission (/Users/antonabyzov/Projects/github/specweave-umb/repositories/anton-abyzov/0874-bulk-request-memory/src/app/api/v1/submissions/bulk/route.ts:394:14)\n' +
    '    at /Users/antonabyzov/Projects/github/specweave-umb/repositories/anton-abyzov/0874-bulk-request-memory/src/lib/db.ts:207:14\n' +
    '    at async Promise.all (index 31)\n' +
    '    at /Users/antonabyzov/Projects/github/specweave-umb/repositories/anton-abyzov/0874-bulk-request-memory/src/app/api/v1/submissions/bulk/__tests__/route.db-lifecycle.test.ts:96:21\n' +
    '    at file:///Users/antonabyzov/Projects/github/specweave-umb/repositories/anton-abyzov/0874-bulk-request-memory/node_modules/@vitest/runner/dist/chunk-hooks.js:752:20'
}
POST /api/v1/submissions/bulk error: {
  message: 'DATABASE_URL not configured (checked Hyperdrive, process.env, globalThis, worker context, and resolveEnv)',
  stack: 'Error: DATABASE_URL not configured (checked Hyperdrive, process.env, globalThis, worker context, and resolveEnv)\n' +
    '    at resolveFreshDatabaseConnection (/Users/antonabyzov/Projects/github/specweave-umb/repositories/anton-abyzov/0874-bulk-request-memory/src/lib/db.ts:175:11)\n' +
    '    at processTicksAndRejections (node:internal/process/task_queues:103:5)\n' +
    '    at getDb (/Users/antonabyzov/Projects/github/specweave-umb/repositories/anton-abyzov/0874-bulk-request-memory/src/lib/db.ts:256:24)\n' +
    '    at Object.get (/Users/antonabyzov/Projects/github/specweave-umb/repositories/anton-abyzov/0874-bulk-request-memory/src/lib/repo-identity-store.ts:32:22)\n' +
    '    at resolveRepoIdentity (/Users/antonabyzov/Projects/github/specweave-umb/repositories/anton-abyzov/0874-bulk-request-memory/src/db/dedup/repo-identity.ts:109:18)\n' +
    '    at handleBulkSubmission (/Users/antonabyzov/Projects/github/specweave-umb/repositories/anton-abyzov/0874-bulk-request-memory/src/app/api/v1/submissions/bulk/route.ts:394:14)\n' +
    '    at /Users/antonabyzov/Projects/github/specweave-umb/repositories/anton-abyzov/0874-bulk-request-memory/src/lib/db.ts:207:14\n' +
    '    at async Promise.all (index 32)\n' +
    '    at /Users/antonabyzov/Projects/github/specweave-umb/repositories/anton-abyzov/0874-bulk-request-memory/src/app/api/v1/submissions/bulk/__tests__/route.db-lifecycle.test.ts:96:21\n' +
    '    at file:///Users/antonabyzov/Projects/github/specweave-umb/repositories/anton-abyzov/0874-bulk-request-memory/node_modules/@vitest/runner/dist/chunk-hooks.js:752:20'
}
POST /api/v1/submissions/bulk error: {
  message: 'DATABASE_URL not configured (checked Hyperdrive, process.env, globalThis, worker context, and resolveEnv)',
  stack: 'Error: DATABASE_URL not configured (checked Hyperdrive, process.env, globalThis, worker context, and resolveEnv)\n' +
    '    at resolveFreshDatabaseConnection (/Users/antonabyzov/Projects/github/specweave-umb/repositories/anton-abyzov/0874-bulk-request-memory/src/lib/db.ts:175:11)\n' +
    '    at processTicksAndRejections (node:internal/process/task_queues:103:5)\n' +
    '    at getDb (/Users/antonabyzov/Projects/github/specweave-umb/repositories/anton-abyzov/0874-bulk-request-memory/src/lib/db.ts:256:24)\n' +
    '    at Object.get (/Users/antonabyzov/Projects/github/specweave-umb/repositories/anton-abyzov/0874-bulk-request-memory/src/lib/repo-identity-store.ts:32:22)\n' +
    '    at resolveRepoIdentity (/Users/antonabyzov/Projects/github/specweave-umb/repositories/anton-abyzov/0874-bulk-request-memory/src/db/dedup/repo-identity.ts:109:18)\n' +
    '    at handleBulkSubmission (/Users/antonabyzov/Projects/github/specweave-umb/repositories/anton-abyzov/0874-bulk-request-memory/src/app/api/v1/submissions/bulk/route.ts:394:14)\n' +
    '    at /Users/antonabyzov/Projects/github/specweave-umb/repositories/anton-abyzov/0874-bulk-request-memory/src/lib/db.ts:207:14\n' +
    '    at async Promise.all (index 33)\n' +
    '    at /Users/antonabyzov/Projects/github/specweave-umb/repositories/anton-abyzov/0874-bulk-request-memory/src/app/api/v1/submissions/bulk/__tests__/route.db-lifecycle.test.ts:96:21\n' +
    '    at file:///Users/antonabyzov/Projects/github/specweave-umb/repositories/anton-abyzov/0874-bulk-request-memory/node_modules/@vitest/runner/dist/chunk-hooks.js:752:20'
}
POST /api/v1/submissions/bulk error: {
  message: 'DATABASE_URL not configured (checked Hyperdrive, process.env, globalThis, worker context, and resolveEnv)',
  stack: 'Error: DATABASE_URL not configured (checked Hyperdrive, process.env, globalThis, worker context, and resolveEnv)\n' +
    '    at resolveFreshDatabaseConnection (/Users/antonabyzov/Projects/github/specweave-umb/repositories/anton-abyzov/0874-bulk-request-memory/src/lib/db.ts:175:11)\n' +
    '    at processTicksAndRejections (node:internal/process/task_queues:103:5)\n' +
    '    at getDb (/Users/antonabyzov/Projects/github/specweave-umb/repositories/anton-abyzov/0874-bulk-request-memory/src/lib/db.ts:256:24)\n' +
    '    at Object.get (/Users/antonabyzov/Projects/github/specweave-umb/repositories/anton-abyzov/0874-bulk-request-memory/src/lib/repo-identity-store.ts:32:22)\n' +
    '    at resolveRepoIdentity (/Users/antonabyzov/Projects/github/specweave-umb/repositories/anton-abyzov/0874-bulk-request-memory/src/db/dedup/repo-identity.ts:109:18)\n' +
    '    at handleBulkSubmission (/Users/antonabyzov/Projects/github/specweave-umb/repositories/anton-abyzov/0874-bulk-request-memory/src/app/api/v1/submissions/bulk/route.ts:394:14)\n' +
    '    at /Users/antonabyzov/Projects/github/specweave-umb/repositories/anton-abyzov/0874-bulk-request-memory/src/lib/db.ts:207:14\n' +
    '    at async Promise.all (index 34)\n' +
    '    at /Users/antonabyzov/Projects/github/specweave-umb/repositories/anton-abyzov/0874-bulk-request-memory/src/app/api/v1/submissions/bulk/__tests__/route.db-lifecycle.test.ts:96:21\n' +
    '    at file:///Users/antonabyzov/Projects/github/specweave-umb/repositories/anton-abyzov/0874-bulk-request-memory/node_modules/@vitest/runner/dist/chunk-hooks.js:752:20'
}

stderr | src/app/api/v1/submissions/bulk/__tests__/route.db-lifecycle.test.ts > isolates simultaneous HTTP handlers and disposes each owned client
[bulk] Failed to create submission: https://github.com/fixture/repo-0 skill-0 DATABASE_URL not configured (checked Hyperdrive, process.env, globalThis, worker context, and resolveEnv)

stderr | src/app/api/v1/submissions/bulk/__tests__/route.db-lifecycle.test.ts > isolates simultaneous HTTP handlers and disposes each owned client
POST /api/v1/submissions/bulk error: {
  message: 'DATABASE_URL not configured (checked Hyperdrive, process.env, globalThis, worker context, and resolveEnv)',
  stack: 'Error: DATABASE_URL not configured (checked Hyperdrive, process.env, globalThis, worker context, and resolveEnv)\n' +
    '    at resolveFreshDatabaseConnection (/Users/antonabyzov/Projects/github/specweave-umb/repositories/anton-abyzov/0874-bulk-request-memory/src/lib/db.ts:175:11)\n' +
    '    at processTicksAndRejections (node:internal/process/task_queues:103:5)\n' +
    '    at getDb (/Users/antonabyzov/Projects/github/specweave-umb/repositories/anton-abyzov/0874-bulk-request-memory/src/lib/db.ts:256:24)\n' +
    '    at Object.get (/Users/antonabyzov/Projects/github/specweave-umb/repositories/anton-abyzov/0874-bulk-request-memory/src/lib/repo-identity-store.ts:32:22)\n' +
    '    at resolveRepoIdentity (/Users/antonabyzov/Projects/github/specweave-umb/repositories/anton-abyzov/0874-bulk-request-memory/src/db/dedup/repo-identity.ts:109:18)\n' +
    '    at handleBulkSubmission (/Users/antonabyzov/Projects/github/specweave-umb/repositories/anton-abyzov/0874-bulk-request-memory/src/app/api/v1/submissions/bulk/route.ts:394:14)\n' +
    '    at /Users/antonabyzov/Projects/github/specweave-umb/repositories/anton-abyzov/0874-bulk-request-memory/src/lib/db.ts:207:14\n' +
    '    at async Promise.all (index 36)\n' +
    '    at /Users/antonabyzov/Projects/github/specweave-umb/repositories/anton-abyzov/0874-bulk-request-memory/src/app/api/v1/submissions/bulk/__tests__/route.db-lifecycle.test.ts:96:21\n' +
    '    at file:///Users/antonabyzov/Projects/github/specweave-umb/repositories/anton-abyzov/0874-bulk-request-memory/node_modules/@vitest/runner/dist/chunk-hooks.js:752:20'
}
POST /api/v1/submissions/bulk error: {
  message: 'DATABASE_URL not configured (checked Hyperdrive, process.env, globalThis, worker context, and resolveEnv)',
  stack: 'Error: DATABASE_URL not configured (checked Hyperdrive, process.env, globalThis, worker context, and resolveEnv)\n' +
    '    at resolveFreshDatabaseConnection (/Users/antonabyzov/Projects/github/specweave-umb/repositories/anton-abyzov/0874-bulk-request-memory/src/lib/db.ts:175:11)\n' +
    '    at processTicksAndRejections (node:internal/process/task_queues:103:5)\n' +
    '    at getDb (/Users/antonabyzov/Projects/github/specweave-umb/repositories/anton-abyzov/0874-bulk-request-memory/src/lib/db.ts:256:24)\n' +
    '    at Object.get (/Users/antonabyzov/Projects/github/specweave-umb/repositories/anton-abyzov/0874-bulk-request-memory/src/lib/repo-identity-store.ts:32:22)\n' +
    '    at resolveRepoIdentity (/Users/antonabyzov/Projects/github/specweave-umb/repositories/anton-abyzov/0874-bulk-request-memory/src/db/dedup/repo-identity.ts:109:18)\n' +
    '    at handleBulkSubmission (/Users/antonabyzov/Projects/github/specweave-umb/repositories/anton-abyzov/0874-bulk-request-memory/src/app/api/v1/submissions/bulk/route.ts:394:14)\n' +
    '    at /Users/antonabyzov/Projects/github/specweave-umb/repositories/anton-abyzov/0874-bulk-request-memory/src/lib/db.ts:207:14\n' +
    '    at async Promise.all (index 37)\n' +
    '    at /Users/antonabyzov/Projects/github/specweave-umb/repositories/anton-abyzov/0874-bulk-request-memory/src/app/api/v1/submissions/bulk/__tests__/route.db-lifecycle.test.ts:96:21\n' +
    '    at file:///Users/antonabyzov/Projects/github/specweave-umb/repositories/anton-abyzov/0874-bulk-request-memory/node_modules/@vitest/runner/dist/chunk-hooks.js:752:20'
}
POST /api/v1/submissions/bulk error: {
  message: 'DATABASE_URL not configured (checked Hyperdrive, process.env, globalThis, worker context, and resolveEnv)',
  stack: 'Error: DATABASE_URL not configured (checked Hyperdrive, process.env, globalThis, worker context, and resolveEnv)\n' +
    '    at resolveFreshDatabaseConnection (/Users/antonabyzov/Projects/github/specweave-umb/repositories/anton-abyzov/0874-bulk-request-memory/src/lib/db.ts:175:11)\n' +
    '    at processTicksAndRejections (node:internal/process/task_queues:103:5)\n' +
    '    at getDb (/Users/antonabyzov/Projects/github/specweave-umb/repositories/anton-abyzov/0874-bulk-request-memory/src/lib/db.ts:256:24)\n' +
    '    at Object.get (/Users/antonabyzov/Projects/github/specweave-umb/repositories/anton-abyzov/0874-bulk-request-memory/src/lib/repo-identity-store.ts:32:22)\n' +
    '    at resolveRepoIdentity (/Users/antonabyzov/Projects/github/specweave-umb/repositories/anton-abyzov/0874-bulk-request-memory/src/db/dedup/repo-identity.ts:109:18)\n' +
    '    at handleBulkSubmission (/Users/antonabyzov/Projects/github/specweave-umb/repositories/anton-abyzov/0874-bulk-request-memory/src/app/api/v1/submissions/bulk/route.ts:394:14)\n' +
    '    at /Users/antonabyzov/Projects/github/specweave-umb/repositories/anton-abyzov/0874-bulk-request-memory/src/lib/db.ts:207:14\n' +
    '    at async Promise.all (index 38)\n' +
    '    at /Users/antonabyzov/Projects/github/specweave-umb/repositories/anton-abyzov/0874-bulk-request-memory/src/app/api/v1/submissions/bulk/__tests__/route.db-lifecycle.test.ts:96:21\n' +
    '    at file:///Users/antonabyzov/Projects/github/specweave-umb/repositories/anton-abyzov/0874-bulk-request-memory/node_modules/@vitest/runner/dist/chunk-hooks.js:752:20'
}
POST /api/v1/submissions/bulk error: {
  message: 'DATABASE_URL not configured (checked Hyperdrive, process.env, globalThis, worker context, and resolveEnv)',
  stack: 'Error: DATABASE_URL not configured (checked Hyperdrive, process.env, globalThis, worker context, and resolveEnv)\n' +
    '    at resolveFreshDatabaseConnection (/Users/antonabyzov/Projects/github/specweave-umb/repositories/anton-abyzov/0874-bulk-request-memory/src/lib/db.ts:175:11)\n' +
    '    at processTicksAndRejections (node:internal/process/task_queues:103:5)\n' +
    '    at getDb (/Users/antonabyzov/Projects/github/specweave-umb/repositories/anton-abyzov/0874-bulk-request-memory/src/lib/db.ts:256:24)\n' +
    '    at Object.get (/Users/antonabyzov/Projects/github/specweave-umb/repositories/anton-abyzov/0874-bulk-request-memory/src/lib/repo-identity-store.ts:32:22)\n' +
    '    at resolveRepoIdentity (/Users/antonabyzov/Projects/github/specweave-umb/repositories/anton-abyzov/0874-bulk-request-memory/src/db/dedup/repo-identity.ts:109:18)\n' +
    '    at handleBulkSubmission (/Users/antonabyzov/Projects/github/specweave-umb/repositories/anton-abyzov/0874-bulk-request-memory/src/app/api/v1/submissions/bulk/route.ts:394:14)\n' +
    '    at /Users/antonabyzov/Projects/github/specweave-umb/repositories/anton-abyzov/0874-bulk-request-memory/src/lib/db.ts:207:14\n' +
    '    at async Promise.all (index 39)\n' +
    '    at /Users/antonabyzov/Projects/github/specweave-umb/repositories/anton-abyzov/0874-bulk-request-memory/src/app/api/v1/submissions/bulk/__tests__/route.db-lifecycle.test.ts:96:21\n' +
    '    at file:///Users/antonabyzov/Projects/github/specweave-umb/repositories/anton-abyzov/0874-bulk-request-memory/node_modules/@vitest/runner/dist/chunk-hooks.js:752:20'
}
POST /api/v1/submissions/bulk error: {
  message: 'DATABASE_URL not configured (checked Hyperdrive, process.env, globalThis, worker context, and resolveEnv)',
  stack: 'Error: DATABASE_URL not configured (checked Hyperdrive, process.env, globalThis, worker context, and resolveEnv)\n' +
    '    at resolveFreshDatabaseConnection (/Users/antonabyzov/Projects/github/specweave-umb/repositories/anton-abyzov/0874-bulk-request-memory/src/lib/db.ts:175:11)\n' +
    '    at processTicksAndRejections (node:internal/process/task_queues:103:5)\n' +
    '    at getDb (/Users/antonabyzov/Projects/github/specweave-umb/repositories/anton-abyzov/0874-bulk-request-memory/src/lib/db.ts:256:24)\n' +
    '    at Object.get (/Users/antonabyzov/Projects/github/specweave-umb/repositories/anton-abyzov/0874-bulk-request-memory/src/lib/repo-identity-store.ts:32:22)\n' +
    '    at resolveRepoIdentity (/Users/antonabyzov/Projects/github/specweave-umb/repositories/anton-abyzov/0874-bulk-request-memory/src/db/dedup/repo-identity.ts:109:18)\n' +
    '    at handleBulkSubmission (/Users/antonabyzov/Projects/github/specweave-umb/repositories/anton-abyzov/0874-bulk-request-memory/src/app/api/v1/submissions/bulk/route.ts:394:14)\n' +
    '    at /Users/antonabyzov/Projects/github/specweave-umb/repositories/anton-abyzov/0874-bulk-request-memory/src/lib/db.ts:207:14\n' +
    '    at async Promise.all (index 40)\n' +
    '    at /Users/antonabyzov/Projects/github/specweave-umb/repositories/anton-abyzov/0874-bulk-request-memory/src/app/api/v1/submissions/bulk/__tests__/route.db-lifecycle.test.ts:96:21\n' +
    '    at file:///Users/antonabyzov/Projects/github/specweave-umb/repositories/anton-abyzov/0874-bulk-request-memory/node_modules/@vitest/runner/dist/chunk-hooks.js:752:20'
}
POST /api/v1/submissions/bulk error: {
  message: 'DATABASE_URL not configured (checked Hyperdrive, process.env, globalThis, worker context, and resolveEnv)',
  stack: 'Error: DATABASE_URL not configured (checked Hyperdrive, process.env, globalThis, worker context, and resolveEnv)\n' +
    '    at resolveFreshDatabaseConnection (/Users/antonabyzov/Projects/github/specweave-umb/repositories/anton-abyzov/0874-bulk-request-memory/src/lib/db.ts:175:11)\n' +
    '    at processTicksAndRejections (node:internal/process/task_queues:103:5)\n' +
    '    at getDb (/Users/antonabyzov/Projects/github/specweave-umb/repositories/anton-abyzov/0874-bulk-request-memory/src/lib/db.ts:256:24)\n' +
    '    at Object.get (/Users/antonabyzov/Projects/github/specweave-umb/repositories/anton-abyzov/0874-bulk-request-memory/src/lib/repo-identity-store.ts:32:22)\n' +
    '    at resolveRepoIdentity (/Users/antonabyzov/Projects/github/specweave-umb/repositories/anton-abyzov/0874-bulk-request-memory/src/db/dedup/repo-identity.ts:109:18)\n' +
    '    at handleBulkSubmission (/Users/antonabyzov/Projects/github/specweave-umb/repositories/anton-abyzov/0874-bulk-request-memory/src/app/api/v1/submissions/bulk/route.ts:394:14)\n' +
    '    at /Users/antonabyzov/Projects/github/specweave-umb/repositories/anton-abyzov/0874-bulk-request-memory/src/lib/db.ts:207:14\n' +
    '    at async Promise.all (index 41)\n' +
    '    at /Users/antonabyzov/Projects/github/specweave-umb/repositories/anton-abyzov/0874-bulk-request-memory/src/app/api/v1/submissions/bulk/__tests__/route.db-lifecycle.test.ts:96:21\n' +
    '    at file:///Users/antonabyzov/Projects/github/specweave-umb/repositories/anton-abyzov/0874-bulk-request-memory/node_modules/@vitest/runner/dist/chunk-hooks.js:752:20'
}
POST /api/v1/submissions/bulk error: {
  message: 'DATABASE_URL not configured (checked Hyperdrive, process.env, globalThis, worker context, and resolveEnv)',
  stack: 'Error: DATABASE_URL not configured (checked Hyperdrive, process.env, globalThis, worker context, and resolveEnv)\n' +
    '    at resolveFreshDatabaseConnection (/Users/antonabyzov/Projects/github/specweave-umb/repositories/anton-abyzov/0874-bulk-request-memory/src/lib/db.ts:175:11)\n' +
    '    at processTicksAndRejections (node:internal/process/task_queues:103:5)\n' +
    '    at getDb (/Users/antonabyzov/Projects/github/specweave-umb/repositories/anton-abyzov/0874-bulk-request-memory/src/lib/db.ts:256:24)\n' +
    '    at Object.get (/Users/antonabyzov/Projects/github/specweave-umb/repositories/anton-abyzov/0874-bulk-request-memory/src/lib/repo-identity-store.ts:32:22)\n' +
    '    at resolveRepoIdentity (/Users/antonabyzov/Projects/github/specweave-umb/repositories/anton-abyzov/0874-bulk-request-memory/src/db/dedup/repo-identity.ts:109:18)\n' +
    '    at handleBulkSubmission (/Users/antonabyzov/Projects/github/specweave-umb/repositories/anton-abyzov/0874-bulk-request-memory/src/app/api/v1/submissions/bulk/route.ts:394:14)\n' +
    '    at /Users/antonabyzov/Projects/github/specweave-umb/repositories/anton-abyzov/0874-bulk-request-memory/src/lib/db.ts:207:14\n' +
    '    at async Promise.all (index 42)\n' +
    '    at /Users/antonabyzov/Projects/github/specweave-umb/repositories/anton-abyzov/0874-bulk-request-memory/src/app/api/v1/submissions/bulk/__tests__/route.db-lifecycle.test.ts:96:21\n' +
    '    at file:///Users/antonabyzov/Projects/github/specweave-umb/repositories/anton-abyzov/0874-bulk-request-memory/node_modules/@vitest/runner/dist/chunk-hooks.js:752:20'
}
POST /api/v1/submissions/bulk error: {
  message: 'DATABASE_URL not configured (checked Hyperdrive, process.env, globalThis, worker context, and resolveEnv)',
  stack: 'Error: DATABASE_URL not configured (checked Hyperdrive, process.env, globalThis, worker context, and resolveEnv)\n' +
    '    at resolveFreshDatabaseConnection (/Users/antonabyzov/Projects/github/specweave-umb/repositories/anton-abyzov/0874-bulk-request-memory/src/lib/db.ts:175:11)\n' +
    '    at processTicksAndRejections (node:internal/process/task_queues:103:5)\n' +
    '    at getDb (/Users/antonabyzov/Projects/github/specweave-umb/repositories/anton-abyzov/0874-bulk-request-memory/src/lib/db.ts:256:24)\n' +
    '    at Object.get (/Users/antonabyzov/Projects/github/specweave-umb/repositories/anton-abyzov/0874-bulk-request-memory/src/lib/repo-identity-store.ts:32:22)\n' +
    '    at resolveRepoIdentity (/Users/antonabyzov/Projects/github/specweave-umb/repositories/anton-abyzov/0874-bulk-request-memory/src/db/dedup/repo-identity.ts:109:18)\n' +
    '    at handleBulkSubmission (/Users/antonabyzov/Projects/github/specweave-umb/repositories/anton-abyzov/0874-bulk-request-memory/src/app/api/v1/submissions/bulk/route.ts:394:14)\n' +
    '    at /Users/antonabyzov/Projects/github/specweave-umb/repositories/anton-abyzov/0874-bulk-request-memory/src/lib/db.ts:207:14\n' +
    '    at async Promise.all (index 43)\n' +
    '    at /Users/antonabyzov/Projects/github/specweave-umb/repositories/anton-abyzov/0874-bulk-request-memory/src/app/api/v1/submissions/bulk/__tests__/route.db-lifecycle.test.ts:96:21\n' +
    '    at file:///Users/antonabyzov/Projects/github/specweave-umb/repositories/anton-abyzov/0874-bulk-request-memory/node_modules/@vitest/runner/dist/chunk-hooks.js:752:20'
}
POST /api/v1/submissions/bulk error: {
  message: 'DATABASE_URL not configured (checked Hyperdrive, process.env, globalThis, worker context, and resolveEnv)',
  stack: 'Error: DATABASE_URL not configured (checked Hyperdrive, process.env, globalThis, worker context, and resolveEnv)\n' +
    '    at resolveFreshDatabaseConnection (/Users/antonabyzov/Projects/github/specweave-umb/repositories/anton-abyzov/0874-bulk-request-memory/src/lib/db.ts:175:11)\n' +
    '    at processTicksAndRejections (node:internal/process/task_queues:103:5)\n' +
    '    at getDb (/Users/antonabyzov/Projects/github/specweave-umb/repositories/anton-abyzov/0874-bulk-request-memory/src/lib/db.ts:256:24)\n' +
    '    at Object.get (/Users/antonabyzov/Projects/github/specweave-umb/repositories/anton-abyzov/0874-bulk-request-memory/src/lib/repo-identity-store.ts:32:22)\n' +
    '    at resolveRepoIdentity (/Users/antonabyzov/Projects/github/specweave-umb/repositories/anton-abyzov/0874-bulk-request-memory/src/db/dedup/repo-identity.ts:109:18)\n' +
    '    at handleBulkSubmission (/Users/antonabyzov/Projects/github/specweave-umb/repositories/anton-abyzov/0874-bulk-request-memory/src/app/api/v1/submissions/bulk/route.ts:394:14)\n' +
    '    at /Users/antonabyzov/Projects/github/specweave-umb/repositories/anton-abyzov/0874-bulk-request-memory/src/lib/db.ts:207:14\n' +
    '    at async Promise.all (index 44)\n' +
    '    at /Users/antonabyzov/Projects/github/specweave-umb/repositories/anton-abyzov/0874-bulk-request-memory/src/app/api/v1/submissions/bulk/__tests__/route.db-lifecycle.test.ts:96:21\n' +
    '    at file:///Users/antonabyzov/Projects/github/specweave-umb/repositories/anton-abyzov/0874-bulk-request-memory/node_modules/@vitest/runner/dist/chunk-hooks.js:752:20'
}
POST /api/v1/submissions/bulk error: {
  message: 'DATABASE_URL not configured (checked Hyperdrive, process.env, globalThis, worker context, and resolveEnv)',
  stack: 'Error: DATABASE_URL not configured (checked Hyperdrive, process.env, globalThis, worker context, and resolveEnv)\n' +
    '    at resolveFreshDatabaseConnection (/Users/antonabyzov/Projects/github/specweave-umb/repositories/anton-abyzov/0874-bulk-request-memory/src/lib/db.ts:175:11)\n' +
    '    at processTicksAndRejections (node:internal/process/task_queues:103:5)\n' +
    '    at getDb (/Users/antonabyzov/Projects/github/specweave-umb/repositories/anton-abyzov/0874-bulk-request-memory/src/lib/db.ts:256:24)\n' +
    '    at Object.get (/Users/antonabyzov/Projects/github/specweave-umb/repositories/anton-abyzov/0874-bulk-request-memory/src/lib/repo-identity-store.ts:32:22)\n' +
    '    at resolveRepoIdentity (/Users/antonabyzov/Projects/github/specweave-umb/repositories/anton-abyzov/0874-bulk-request-memory/src/db/dedup/repo-identity.ts:109:18)\n' +
    '    at handleBulkSubmission (/Users/antonabyzov/Projects/github/specweave-umb/repositories/anton-abyzov/0874-bulk-request-memory/src/app/api/v1/submissions/bulk/route.ts:394:14)\n' +
    '    at /Users/antonabyzov/Projects/github/specweave-umb/repositories/anton-abyzov/0874-bulk-request-memory/src/lib/db.ts:207:14\n' +
    '    at async Promise.all (index 45)\n' +
    '    at /Users/antonabyzov/Projects/github/specweave-umb/repositories/anton-abyzov/0874-bulk-request-memory/src/app/api/v1/submissions/bulk/__tests__/route.db-lifecycle.test.ts:96:21\n' +
    '    at file:///Users/antonabyzov/Projects/github/specweave-umb/repositories/anton-abyzov/0874-bulk-request-memory/node_modules/@vitest/runner/dist/chunk-hooks.js:752:20'
}
POST /api/v1/submissions/bulk error: {
  message: 'DATABASE_URL not configured (checked Hyperdrive, process.env, globalThis, worker context, and resolveEnv)',
  stack: 'Error: DATABASE_URL not configured (checked Hyperdrive, process.env, globalThis, worker context, and resolveEnv)\n' +
    '    at resolveFreshDatabaseConnection (/Users/antonabyzov/Projects/github/specweave-umb/repositories/anton-abyzov/0874-bulk-request-memory/src/lib/db.ts:175:11)\n' +
    '    at processTicksAndRejections (node:internal/process/task_queues:103:5)\n' +
    '    at getDb (/Users/antonabyzov/Projects/github/specweave-umb/repositories/anton-abyzov/0874-bulk-request-memory/src/lib/db.ts:256:24)\n' +
    '    at Object.get (/Users/antonabyzov/Projects/github/specweave-umb/repositories/anton-abyzov/0874-bulk-request-memory/src/lib/repo-identity-store.ts:32:22)\n' +
    '    at resolveRepoIdentity (/Users/antonabyzov/Projects/github/specweave-umb/repositories/anton-abyzov/0874-bulk-request-memory/src/db/dedup/repo-identity.ts:109:18)\n' +
    '    at handleBulkSubmission (/Users/antonabyzov/Projects/github/specweave-umb/repositories/anton-abyzov/0874-bulk-request-memory/src/app/api/v1/submissions/bulk/route.ts:394:14)\n' +
    '    at /Users/antonabyzov/Projects/github/specweave-umb/repositories/anton-abyzov/0874-bulk-request-memory/src/lib/db.ts:207:14\n' +
    '    at async Promise.all (index 46)\n' +
    '    at /Users/antonabyzov/Projects/github/specweave-umb/repositories/anton-abyzov/0874-bulk-request-memory/src/app/api/v1/submissions/bulk/__tests__/route.db-lifecycle.test.ts:96:21\n' +
    '    at file:///Users/antonabyzov/Projects/github/specweave-umb/repositories/anton-abyzov/0874-bulk-request-memory/node_modules/@vitest/runner/dist/chunk-hooks.js:752:20'
}
POST /api/v1/submissions/bulk error: {
  message: 'DATABASE_URL not configured (checked Hyperdrive, process.env, globalThis, worker context, and resolveEnv)',
  stack: 'Error: DATABASE_URL not configured (checked Hyperdrive, process.env, globalThis, worker context, and resolveEnv)\n' +
    '    at resolveFreshDatabaseConnection (/Users/antonabyzov/Projects/github/specweave-umb/repositories/anton-abyzov/0874-bulk-request-memory/src/lib/db.ts:175:11)\n' +
    '    at processTicksAndRejections (node:internal/process/task_queues:103:5)\n' +
    '    at getDb (/Users/antonabyzov/Projects/github/specweave-umb/repositories/anton-abyzov/0874-bulk-request-memory/src/lib/db.ts:256:24)\n' +
    '    at Object.get (/Users/antonabyzov/Projects/github/specweave-umb/repositories/anton-abyzov/0874-bulk-request-memory/src/lib/repo-identity-store.ts:32:22)\n' +
    '    at resolveRepoIdentity (/Users/antonabyzov/Projects/github/specweave-umb/repositories/anton-abyzov/0874-bulk-request-memory/src/db/dedup/repo-identity.ts:109:18)\n' +
    '    at handleBulkSubmission (/Users/antonabyzov/Projects/github/specweave-umb/repositories/anton-abyzov/0874-bulk-request-memory/src/app/api/v1/submissions/bulk/route.ts:394:14)\n' +
    '    at /Users/antonabyzov/Projects/github/specweave-umb/repositories/anton-abyzov/0874-bulk-request-memory/src/lib/db.ts:207:14\n' +
    '    at async Promise.all (index 47)\n' +
    '    at /Users/antonabyzov/Projects/github/specweave-umb/repositories/anton-abyzov/0874-bulk-request-memory/src/app/api/v1/submissions/bulk/__tests__/route.db-lifecycle.test.ts:96:21\n' +
    '    at file:///Users/antonabyzov/Projects/github/specweave-umb/repositories/anton-abyzov/0874-bulk-request-memory/node_modules/@vitest/runner/dist/chunk-hooks.js:752:20'
}
POST /api/v1/submissions/bulk error: {
  message: 'DATABASE_URL not configured (checked Hyperdrive, process.env, globalThis, worker context, and resolveEnv)',
  stack: 'Error: DATABASE_URL not configured (checked Hyperdrive, process.env, globalThis, worker context, and resolveEnv)\n' +
    '    at resolveFreshDatabaseConnection (/Users/antonabyzov/Projects/github/specweave-umb/repositories/anton-abyzov/0874-bulk-request-memory/src/lib/db.ts:175:11)\n' +
    '    at processTicksAndRejections (node:internal/process/task_queues:103:5)\n' +
    '    at getDb (/Users/antonabyzov/Projects/github/specweave-umb/repositories/anton-abyzov/0874-bulk-request-memory/src/lib/db.ts:256:24)\n' +
    '    at Object.get (/Users/antonabyzov/Projects/github/specweave-umb/repositories/anton-abyzov/0874-bulk-request-memory/src/lib/repo-identity-store.ts:32:22)\n' +
    '    at resolveRepoIdentity (/Users/antonabyzov/Projects/github/specweave-umb/repositories/anton-abyzov/0874-bulk-request-memory/src/db/dedup/repo-identity.ts:109:18)\n' +
    '    at handleBulkSubmission (/Users/antonabyzov/Projects/github/specweave-umb/repositories/anton-abyzov/0874-bulk-request-memory/src/app/api/v1/submissions/bulk/route.ts:394:14)\n' +
    '    at /Users/antonabyzov/Projects/github/specweave-umb/repositories/anton-abyzov/0874-bulk-request-memory/src/lib/db.ts:207:14\n' +
    '    at async Promise.all (index 48)\n' +
    '    at /Users/antonabyzov/Projects/github/specweave-umb/repositories/anton-abyzov/0874-bulk-request-memory/src/app/api/v1/submissions/bulk/__tests__/route.db-lifecycle.test.ts:96:21\n' +
    '    at file:///Users/antonabyzov/Projects/github/specweave-umb/repositories/anton-abyzov/0874-bulk-request-memory/node_modules/@vitest/runner/dist/chunk-hooks.js:752:20'
}
POST /api/v1/submissions/bulk error: {
  message: 'DATABASE_URL not configured (checked Hyperdrive, process.env, globalThis, worker context, and resolveEnv)',
  stack: 'Error: DATABASE_URL not configured (checked Hyperdrive, process.env, globalThis, worker context, and resolveEnv)\n' +
    '    at resolveFreshDatabaseConnection (/Users/antonabyzov/Projects/github/specweave-umb/repositories/anton-abyzov/0874-bulk-request-memory/src/lib/db.ts:175:11)\n' +
    '    at processTicksAndRejections (node:internal/process/task_queues:103:5)\n' +
    '    at getDb (/Users/antonabyzov/Projects/github/specweave-umb/repositories/anton-abyzov/0874-bulk-request-memory/src/lib/db.ts:256:24)\n' +
    '    at Object.get (/Users/antonabyzov/Projects/github/specweave-umb/repositories/anton-abyzov/0874-bulk-request-memory/src/lib/repo-identity-store.ts:32:22)\n' +
    '    at resolveRepoIdentity (/Users/antonabyzov/Projects/github/specweave-umb/repositories/anton-abyzov/0874-bulk-request-memory/src/db/dedup/repo-identity.ts:109:18)\n' +
    '    at handleBulkSubmission (/Users/antonabyzov/Projects/github/specweave-umb/repositories/anton-abyzov/0874-bulk-request-memory/src/app/api/v1/submissions/bulk/route.ts:394:14)\n' +
    '    at /Users/antonabyzov/Projects/github/specweave-umb/repositories/anton-abyzov/0874-bulk-request-memory/src/lib/db.ts:207:14\n' +
    '    at async Promise.all (index 49)\n' +
    '    at /Users/antonabyzov/Projects/github/specweave-umb/repositories/anton-abyzov/0874-bulk-request-memory/src/app/api/v1/submissions/bulk/__tests__/route.db-lifecycle.test.ts:96:21\n' +
    '    at file:///Users/antonabyzov/Projects/github/specweave-umb/repositories/anton-abyzov/0874-bulk-request-memory/node_modules/@vitest/runner/dist/chunk-hooks.js:752:20'
}
POST /api/v1/submissions/bulk error: {
  message: 'DATABASE_URL not configured (checked Hyperdrive, process.env, globalThis, worker context, and resolveEnv)',
  stack: 'Error: DATABASE_URL not configured (checked Hyperdrive, process.env, globalThis, worker context, and resolveEnv)\n' +
    '    at resolveFreshDatabaseConnection (/Users/antonabyzov/Projects/github/specweave-umb/repositories/anton-abyzov/0874-bulk-request-memory/src/lib/db.ts:175:11)\n' +
    '    at processTicksAndRejections (node:internal/process/task_queues:103:5)\n' +
    '    at getDb (/Users/antonabyzov/Projects/github/specweave-umb/repositories/anton-abyzov/0874-bulk-request-memory/src/lib/db.ts:256:24)\n' +
    '    at Object.get (/Users/antonabyzov/Projects/github/specweave-umb/repositories/anton-abyzov/0874-bulk-request-memory/src/lib/repo-identity-store.ts:32:22)\n' +
    '    at resolveRepoIdentity (/Users/antonabyzov/Projects/github/specweave-umb/repositories/anton-abyzov/0874-bulk-request-memory/src/db/dedup/repo-identity.ts:109:18)\n' +
    '    at handleBulkSubmission (/Users/antonabyzov/Projects/github/specweave-umb/repositories/anton-abyzov/0874-bulk-request-memory/src/app/api/v1/submissions/bulk/route.ts:394:14)\n' +
    '    at /Users/antonabyzov/Projects/github/specweave-umb/repositories/anton-abyzov/0874-bulk-request-memory/src/lib/db.ts:207:14\n' +
    '    at async Promise.all (index 50)\n' +
    '    at /Users/antonabyzov/Projects/github/specweave-umb/repositories/anton-abyzov/0874-bulk-request-memory/src/app/api/v1/submissions/bulk/__tests__/route.db-lifecycle.test.ts:96:21\n' +
    '    at file:///Users/antonabyzov/Projects/github/specweave-umb/repositories/anton-abyzov/0874-bulk-request-memory/node_modules/@vitest/runner/dist/chunk-hooks.js:752:20'
}
POST /api/v1/submissions/bulk error: {
  message: 'DATABASE_URL not configured (checked Hyperdrive, process.env, globalThis, worker context, and resolveEnv)',
  stack: 'Error: DATABASE_URL not configured (checked Hyperdrive, process.env, globalThis, worker context, and resolveEnv)\n' +
    '    at resolveFreshDatabaseConnection (/Users/antonabyzov/Projects/github/specweave-umb/repositories/anton-abyzov/0874-bulk-request-memory/src/lib/db.ts:175:11)\n' +
    '    at processTicksAndRejections (node:internal/process/task_queues:103:5)\n' +
    '    at getDb (/Users/antonabyzov/Projects/github/specweave-umb/repositories/anton-abyzov/0874-bulk-request-memory/src/lib/db.ts:256:24)\n' +
    '    at Object.get (/Users/antonabyzov/Projects/github/specweave-umb/repositories/anton-abyzov/0874-bulk-request-memory/src/lib/repo-identity-store.ts:32:22)\n' +
    '    at resolveRepoIdentity (/Users/antonabyzov/Projects/github/specweave-umb/repositories/anton-abyzov/0874-bulk-request-memory/src/db/dedup/repo-identity.ts:109:18)\n' +
    '    at handleBulkSubmission (/Users/antonabyzov/Projects/github/specweave-umb/repositories/anton-abyzov/0874-bulk-request-memory/src/app/api/v1/submissions/bulk/route.ts:394:14)\n' +
    '    at /Users/antonabyzov/Projects/github/specweave-umb/repositories/anton-abyzov/0874-bulk-request-memory/src/lib/db.ts:207:14\n' +
    '    at async Promise.all (index 51)\n' +
    '    at /Users/antonabyzov/Projects/github/specweave-umb/repositories/anton-abyzov/0874-bulk-request-memory/src/app/api/v1/submissions/bulk/__tests__/route.db-lifecycle.test.ts:96:21\n' +
    '    at file:///Users/antonabyzov/Projects/github/specweave-umb/repositories/anton-abyzov/0874-bulk-request-memory/node_modules/@vitest/runner/dist/chunk-hooks.js:752:20'
}
POST /api/v1/submissions/bulk error: {
  message: 'DATABASE_URL not configured (checked Hyperdrive, process.env, globalThis, worker context, and resolveEnv)',
  stack: 'Error: DATABASE_URL not configured (checked Hyperdrive, process.env, globalThis, worker context, and resolveEnv)\n' +
    '    at resolveFreshDatabaseConnection (/Users/antonabyzov/Projects/github/specweave-umb/repositories/anton-abyzov/0874-bulk-request-memory/src/lib/db.ts:175:11)\n' +
    '    at processTicksAndRejections (node:internal/process/task_queues:103:5)\n' +
    '    at getDb (/Users/antonabyzov/Projects/github/specweave-umb/repositories/anton-abyzov/0874-bulk-request-memory/src/lib/db.ts:256:24)\n' +
    '    at Object.get (/Users/antonabyzov/Projects/github/specweave-umb/repositories/anton-abyzov/0874-bulk-request-memory/src/lib/repo-identity-store.ts:32:22)\n' +
    '    at resolveRepoIdentity (/Users/antonabyzov/Projects/github/specweave-umb/repositories/anton-abyzov/0874-bulk-request-memory/src/db/dedup/repo-identity.ts:109:18)\n' +
    '    at handleBulkSubmission (/Users/antonabyzov/Projects/github/specweave-umb/repositories/anton-abyzov/0874-bulk-request-memory/src/app/api/v1/submissions/bulk/route.ts:394:14)\n' +
    '    at /Users/antonabyzov/Projects/github/specweave-umb/repositories/anton-abyzov/0874-bulk-request-memory/src/lib/db.ts:207:14\n' +
    '    at async Promise.all (index 52)\n' +
    '    at /Users/antonabyzov/Projects/github/specweave-umb/repositories/anton-abyzov/0874-bulk-request-memory/src/app/api/v1/submissions/bulk/__tests__/route.db-lifecycle.test.ts:96:21\n' +
    '    at file:///Users/antonabyzov/Projects/github/specweave-umb/repositories/anton-abyzov/0874-bulk-request-memory/node_modules/@vitest/runner/dist/chunk-hooks.js:752:20'
}
POST /api/v1/submissions/bulk error: {
  message: 'DATABASE_URL not configured (checked Hyperdrive, process.env, globalThis, worker context, and resolveEnv)',
  stack: 'Error: DATABASE_URL not configured (checked Hyperdrive, process.env, globalThis, worker context, and resolveEnv)\n' +
    '    at resolveFreshDatabaseConnection (/Users/antonabyzov/Projects/github/specweave-umb/repositories/anton-abyzov/0874-bulk-request-memory/src/lib/db.ts:175:11)\n' +
    '    at processTicksAndRejections (node:internal/process/task_queues:103:5)\n' +
    '    at getDb (/Users/antonabyzov/Projects/github/specweave-umb/repositories/anton-abyzov/0874-bulk-request-memory/src/lib/db.ts:256:24)\n' +
    '    at Object.get (/Users/antonabyzov/Projects/github/specweave-umb/repositories/anton-abyzov/0874-bulk-request-memory/src/lib/repo-identity-store.ts:32:22)\n' +
    '    at resolveRepoIdentity (/Users/antonabyzov/Projects/github/specweave-umb/repositories/anton-abyzov/0874-bulk-request-memory/src/db/dedup/repo-identity.ts:109:18)\n' +
    '    at handleBulkSubmission (/Users/antonabyzov/Projects/github/specweave-umb/repositories/anton-abyzov/0874-bulk-request-memory/src/app/api/v1/submissions/bulk/route.ts:394:14)\n' +
    '    at /Users/antonabyzov/Projects/github/specweave-umb/repositories/anton-abyzov/0874-bulk-request-memory/src/lib/db.ts:207:14\n' +
    '    at async Promise.all (index 53)\n' +
    '    at /Users/antonabyzov/Projects/github/specweave-umb/repositories/anton-abyzov/0874-bulk-request-memory/src/app/api/v1/submissions/bulk/__tests__/route.db-lifecycle.test.ts:96:21\n' +
    '    at file:///Users/antonabyzov/Projects/github/specweave-umb/repositories/anton-abyzov/0874-bulk-request-memory/node_modules/@vitest/runner/dist/chunk-hooks.js:752:20'
}
POST /api/v1/submissions/bulk error: {
  message: 'DATABASE_URL not configured (checked Hyperdrive, process.env, globalThis, worker context, and resolveEnv)',
  stack: 'Error: DATABASE_URL not configured (checked Hyperdrive, process.env, globalThis, worker context, and resolveEnv)\n' +
    '    at resolveFreshDatabaseConnection (/Users/antonabyzov/Projects/github/specweave-umb/repositories/anton-abyzov/0874-bulk-request-memory/src/lib/db.ts:175:11)\n' +
    '    at processTicksAndRejections (node:internal/process/task_queues:103:5)\n' +
    '    at getDb (/Users/antonabyzov/Projects/github/specweave-umb/repositories/anton-abyzov/0874-bulk-request-memory/src/lib/db.ts:256:24)\n' +
    '    at Object.get (/Users/antonabyzov/Projects/github/specweave-umb/repositories/anton-abyzov/0874-bulk-request-memory/src/lib/repo-identity-store.ts:32:22)\n' +
    '    at resolveRepoIdentity (/Users/antonabyzov/Projects/github/specweave-umb/repositories/anton-abyzov/0874-bulk-request-memory/src/db/dedup/repo-identity.ts:109:18)\n' +
    '    at handleBulkSubmission (/Users/antonabyzov/Projects/github/specweave-umb/repositories/anton-abyzov/0874-bulk-request-memory/src/app/api/v1/submissions/bulk/route.ts:394:14)\n' +
    '    at /Users/antonabyzov/Projects/github/specweave-umb/repositories/anton-abyzov/0874-bulk-request-memory/src/lib/db.ts:207:14\n' +
    '    at async Promise.all (index 54)\n' +
    '    at /Users/antonabyzov/Projects/github/specweave-umb/repositories/anton-abyzov/0874-bulk-request-memory/src/app/api/v1/submissions/bulk/__tests__/route.db-lifecycle.test.ts:96:21\n' +
    '    at file:///Users/antonabyzov/Projects/github/specweave-umb/repositories/anton-abyzov/0874-bulk-request-memory/node_modules/@vitest/runner/dist/chunk-hooks.js:752:20'
}
POST /api/v1/submissions/bulk error: {
  message: 'DATABASE_URL not configured (checked Hyperdrive, process.env, globalThis, worker context, and resolveEnv)',
  stack: 'Error: DATABASE_URL not configured (checked Hyperdrive, process.env, globalThis, worker context, and resolveEnv)\n' +
    '    at resolveFreshDatabaseConnection (/Users/antonabyzov/Projects/github/specweave-umb/repositories/anton-abyzov/0874-bulk-request-memory/src/lib/db.ts:175:11)\n' +
    '    at processTicksAndRejections (node:internal/process/task_queues:103:5)\n' +
    '    at getDb (/Users/antonabyzov/Projects/github/specweave-umb/repositories/anton-abyzov/0874-bulk-request-memory/src/lib/db.ts:256:24)\n' +
    '    at Object.get (/Users/antonabyzov/Projects/github/specweave-umb/repositories/anton-abyzov/0874-bulk-request-memory/src/lib/repo-identity-store.ts:32:22)\n' +
    '    at resolveRepoIdentity (/Users/antonabyzov/Projects/github/specweave-umb/repositories/anton-abyzov/0874-bulk-request-memory/src/db/dedup/repo-identity.ts:109:18)\n' +
    '    at handleBulkSubmission (/Users/antonabyzov/Projects/github/specweave-umb/repositories/anton-abyzov/0874-bulk-request-memory/src/app/api/v1/submissions/bulk/route.ts:394:14)\n' +
    '    at /Users/antonabyzov/Projects/github/specweave-umb/repositories/anton-abyzov/0874-bulk-request-memory/src/lib/db.ts:207:14\n' +
    '    at async Promise.all (index 55)\n' +
    '    at /Users/antonabyzov/Projects/github/specweave-umb/repositories/anton-abyzov/0874-bulk-request-memory/src/app/api/v1/submissions/bulk/__tests__/route.db-lifecycle.test.ts:96:21\n' +
    '    at file:///Users/antonabyzov/Projects/github/specweave-umb/repositories/anton-abyzov/0874-bulk-request-memory/node_modules/@vitest/runner/dist/chunk-hooks.js:752:20'
}
POST /api/v1/submissions/bulk error: {
  message: 'DATABASE_URL not configured (checked Hyperdrive, process.env, globalThis, worker context, and resolveEnv)',
  stack: 'Error: DATABASE_URL not configured (checked Hyperdrive, process.env, globalThis, worker context, and resolveEnv)\n' +
    '    at resolveFreshDatabaseConnection (/Users/antonabyzov/Projects/github/specweave-umb/repositories/anton-abyzov/0874-bulk-request-memory/src/lib/db.ts:175:11)\n' +
    '    at processTicksAndRejections (node:internal/process/task_queues:103:5)\n' +
    '    at getDb (/Users/antonabyzov/Projects/github/specweave-umb/repositories/anton-abyzov/0874-bulk-request-memory/src/lib/db.ts:256:24)\n' +
    '    at Object.get (/Users/antonabyzov/Projects/github/specweave-umb/repositories/anton-abyzov/0874-bulk-request-memory/src/lib/repo-identity-store.ts:32:22)\n' +
    '    at resolveRepoIdentity (/Users/antonabyzov/Projects/github/specweave-umb/repositories/anton-abyzov/0874-bulk-request-memory/src/db/dedup/repo-identity.ts:109:18)\n' +
    '    at handleBulkSubmission (/Users/antonabyzov/Projects/github/specweave-umb/repositories/anton-abyzov/0874-bulk-request-memory/src/app/api/v1/submissions/bulk/route.ts:394:14)\n' +
    '    at /Users/antonabyzov/Projects/github/specweave-umb/repositories/anton-abyzov/0874-bulk-request-memory/src/lib/db.ts:207:14\n' +
    '    at async Promise.all (index 56)\n' +
    '    at /Users/antonabyzov/Projects/github/specweave-umb/repositories/anton-abyzov/0874-bulk-request-memory/src/app/api/v1/submissions/bulk/__tests__/route.db-lifecycle.test.ts:96:21\n' +
    '    at file:///Users/antonabyzov/Projects/github/specweave-umb/repositories/anton-abyzov/0874-bulk-request-memory/node_modules/@vitest/runner/dist/chunk-hooks.js:752:20'
}
POST /api/v1/submissions/bulk error: {
  message: 'DATABASE_URL not configured (checked Hyperdrive, process.env, globalThis, worker context, and resolveEnv)',
  stack: 'Error: DATABASE_URL not configured (checked Hyperdrive, process.env, globalThis, worker context, and resolveEnv)\n' +
    '    at resolveFreshDatabaseConnection (/Users/antonabyzov/Projects/github/specweave-umb/repositories/anton-abyzov/0874-bulk-request-memory/src/lib/db.ts:175:11)\n' +
    '    at processTicksAndRejections (node:internal/process/task_queues:103:5)\n' +
    '    at getDb (/Users/antonabyzov/Projects/github/specweave-umb/repositories/anton-abyzov/0874-bulk-request-memory/src/lib/db.ts:256:24)\n' +
    '    at Object.get (/Users/antonabyzov/Projects/github/specweave-umb/repositories/anton-abyzov/0874-bulk-request-memory/src/lib/repo-identity-store.ts:32:22)\n' +
    '    at resolveRepoIdentity (/Users/antonabyzov/Projects/github/specweave-umb/repositories/anton-abyzov/0874-bulk-request-memory/src/db/dedup/repo-identity.ts:109:18)\n' +
    '    at handleBulkSubmission (/Users/antonabyzov/Projects/github/specweave-umb/repositories/anton-abyzov/0874-bulk-request-memory/src/app/api/v1/submissions/bulk/route.ts:394:14)\n' +
    '    at /Users/antonabyzov/Projects/github/specweave-umb/repositories/anton-abyzov/0874-bulk-request-memory/src/lib/db.ts:207:14\n' +
    '    at async Promise.all (index 58)\n' +
    '    at /Users/antonabyzov/Projects/github/specweave-umb/repositories/anton-abyzov/0874-bulk-request-memory/src/app/api/v1/submissions/bulk/__tests__/route.db-lifecycle.test.ts:96:21\n' +
    '    at file:///Users/antonabyzov/Projects/github/specweave-umb/repositories/anton-abyzov/0874-bulk-request-memory/node_modules/@vitest/runner/dist/chunk-hooks.js:752:20'
}
POST /api/v1/submissions/bulk error: {
  message: 'DATABASE_URL not configured (checked Hyperdrive, process.env, globalThis, worker context, and resolveEnv)',
  stack: 'Error: DATABASE_URL not configured (checked Hyperdrive, process.env, globalThis, worker context, and resolveEnv)\n' +
    '    at resolveFreshDatabaseConnection (/Users/antonabyzov/Projects/github/specweave-umb/repositories/anton-abyzov/0874-bulk-request-memory/src/lib/db.ts:175:11)\n' +
    '    at processTicksAndRejections (node:internal/process/task_queues:103:5)\n' +
    '    at getDb (/Users/antonabyzov/Projects/github/specweave-umb/repositories/anton-abyzov/0874-bulk-request-memory/src/lib/db.ts:256:24)\n' +
    '    at Object.get (/Users/antonabyzov/Projects/github/specweave-umb/repositories/anton-abyzov/0874-bulk-request-memory/src/lib/repo-identity-store.ts:32:22)\n' +
    '    at resolveRepoIdentity (/Users/antonabyzov/Projects/github/specweave-umb/repositories/anton-abyzov/0874-bulk-request-memory/src/db/dedup/repo-identity.ts:109:18)\n' +
    '    at handleBulkSubmission (/Users/antonabyzov/Projects/github/specweave-umb/repositories/anton-abyzov/0874-bulk-request-memory/src/app/api/v1/submissions/bulk/route.ts:394:14)\n' +
    '    at /Users/antonabyzov/Projects/github/specweave-umb/repositories/anton-abyzov/0874-bulk-request-memory/src/lib/db.ts:207:14\n' +
    '    at async Promise.all (index 59)\n' +
    '    at /Users/antonabyzov/Projects/github/specweave-umb/repositories/anton-abyzov/0874-bulk-request-memory/src/app/api/v1/submissions/bulk/__tests__/route.db-lifecycle.test.ts:96:21\n' +
    '    at file:///Users/antonabyzov/Projects/github/specweave-umb/repositories/anton-abyzov/0874-bulk-request-memory/node_modules/@vitest/runner/dist/chunk-hooks.js:752:20'
}
POST /api/v1/submissions/bulk error: {
  message: 'DATABASE_URL not configured (checked Hyperdrive, process.env, globalThis, worker context, and resolveEnv)',
  stack: 'Error: DATABASE_URL not configured (checked Hyperdrive, process.env, globalThis, worker context, and resolveEnv)\n' +
    '    at resolveFreshDatabaseConnection (/Users/antonabyzov/Projects/github/specweave-umb/repositories/anton-abyzov/0874-bulk-request-memory/src/lib/db.ts:175:11)\n' +
    '    at processTicksAndRejections (node:internal/process/task_queues:103:5)\n' +
    '    at getDb (/Users/antonabyzov/Projects/github/specweave-umb/repositories/anton-abyzov/0874-bulk-request-memory/src/lib/db.ts:256:24)\n' +
    '    at Object.get (/Users/antonabyzov/Projects/github/specweave-umb/repositories/anton-abyzov/0874-bulk-request-memory/src/lib/repo-identity-store.ts:32:22)\n' +
    '    at resolveRepoIdentity (/Users/antonabyzov/Projects/github/specweave-umb/repositories/anton-abyzov/0874-bulk-request-memory/src/db/dedup/repo-identity.ts:109:18)\n' +
    '    at handleBulkSubmission (/Users/antonabyzov/Projects/github/specweave-umb/repositories/anton-abyzov/0874-bulk-request-memory/src/app/api/v1/submissions/bulk/route.ts:394:14)\n' +
    '    at /Users/antonabyzov/Projects/github/specweave-umb/repositories/anton-abyzov/0874-bulk-request-memory/src/lib/db.ts:207:14\n' +
    '    at async Promise.all (index 60)\n' +
    '    at /Users/antonabyzov/Projects/github/specweave-umb/repositories/anton-abyzov/0874-bulk-request-memory/src/app/api/v1/submissions/bulk/__tests__/route.db-lifecycle.test.ts:96:21\n' +
    '    at file:///Users/antonabyzov/Projects/github/specweave-umb/repositories/anton-abyzov/0874-bulk-request-memory/node_modules/@vitest/runner/dist/chunk-hooks.js:752:20'
}
POST /api/v1/submissions/bulk error: {
  message: 'DATABASE_URL not configured (checked Hyperdrive, process.env, globalThis, worker context, and resolveEnv)',
  stack: 'Error: DATABASE_URL not configured (checked Hyperdrive, process.env, globalThis, worker context, and resolveEnv)\n' +
    '    at resolveFreshDatabaseConnection (/Users/antonabyzov/Projects/github/specweave-umb/repositories/anton-abyzov/0874-bulk-request-memory/src/lib/db.ts:175:11)\n' +
    '    at processTicksAndRejections (node:internal/process/task_queues:103:5)\n' +
    '    at getDb (/Users/antonabyzov/Projects/github/specweave-umb/repositories/anton-abyzov/0874-bulk-request-memory/src/lib/db.ts:256:24)\n' +
    '    at Object.get (/Users/antonabyzov/Projects/github/specweave-umb/repositories/anton-abyzov/0874-bulk-request-memory/src/lib/repo-identity-store.ts:32:22)\n' +
    '    at resolveRepoIdentity (/Users/antonabyzov/Projects/github/specweave-umb/repositories/anton-abyzov/0874-bulk-request-memory/src/db/dedup/repo-identity.ts:109:18)\n' +
    '    at handleBulkSubmission (/Users/antonabyzov/Projects/github/specweave-umb/repositories/anton-abyzov/0874-bulk-request-memory/src/app/api/v1/submissions/bulk/route.ts:394:14)\n' +
    '    at /Users/antonabyzov/Projects/github/specweave-umb/repositories/anton-abyzov/0874-bulk-request-memory/src/lib/db.ts:207:14\n' +
    '    at async Promise.all (index 61)\n' +
    '    at /Users/antonabyzov/Projects/github/specweave-umb/repositories/anton-abyzov/0874-bulk-request-memory/src/app/api/v1/submissions/bulk/__tests__/route.db-lifecycle.test.ts:96:21\n' +
    '    at file:///Users/antonabyzov/Projects/github/specweave-umb/repositories/anton-abyzov/0874-bulk-request-memory/node_modules/@vitest/runner/dist/chunk-hooks.js:752:20'
}
POST /api/v1/submissions/bulk error: {
  message: 'DATABASE_URL not configured (checked Hyperdrive, process.env, globalThis, worker context, and resolveEnv)',
  stack: 'Error: DATABASE_URL not configured (checked Hyperdrive, process.env, globalThis, worker context, and resolveEnv)\n' +
    '    at resolveFreshDatabaseConnection (/Users/antonabyzov/Projects/github/specweave-umb/repositories/anton-abyzov/0874-bulk-request-memory/src/lib/db.ts:175:11)\n' +
    '    at processTicksAndRejections (node:internal/process/task_queues:103:5)\n' +
    '    at getDb (/Users/antonabyzov/Projects/github/specweave-umb/repositories/anton-abyzov/0874-bulk-request-memory/src/lib/db.ts:256:24)\n' +
    '    at Object.get (/Users/antonabyzov/Projects/github/specweave-umb/repositories/anton-abyzov/0874-bulk-request-memory/src/lib/repo-identity-store.ts:32:22)\n' +
    '    at resolveRepoIdentity (/Users/antonabyzov/Projects/github/specweave-umb/repositories/anton-abyzov/0874-bulk-request-memory/src/db/dedup/repo-identity.ts:109:18)\n' +
    '    at handleBulkSubmission (/Users/antonabyzov/Projects/github/specweave-umb/repositories/anton-abyzov/0874-bulk-request-memory/src/app/api/v1/submissions/bulk/route.ts:394:14)\n' +
    '    at /Users/antonabyzov/Projects/github/specweave-umb/repositories/anton-abyzov/0874-bulk-request-memory/src/lib/db.ts:207:14\n' +
    '    at async Promise.all (index 62)\n' +
    '    at /Users/antonabyzov/Projects/github/specweave-umb/repositories/anton-abyzov/0874-bulk-request-memory/src/app/api/v1/submissions/bulk/__tests__/route.db-lifecycle.test.ts:96:21\n' +
    '    at file:///Users/antonabyzov/Projects/github/specweave-umb/repositories/anton-abyzov/0874-bulk-request-memory/node_modules/@vitest/runner/dist/chunk-hooks.js:752:20'
}
POST /api/v1/submissions/bulk error: {
  message: 'DATABASE_URL not configured (checked Hyperdrive, process.env, globalThis, worker context, and resolveEnv)',
  stack: 'Error: DATABASE_URL not configured (checked Hyperdrive, process.env, globalThis, worker context, and resolveEnv)\n' +
    '    at resolveFreshDatabaseConnection (/Users/antonabyzov/Projects/github/specweave-umb/repositories/anton-abyzov/0874-bulk-request-memory/src/lib/db.ts:175:11)\n' +
    '    at processTicksAndRejections (node:internal/process/task_queues:103:5)\n' +
    '    at getDb (/Users/antonabyzov/Projects/github/specweave-umb/repositories/anton-abyzov/0874-bulk-request-memory/src/lib/db.ts:256:24)\n' +
    '    at Object.get (/Users/antonabyzov/Projects/github/specweave-umb/repositories/anton-abyzov/0874-bulk-request-memory/src/lib/repo-identity-store.ts:32:22)\n' +
    '    at resolveRepoIdentity (/Users/antonabyzov/Projects/github/specweave-umb/repositories/anton-abyzov/0874-bulk-request-memory/src/db/dedup/repo-identity.ts:109:18)\n' +
    '    at handleBulkSubmission (/Users/antonabyzov/Projects/github/specweave-umb/repositories/anton-abyzov/0874-bulk-request-memory/src/app/api/v1/submissions/bulk/route.ts:394:14)\n' +
    '    at /Users/antonabyzov/Projects/github/specweave-umb/repositories/anton-abyzov/0874-bulk-request-memory/src/lib/db.ts:207:14\n' +
    '    at async Promise.all (index 63)\n' +
    '    at /Users/antonabyzov/Projects/github/specweave-umb/repositories/anton-abyzov/0874-bulk-request-memory/src/app/api/v1/submissions/bulk/__tests__/route.db-lifecycle.test.ts:96:21\n' +
    '    at file:///Users/antonabyzov/Projects/github/specweave-umb/repositories/anton-abyzov/0874-bulk-request-memory/node_modules/@vitest/runner/dist/chunk-hooks.js:752:20'
}
POST /api/v1/submissions/bulk error: {
  message: 'DATABASE_URL not configured (checked Hyperdrive, process.env, globalThis, worker context, and resolveEnv)',
  stack: 'Error: DATABASE_URL not configured (checked Hyperdrive, process.env, globalThis, worker context, and resolveEnv)\n' +
    '    at resolveFreshDatabaseConnection (/Users/antonabyzov/Projects/github/specweave-umb/repositories/anton-abyzov/0874-bulk-request-memory/src/lib/db.ts:175:11)\n' +
    '    at processTicksAndRejections (node:internal/process/task_queues:103:5)\n' +
    '    at getDb (/Users/antonabyzov/Projects/github/specweave-umb/repositories/anton-abyzov/0874-bulk-request-memory/src/lib/db.ts:256:24)\n' +
    '    at Object.get (/Users/antonabyzov/Projects/github/specweave-umb/repositories/anton-abyzov/0874-bulk-request-memory/src/lib/repo-identity-store.ts:32:22)\n' +
    '    at resolveRepoIdentity (/Users/antonabyzov/Projects/github/specweave-umb/repositories/anton-abyzov/0874-bulk-request-memory/src/db/dedup/repo-identity.ts:109:18)\n' +
    '    at handleBulkSubmission (/Users/antonabyzov/Projects/github/specweave-umb/repositories/anton-abyzov/0874-bulk-request-memory/src/app/api/v1/submissions/bulk/route.ts:394:14)\n' +
    '    at /Users/antonabyzov/Projects/github/specweave-umb/repositories/anton-abyzov/0874-bulk-request-memory/src/lib/db.ts:207:14\n' +
    '    at async Promise.all (index 64)\n' +
    '    at /Users/antonabyzov/Projects/github/specweave-umb/repositories/anton-abyzov/0874-bulk-request-memory/src/app/api/v1/submissions/bulk/__tests__/route.db-lifecycle.test.ts:96:21\n' +
    '    at file:///Users/antonabyzov/Projects/github/specweave-umb/repositories/anton-abyzov/0874-bulk-request-memory/node_modules/@vitest/runner/dist/chunk-hooks.js:752:20'
}
POST /api/v1/submissions/bulk error: {
  message: 'DATABASE_URL not configured (checked Hyperdrive, process.env, globalThis, worker context, and resolveEnv)',
  stack: 'Error: DATABASE_URL not configured (checked Hyperdrive, process.env, globalThis, worker context, and resolveEnv)\n' +
    '    at resolveFreshDatabaseConnection (/Users/antonabyzov/Projects/github/specweave-umb/repositories/anton-abyzov/0874-bulk-request-memory/src/lib/db.ts:175:11)\n' +
    '    at processTicksAndRejections (node:internal/process/task_queues:103:5)\n' +
    '    at getDb (/Users/antonabyzov/Projects/github/specweave-umb/repositories/anton-abyzov/0874-bulk-request-memory/src/lib/db.ts:256:24)\n' +
    '    at Object.get (/Users/antonabyzov/Projects/github/specweave-umb/repositories/anton-abyzov/0874-bulk-request-memory/src/lib/repo-identity-store.ts:32:22)\n' +
    '    at resolveRepoIdentity (/Users/antonabyzov/Projects/github/specweave-umb/repositories/anton-abyzov/0874-bulk-request-memory/src/db/dedup/repo-identity.ts:109:18)\n' +
    '    at handleBulkSubmission (/Users/antonabyzov/Projects/github/specweave-umb/repositories/anton-abyzov/0874-bulk-request-memory/src/app/api/v1/submissions/bulk/route.ts:394:14)\n' +
    '    at /Users/antonabyzov/Projects/github/specweave-umb/repositories/anton-abyzov/0874-bulk-request-memory/src/lib/db.ts:207:14\n' +
    '    at async Promise.all (index 65)\n' +
    '    at /Users/antonabyzov/Projects/github/specweave-umb/repositories/anton-abyzov/0874-bulk-request-memory/src/app/api/v1/submissions/bulk/__tests__/route.db-lifecycle.test.ts:96:21\n' +
    '    at file:///Users/antonabyzov/Projects/github/specweave-umb/repositories/anton-abyzov/0874-bulk-request-memory/node_modules/@vitest/runner/dist/chunk-hooks.js:752:20'
}
POST /api/v1/submissions/bulk error: {
  message: 'DATABASE_URL not configured (checked Hyperdrive, process.env, globalThis, worker context, and resolveEnv)',
  stack: 'Error: DATABASE_URL not configured (checked Hyperdrive, process.env, globalThis, worker context, and resolveEnv)\n' +
    '    at resolveFreshDatabaseConnection (/Users/antonabyzov/Projects/github/specweave-umb/repositories/anton-abyzov/0874-bulk-request-memory/src/lib/db.ts:175:11)\n' +
    '    at processTicksAndRejections (node:internal/process/task_queues:103:5)\n' +
    '    at getDb (/Users/antonabyzov/Projects/github/specweave-umb/repositories/anton-abyzov/0874-bulk-request-memory/src/lib/db.ts:256:24)\n' +
    '    at Object.get (/Users/antonabyzov/Projects/github/specweave-umb/repositories/anton-abyzov/0874-bulk-request-memory/src/lib/repo-identity-store.ts:32:22)\n' +
    '    at resolveRepoIdentity (/Users/antonabyzov/Projects/github/specweave-umb/repositories/anton-abyzov/0874-bulk-request-memory/src/db/dedup/repo-identity.ts:109:18)\n' +
    '    at handleBulkSubmission (/Users/antonabyzov/Projects/github/specweave-umb/repositories/anton-abyzov/0874-bulk-request-memory/src/app/api/v1/submissions/bulk/route.ts:394:14)\n' +
    '    at /Users/antonabyzov/Projects/github/specweave-umb/repositories/anton-abyzov/0874-bulk-request-memory/src/lib/db.ts:207:14\n' +
    '    at async Promise.all (index 66)\n' +
    '    at /Users/antonabyzov/Projects/github/specweave-umb/repositories/anton-abyzov/0874-bulk-request-memory/src/app/api/v1/submissions/bulk/__tests__/route.db-lifecycle.test.ts:96:21\n' +
    '    at file:///Users/antonabyzov/Projects/github/specweave-umb/repositories/anton-abyzov/0874-bulk-request-memory/node_modules/@vitest/runner/dist/chunk-hooks.js:752:20'
}
POST /api/v1/submissions/bulk error: {
  message: 'DATABASE_URL not configured (checked Hyperdrive, process.env, globalThis, worker context, and resolveEnv)',
  stack: 'Error: DATABASE_URL not configured (checked Hyperdrive, process.env, globalThis, worker context, and resolveEnv)\n' +
    '    at resolveFreshDatabaseConnection (/Users/antonabyzov/Projects/github/specweave-umb/repositories/anton-abyzov/0874-bulk-request-memory/src/lib/db.ts:175:11)\n' +
    '    at processTicksAndRejections (node:internal/process/task_queues:103:5)\n' +
    '    at getDb (/Users/antonabyzov/Projects/github/specweave-umb/repositories/anton-abyzov/0874-bulk-request-memory/src/lib/db.ts:256:24)\n' +
    '    at Object.get (/Users/antonabyzov/Projects/github/specweave-umb/repositories/anton-abyzov/0874-bulk-request-memory/src/lib/repo-identity-store.ts:32:22)\n' +
    '    at resolveRepoIdentity (/Users/antonabyzov/Projects/github/specweave-umb/repositories/anton-abyzov/0874-bulk-request-memory/src/db/dedup/repo-identity.ts:109:18)\n' +
    '    at handleBulkSubmission (/Users/antonabyzov/Projects/github/specweave-umb/repositories/anton-abyzov/0874-bulk-request-memory/src/app/api/v1/submissions/bulk/route.ts:394:14)\n' +
    '    at /Users/antonabyzov/Projects/github/specweave-umb/repositories/anton-abyzov/0874-bulk-request-memory/src/lib/db.ts:207:14\n' +
    '    at async Promise.all (index 67)\n' +
    '    at /Users/antonabyzov/Projects/github/specweave-umb/repositories/anton-abyzov/0874-bulk-request-memory/src/app/api/v1/submissions/bulk/__tests__/route.db-lifecycle.test.ts:96:21\n' +
    '    at file:///Users/antonabyzov/Projects/github/specweave-umb/repositories/anton-abyzov/0874-bulk-request-memory/node_modules/@vitest/runner/dist/chunk-hooks.js:752:20'
}
POST /api/v1/submissions/bulk error: {
  message: 'DATABASE_URL not configured (checked Hyperdrive, process.env, globalThis, worker context, and resolveEnv)',
  stack: 'Error: DATABASE_URL not configured (checked Hyperdrive, process.env, globalThis, worker context, and resolveEnv)\n' +
    '    at resolveFreshDatabaseConnection (/Users/antonabyzov/Projects/github/specweave-umb/repositories/anton-abyzov/0874-bulk-request-memory/src/lib/db.ts:175:11)\n' +
    '    at processTicksAndRejections (node:internal/process/task_queues:103:5)\n' +
    '    at getDb (/Users/antonabyzov/Projects/github/specweave-umb/repositories/anton-abyzov/0874-bulk-request-memory/src/lib/db.ts:256:24)\n' +
    '    at Object.get (/Users/antonabyzov/Projects/github/specweave-umb/repositories/anton-abyzov/0874-bulk-request-memory/src/lib/repo-identity-store.ts:32:22)\n' +
    '    at resolveRepoIdentity (/Users/antonabyzov/Projects/github/specweave-umb/repositories/anton-abyzov/0874-bulk-request-memory/src/db/dedup/repo-identity.ts:109:18)\n' +
    '    at handleBulkSubmission (/Users/antonabyzov/Projects/github/specweave-umb/repositories/anton-abyzov/0874-bulk-request-memory/src/app/api/v1/submissions/bulk/route.ts:394:14)\n' +
    '    at /Users/antonabyzov/Projects/github/specweave-umb/repositories/anton-abyzov/0874-bulk-request-memory/src/lib/db.ts:207:14\n' +
    '    at async Promise.all (index 68)\n' +
    '    at /Users/antonabyzov/Projects/github/specweave-umb/repositories/anton-abyzov/0874-bulk-request-memory/src/app/api/v1/submissions/bulk/__tests__/route.db-lifecycle.test.ts:96:21\n' +
    '    at file:///Users/antonabyzov/Projects/github/specweave-umb/repositories/anton-abyzov/0874-bulk-request-memory/node_modules/@vitest/runner/dist/chunk-hooks.js:752:20'
}
POST /api/v1/submissions/bulk error: {
  message: 'DATABASE_URL not configured (checked Hyperdrive, process.env, globalThis, worker context, and resolveEnv)',
  stack: 'Error: DATABASE_URL not configured (checked Hyperdrive, process.env, globalThis, worker context, and resolveEnv)\n' +
    '    at resolveFreshDatabaseConnection (/Users/antonabyzov/Projects/github/specweave-umb/repositories/anton-abyzov/0874-bulk-request-memory/src/lib/db.ts:175:11)\n' +
    '    at processTicksAndRejections (node:internal/process/task_queues:103:5)\n' +
    '    at getDb (/Users/antonabyzov/Projects/github/specweave-umb/repositories/anton-abyzov/0874-bulk-request-memory/src/lib/db.ts:256:24)\n' +
    '    at Object.get (/Users/antonabyzov/Projects/github/specweave-umb/repositories/anton-abyzov/0874-bulk-request-memory/src/lib/repo-identity-store.ts:32:22)\n' +
    '    at resolveRepoIdentity (/Users/antonabyzov/Projects/github/specweave-umb/repositories/anton-abyzov/0874-bulk-request-memory/src/db/dedup/repo-identity.ts:109:18)\n' +
    '    at handleBulkSubmission (/Users/antonabyzov/Projects/github/specweave-umb/repositories/anton-abyzov/0874-bulk-request-memory/src/app/api/v1/submissions/bulk/route.ts:394:14)\n' +
    '    at /Users/antonabyzov/Projects/github/specweave-umb/repositories/anton-abyzov/0874-bulk-request-memory/src/lib/db.ts:207:14\n' +
    '    at async Promise.all (index 69)\n' +
    '    at /Users/antonabyzov/Projects/github/specweave-umb/repositories/anton-abyzov/0874-bulk-request-memory/src/app/api/v1/submissions/bulk/__tests__/route.db-lifecycle.test.ts:96:21\n' +
    '    at file:///Users/antonabyzov/Projects/github/specweave-umb/repositories/anton-abyzov/0874-bulk-request-memory/node_modules/@vitest/runner/dist/chunk-hooks.js:752:20'
}
POST /api/v1/submissions/bulk error: {
  message: 'DATABASE_URL not configured (checked Hyperdrive, process.env, globalThis, worker context, and resolveEnv)',
  stack: 'Error: DATABASE_URL not configured (checked Hyperdrive, process.env, globalThis, worker context, and resolveEnv)\n' +
    '    at resolveFreshDatabaseConnection (/Users/antonabyzov/Projects/github/specweave-umb/repositories/anton-abyzov/0874-bulk-request-memory/src/lib/db.ts:175:11)\n' +
    '    at processTicksAndRejections (node:internal/process/task_queues:103:5)\n' +
    '    at getDb (/Users/antonabyzov/Projects/github/specweave-umb/repositories/anton-abyzov/0874-bulk-request-memory/src/lib/db.ts:256:24)\n' +
    '    at Object.get (/Users/antonabyzov/Projects/github/specweave-umb/repositories/anton-abyzov/0874-bulk-request-memory/src/lib/repo-identity-store.ts:32:22)\n' +
    '    at resolveRepoIdentity (/Users/antonabyzov/Projects/github/specweave-umb/repositories/anton-abyzov/0874-bulk-request-memory/src/db/dedup/repo-identity.ts:109:18)\n' +
    '    at handleBulkSubmission (/Users/antonabyzov/Projects/github/specweave-umb/repositories/anton-abyzov/0874-bulk-request-memory/src/app/api/v1/submissions/bulk/route.ts:394:14)\n' +
    '    at /Users/antonabyzov/Projects/github/specweave-umb/repositories/anton-abyzov/0874-bulk-request-memory/src/lib/db.ts:207:14\n' +
    '    at async Promise.all (index 70)\n' +
    '    at /Users/antonabyzov/Projects/github/specweave-umb/repositories/anton-abyzov/0874-bulk-request-memory/src/app/api/v1/submissions/bulk/__tests__/route.db-lifecycle.test.ts:96:21\n' +
    '    at file:///Users/antonabyzov/Projects/github/specweave-umb/repositories/anton-abyzov/0874-bulk-request-memory/node_modules/@vitest/runner/dist/chunk-hooks.js:752:20'
}
POST /api/v1/submissions/bulk error: {
  message: 'DATABASE_URL not configured (checked Hyperdrive, process.env, globalThis, worker context, and resolveEnv)',
  stack: 'Error: DATABASE_URL not configured (checked Hyperdrive, process.env, globalThis, worker context, and resolveEnv)\n' +
    '    at resolveFreshDatabaseConnection (/Users/antonabyzov/Projects/github/specweave-umb/repositories/anton-abyzov/0874-bulk-request-memory/src/lib/db.ts:175:11)\n' +
    '    at processTicksAndRejections (node:internal/process/task_queues:103:5)\n' +
    '    at getDb (/Users/antonabyzov/Projects/github/specweave-umb/repositories/anton-abyzov/0874-bulk-request-memory/src/lib/db.ts:256:24)\n' +
    '    at Object.get (/Users/antonabyzov/Projects/github/specweave-umb/repositories/anton-abyzov/0874-bulk-request-memory/src/lib/repo-identity-store.ts:32:22)\n' +
    '    at resolveRepoIdentity (/Users/antonabyzov/Projects/github/specweave-umb/repositories/anton-abyzov/0874-bulk-request-memory/src/db/dedup/repo-identity.ts:109:18)\n' +
    '    at handleBulkSubmission (/Users/antonabyzov/Projects/github/specweave-umb/repositories/anton-abyzov/0874-bulk-request-memory/src/app/api/v1/submissions/bulk/route.ts:394:14)\n' +
    '    at /Users/antonabyzov/Projects/github/specweave-umb/repositories/anton-abyzov/0874-bulk-request-memory/src/lib/db.ts:207:14\n' +
    '    at async Promise.all (index 71)\n' +
    '    at /Users/antonabyzov/Projects/github/specweave-umb/repositories/anton-abyzov/0874-bulk-request-memory/src/app/api/v1/submissions/bulk/__tests__/route.db-lifecycle.test.ts:96:21\n' +
    '    at file:///Users/antonabyzov/Projects/github/specweave-umb/repositories/anton-abyzov/0874-bulk-request-memory/node_modules/@vitest/runner/dist/chunk-hooks.js:752:20'
}
POST /api/v1/submissions/bulk error: {
  message: 'DATABASE_URL not configured (checked Hyperdrive, process.env, globalThis, worker context, and resolveEnv)',
  stack: 'Error: DATABASE_URL not configured (checked Hyperdrive, process.env, globalThis, worker context, and resolveEnv)\n' +
    '    at resolveFreshDatabaseConnection (/Users/antonabyzov/Projects/github/specweave-umb/repositories/anton-abyzov/0874-bulk-request-memory/src/lib/db.ts:175:11)\n' +
    '    at processTicksAndRejections (node:internal/process/task_queues:103:5)\n' +
    '    at getDb (/Users/antonabyzov/Projects/github/specweave-umb/repositories/anton-abyzov/0874-bulk-request-memory/src/lib/db.ts:256:24)\n' +
    '    at Object.get (/Users/antonabyzov/Projects/github/specweave-umb/repositories/anton-abyzov/0874-bulk-request-memory/src/lib/repo-identity-store.ts:32:22)\n' +
    '    at resolveRepoIdentity (/Users/antonabyzov/Projects/github/specweave-umb/repositories/anton-abyzov/0874-bulk-request-memory/src/db/dedup/repo-identity.ts:109:18)\n' +
    '    at handleBulkSubmission (/Users/antonabyzov/Projects/github/specweave-umb/repositories/anton-abyzov/0874-bulk-request-memory/src/app/api/v1/submissions/bulk/route.ts:394:14)\n' +
    '    at /Users/antonabyzov/Projects/github/specweave-umb/repositories/anton-abyzov/0874-bulk-request-memory/src/lib/db.ts:207:14\n' +
    '    at async Promise.all (index 72)\n' +
    '    at /Users/antonabyzov/Projects/github/specweave-umb/repositories/anton-abyzov/0874-bulk-request-memory/src/app/api/v1/submissions/bulk/__tests__/route.db-lifecycle.test.ts:96:21\n' +
    '    at file:///Users/antonabyzov/Projects/github/specweave-umb/repositories/anton-abyzov/0874-bulk-request-memory/node_modules/@vitest/runner/dist/chunk-hooks.js:752:20'
}
POST /api/v1/submissions/bulk error: {
  message: 'DATABASE_URL not configured (checked Hyperdrive, process.env, globalThis, worker context, and resolveEnv)',
  stack: 'Error: DATABASE_URL not configured (checked Hyperdrive, process.env, globalThis, worker context, and resolveEnv)\n' +
    '    at resolveFreshDatabaseConnection (/Users/antonabyzov/Projects/github/specweave-umb/repositories/anton-abyzov/0874-bulk-request-memory/src/lib/db.ts:175:11)\n' +
    '    at processTicksAndRejections (node:internal/process/task_queues:103:5)\n' +
    '    at getDb (/Users/antonabyzov/Projects/github/specweave-umb/repositories/anton-abyzov/0874-bulk-request-memory/src/lib/db.ts:256:24)\n' +
    '    at Object.get (/Users/antonabyzov/Projects/github/specweave-umb/repositories/anton-abyzov/0874-bulk-request-memory/src/lib/repo-identity-store.ts:32:22)\n' +
    '    at resolveRepoIdentity (/Users/antonabyzov/Projects/github/specweave-umb/repositories/anton-abyzov/0874-bulk-request-memory/src/db/dedup/repo-identity.ts:109:18)\n' +
    '    at handleBulkSubmission (/Users/antonabyzov/Projects/github/specweave-umb/repositories/anton-abyzov/0874-bulk-request-memory/src/app/api/v1/submissions/bulk/route.ts:394:14)\n' +
    '    at /Users/antonabyzov/Projects/github/specweave-umb/repositories/anton-abyzov/0874-bulk-request-memory/src/lib/db.ts:207:14\n' +
    '    at async Promise.all (index 73)\n' +
    '    at /Users/antonabyzov/Projects/github/specweave-umb/repositories/anton-abyzov/0874-bulk-request-memory/src/app/api/v1/submissions/bulk/__tests__/route.db-lifecycle.test.ts:96:21\n' +
    '    at file:///Users/antonabyzov/Projects/github/specweave-umb/repositories/anton-abyzov/0874-bulk-request-memory/node_modules/@vitest/runner/dist/chunk-hooks.js:752:20'
}
POST /api/v1/submissions/bulk error: {
  message: 'DATABASE_URL not configured (checked Hyperdrive, process.env, globalThis, worker context, and resolveEnv)',
  stack: 'Error: DATABASE_URL not configured (checked Hyperdrive, process.env, globalThis, worker context, and resolveEnv)\n' +
    '    at resolveFreshDatabaseConnection (/Users/antonabyzov/Projects/github/specweave-umb/repositories/anton-abyzov/0874-bulk-request-memory/src/lib/db.ts:175:11)\n' +
    '    at processTicksAndRejections (node:internal/process/task_queues:103:5)\n' +
    '    at getDb (/Users/antonabyzov/Projects/github/specweave-umb/repositories/anton-abyzov/0874-bulk-request-memory/src/lib/db.ts:256:24)\n' +
    '    at Object.get (/Users/antonabyzov/Projects/github/specweave-umb/repositories/anton-abyzov/0874-bulk-request-memory/src/lib/repo-identity-store.ts:32:22)\n' +
    '    at resolveRepoIdentity (/Users/antonabyzov/Projects/github/specweave-umb/repositories/anton-abyzov/0874-bulk-request-memory/src/db/dedup/repo-identity.ts:109:18)\n' +
    '    at handleBulkSubmission (/Users/antonabyzov/Projects/github/specweave-umb/repositories/anton-abyzov/0874-bulk-request-memory/src/app/api/v1/submissions/bulk/route.ts:394:14)\n' +
    '    at /Users/antonabyzov/Projects/github/specweave-umb/repositories/anton-abyzov/0874-bulk-request-memory/src/lib/db.ts:207:14\n' +
    '    at async Promise.all (index 74)\n' +
    '    at /Users/antonabyzov/Projects/github/specweave-umb/repositories/anton-abyzov/0874-bulk-request-memory/src/app/api/v1/submissions/bulk/__tests__/route.db-lifecycle.test.ts:96:21\n' +
    '    at file:///Users/antonabyzov/Projects/github/specweave-umb/repositories/anton-abyzov/0874-bulk-request-memory/node_modules/@vitest/runner/dist/chunk-hooks.js:752:20'
}
POST /api/v1/submissions/bulk error: {
  message: 'DATABASE_URL not configured (checked Hyperdrive, process.env, globalThis, worker context, and resolveEnv)',
  stack: 'Error: DATABASE_URL not configured (checked Hyperdrive, process.env, globalThis, worker context, and resolveEnv)\n' +
    '    at resolveFreshDatabaseConnection (/Users/antonabyzov/Projects/github/specweave-umb/repositories/anton-abyzov/0874-bulk-request-memory/src/lib/db.ts:175:11)\n' +
    '    at processTicksAndRejections (node:internal/process/task_queues:103:5)\n' +
    '    at getDb (/Users/antonabyzov/Projects/github/specweave-umb/repositories/anton-abyzov/0874-bulk-request-memory/src/lib/db.ts:256:24)\n' +
    '    at Object.get (/Users/antonabyzov/Projects/github/specweave-umb/repositories/anton-abyzov/0874-bulk-request-memory/src/lib/repo-identity-store.ts:32:22)\n' +
    '    at resolveRepoIdentity (/Users/antonabyzov/Projects/github/specweave-umb/repositories/anton-abyzov/0874-bulk-request-memory/src/db/dedup/repo-identity.ts:109:18)\n' +
    '    at handleBulkSubmission (/Users/antonabyzov/Projects/github/specweave-umb/repositories/anton-abyzov/0874-bulk-request-memory/src/app/api/v1/submissions/bulk/route.ts:394:14)\n' +
    '    at /Users/antonabyzov/Projects/github/specweave-umb/repositories/anton-abyzov/0874-bulk-request-memory/src/lib/db.ts:207:14\n' +
    '    at async Promise.all (index 75)\n' +
    '    at /Users/antonabyzov/Projects/github/specweave-umb/repositories/anton-abyzov/0874-bulk-request-memory/src/app/api/v1/submissions/bulk/__tests__/route.db-lifecycle.test.ts:96:21\n' +
    '    at file:///Users/antonabyzov/Projects/github/specweave-umb/repositories/anton-abyzov/0874-bulk-request-memory/node_modules/@vitest/runner/dist/chunk-hooks.js:752:20'
}
POST /api/v1/submissions/bulk error: {
  message: 'DATABASE_URL not configured (checked Hyperdrive, process.env, globalThis, worker context, and resolveEnv)',
  stack: 'Error: DATABASE_URL not configured (checked Hyperdrive, process.env, globalThis, worker context, and resolveEnv)\n' +
    '    at resolveFreshDatabaseConnection (/Users/antonabyzov/Projects/github/specweave-umb/repositories/anton-abyzov/0874-bulk-request-memory/src/lib/db.ts:175:11)\n' +
    '    at processTicksAndRejections (node:internal/process/task_queues:103:5)\n' +
    '    at getDb (/Users/antonabyzov/Projects/github/specweave-umb/repositories/anton-abyzov/0874-bulk-request-memory/src/lib/db.ts:256:24)\n' +
    '    at Object.get (/Users/antonabyzov/Projects/github/specweave-umb/repositories/anton-abyzov/0874-bulk-request-memory/src/lib/repo-identity-store.ts:32:22)\n' +
    '    at resolveRepoIdentity (/Users/antonabyzov/Projects/github/specweave-umb/repositories/anton-abyzov/0874-bulk-request-memory/src/db/dedup/repo-identity.ts:109:18)\n' +
    '    at handleBulkSubmission (/Users/antonabyzov/Projects/github/specweave-umb/repositories/anton-abyzov/0874-bulk-request-memory/src/app/api/v1/submissions/bulk/route.ts:394:14)\n' +
    '    at /Users/antonabyzov/Projects/github/specweave-umb/repositories/anton-abyzov/0874-bulk-request-memory/src/lib/db.ts:207:14\n' +
    '    at async Promise.all (index 76)\n' +
    '    at /Users/antonabyzov/Projects/github/specweave-umb/repositories/anton-abyzov/0874-bulk-request-memory/src/app/api/v1/submissions/bulk/__tests__/route.db-lifecycle.test.ts:96:21\n' +
    '    at file:///Users/antonabyzov/Projects/github/specweave-umb/repositories/anton-abyzov/0874-bulk-request-memory/node_modules/@vitest/runner/dist/chunk-hooks.js:752:20'
}
POST /api/v1/submissions/bulk error: {
  message: 'DATABASE_URL not configured (checked Hyperdrive, process.env, globalThis, worker context, and resolveEnv)',
  stack: 'Error: DATABASE_URL not configured (checked Hyperdrive, process.env, globalThis, worker context, and resolveEnv)\n' +
    '    at resolveFreshDatabaseConnection (/Users/antonabyzov/Projects/github/specweave-umb/repositories/anton-abyzov/0874-bulk-request-memory/src/lib/db.ts:175:11)\n' +
    '    at processTicksAndRejections (node:internal/process/task_queues:103:5)\n' +
    '    at getDb (/Users/antonabyzov/Projects/github/specweave-umb/repositories/anton-abyzov/0874-bulk-request-memory/src/lib/db.ts:256:24)\n' +
    '    at Object.get (/Users/antonabyzov/Projects/github/specweave-umb/repositories/anton-abyzov/0874-bulk-request-memory/src/lib/repo-identity-store.ts:32:22)\n' +
    '    at resolveRepoIdentity (/Users/antonabyzov/Projects/github/specweave-umb/repositories/anton-abyzov/0874-bulk-request-memory/src/db/dedup/repo-identity.ts:109:18)\n' +
    '    at handleBulkSubmission (/Users/antonabyzov/Projects/github/specweave-umb/repositories/anton-abyzov/0874-bulk-request-memory/src/app/api/v1/submissions/bulk/route.ts:394:14)\n' +
    '    at /Users/antonabyzov/Projects/github/specweave-umb/repositories/anton-abyzov/0874-bulk-request-memory/src/lib/db.ts:207:14\n' +
    '    at async Promise.all (index 77)\n' +
    '    at /Users/antonabyzov/Projects/github/specweave-umb/repositories/anton-abyzov/0874-bulk-request-memory/src/app/api/v1/submissions/bulk/__tests__/route.db-lifecycle.test.ts:96:21\n' +
    '    at file:///Users/antonabyzov/Projects/github/specweave-umb/repositories/anton-abyzov/0874-bulk-request-memory/node_modules/@vitest/runner/dist/chunk-hooks.js:752:20'
}
POST /api/v1/submissions/bulk error: {
  message: 'DATABASE_URL not configured (checked Hyperdrive, process.env, globalThis, worker context, and resolveEnv)',
  stack: 'Error: DATABASE_URL not configured (checked Hyperdrive, process.env, globalThis, worker context, and resolveEnv)\n' +
    '    at resolveFreshDatabaseConnection (/Users/antonabyzov/Projects/github/specweave-umb/repositories/anton-abyzov/0874-bulk-request-memory/src/lib/db.ts:175:11)\n' +
    '    at processTicksAndRejections (node:internal/process/task_queues:103:5)\n' +
    '    at getDb (/Users/antonabyzov/Projects/github/specweave-umb/repositories/anton-abyzov/0874-bulk-request-memory/src/lib/db.ts:256:24)\n' +
    '    at Object.get (/Users/antonabyzov/Projects/github/specweave-umb/repositories/anton-abyzov/0874-bulk-request-memory/src/lib/repo-identity-store.ts:32:22)\n' +
    '    at resolveRepoIdentity (/Users/antonabyzov/Projects/github/specweave-umb/repositories/anton-abyzov/0874-bulk-request-memory/src/db/dedup/repo-identity.ts:109:18)\n' +
    '    at handleBulkSubmission (/Users/antonabyzov/Projects/github/specweave-umb/repositories/anton-abyzov/0874-bulk-request-memory/src/app/api/v1/submissions/bulk/route.ts:394:14)\n' +
    '    at /Users/antonabyzov/Projects/github/specweave-umb/repositories/anton-abyzov/0874-bulk-request-memory/src/lib/db.ts:207:14\n' +
    '    at async Promise.all (index 78)\n' +
    '    at /Users/antonabyzov/Projects/github/specweave-umb/repositories/anton-abyzov/0874-bulk-request-memory/src/app/api/v1/submissions/bulk/__tests__/route.db-lifecycle.test.ts:96:21\n' +
    '    at file:///Users/antonabyzov/Projects/github/specweave-umb/repositories/anton-abyzov/0874-bulk-request-memory/node_modules/@vitest/runner/dist/chunk-hooks.js:752:20'
}
POST /api/v1/submissions/bulk error: {
  message: 'DATABASE_URL not configured (checked Hyperdrive, process.env, globalThis, worker context, and resolveEnv)',
  stack: 'Error: DATABASE_URL not configured (checked Hyperdrive, process.env, globalThis, worker context, and resolveEnv)\n' +
    '    at resolveFreshDatabaseConnection (/Users/antonabyzov/Projects/github/specweave-umb/repositories/anton-abyzov/0874-bulk-request-memory/src/lib/db.ts:175:11)\n' +
    '    at processTicksAndRejections (node:internal/process/task_queues:103:5)\n' +
    '    at getDb (/Users/antonabyzov/Projects/github/specweave-umb/repositories/anton-abyzov/0874-bulk-request-memory/src/lib/db.ts:256:24)\n' +
    '    at Object.get (/Users/antonabyzov/Projects/github/specweave-umb/repositories/anton-abyzov/0874-bulk-request-memory/src/lib/repo-identity-store.ts:32:22)\n' +
    '    at resolveRepoIdentity (/Users/antonabyzov/Projects/github/specweave-umb/repositories/anton-abyzov/0874-bulk-request-memory/src/db/dedup/repo-identity.ts:109:18)\n' +
    '    at handleBulkSubmission (/Users/antonabyzov/Projects/github/specweave-umb/repositories/anton-abyzov/0874-bulk-request-memory/src/app/api/v1/submissions/bulk/route.ts:394:14)\n' +
    '    at /Users/antonabyzov/Projects/github/specweave-umb/repositories/anton-abyzov/0874-bulk-request-memory/src/lib/db.ts:207:14\n' +
    '    at async Promise.all (index 79)\n' +
    '    at /Users/antonabyzov/Projects/github/specweave-umb/repositories/anton-abyzov/0874-bulk-request-memory/src/app/api/v1/submissions/bulk/__tests__/route.db-lifecycle.test.ts:96:21\n' +
    '    at file:///Users/antonabyzov/Projects/github/specweave-umb/repositories/anton-abyzov/0874-bulk-request-memory/node_modules/@vitest/runner/dist/chunk-hooks.js:752:20'
}
POST /api/v1/submissions/bulk error: {
  message: 'DATABASE_URL not configured (checked Hyperdrive, process.env, globalThis, worker context, and resolveEnv)',
  stack: 'Error: DATABASE_URL not configured (checked Hyperdrive, process.env, globalThis, worker context, and resolveEnv)\n' +
    '    at resolveFreshDatabaseConnection (/Users/antonabyzov/Projects/github/specweave-umb/repositories/anton-abyzov/0874-bulk-request-memory/src/lib/db.ts:175:11)\n' +
    '    at processTicksAndRejections (node:internal/process/task_queues:103:5)\n' +
    '    at getDb (/Users/antonabyzov/Projects/github/specweave-umb/repositories/anton-abyzov/0874-bulk-request-memory/src/lib/db.ts:256:24)\n' +
    '    at Object.get (/Users/antonabyzov/Projects/github/specweave-umb/repositories/anton-abyzov/0874-bulk-request-memory/src/lib/repo-identity-store.ts:32:22)\n' +
    '    at resolveRepoIdentity (/Users/antonabyzov/Projects/github/specweave-umb/repositories/anton-abyzov/0874-bulk-request-memory/src/db/dedup/repo-identity.ts:109:18)\n' +
    '    at handleBulkSubmission (/Users/antonabyzov/Projects/github/specweave-umb/repositories/anton-abyzov/0874-bulk-request-memory/src/app/api/v1/submissions/bulk/route.ts:394:14)\n' +
    '    at /Users/antonabyzov/Projects/github/specweave-umb/repositories/anton-abyzov/0874-bulk-request-memory/src/lib/db.ts:207:14\n' +
    '    at async Promise.all (index 80)\n' +
    '    at /Users/antonabyzov/Projects/github/specweave-umb/repositories/anton-abyzov/0874-bulk-request-memory/src/app/api/v1/submissions/bulk/__tests__/route.db-lifecycle.test.ts:96:21\n' +
    '    at file:///Users/antonabyzov/Projects/github/specweave-umb/repositories/anton-abyzov/0874-bulk-request-memory/node_modules/@vitest/runner/dist/chunk-hooks.js:752:20'
}
POST /api/v1/submissions/bulk error: {
  message: 'DATABASE_URL not configured (checked Hyperdrive, process.env, globalThis, worker context, and resolveEnv)',
  stack: 'Error: DATABASE_URL not configured (checked Hyperdrive, process.env, globalThis, worker context, and resolveEnv)\n' +
    '    at resolveFreshDatabaseConnection (/Users/antonabyzov/Projects/github/specweave-umb/repositories/anton-abyzov/0874-bulk-request-memory/src/lib/db.ts:175:11)\n' +
    '    at processTicksAndRejections (node:internal/process/task_queues:103:5)\n' +
    '    at getDb (/Users/antonabyzov/Projects/github/specweave-umb/repositories/anton-abyzov/0874-bulk-request-memory/src/lib/db.ts:256:24)\n' +
    '    at Object.get (/Users/antonabyzov/Projects/github/specweave-umb/repositories/anton-abyzov/0874-bulk-request-memory/src/lib/repo-identity-store.ts:32:22)\n' +
    '    at resolveRepoIdentity (/Users/antonabyzov/Projects/github/specweave-umb/repositories/anton-abyzov/0874-bulk-request-memory/src/db/dedup/repo-identity.ts:109:18)\n' +
    '    at handleBulkSubmission (/Users/antonabyzov/Projects/github/specweave-umb/repositories/anton-abyzov/0874-bulk-request-memory/src/app/api/v1/submissions/bulk/route.ts:394:14)\n' +
    '    at /Users/antonabyzov/Projects/github/specweave-umb/repositories/anton-abyzov/0874-bulk-request-memory/src/lib/db.ts:207:14\n' +
    '    at async Promise.all (index 81)\n' +
    '    at /Users/antonabyzov/Projects/github/specweave-umb/repositories/anton-abyzov/0874-bulk-request-memory/src/app/api/v1/submissions/bulk/__tests__/route.db-lifecycle.test.ts:96:21\n' +
    '    at file:///Users/antonabyzov/Projects/github/specweave-umb/repositories/anton-abyzov/0874-bulk-request-memory/node_modules/@vitest/runner/dist/chunk-hooks.js:752:20'
}
POST /api/v1/submissions/bulk error: {
  message: 'DATABASE_URL not configured (checked Hyperdrive, process.env, globalThis, worker context, and resolveEnv)',
  stack: 'Error: DATABASE_URL not configured (checked Hyperdrive, process.env, globalThis, worker context, and resolveEnv)\n' +
    '    at resolveFreshDatabaseConnection (/Users/antonabyzov/Projects/github/specweave-umb/repositories/anton-abyzov/0874-bulk-request-memory/src/lib/db.ts:175:11)\n' +
    '    at processTicksAndRejections (node:internal/process/task_queues:103:5)\n' +
    '    at getDb (/Users/antonabyzov/Projects/github/specweave-umb/repositories/anton-abyzov/0874-bulk-request-memory/src/lib/db.ts:256:24)\n' +
    '    at Object.get (/Users/antonabyzov/Projects/github/specweave-umb/repositories/anton-abyzov/0874-bulk-request-memory/src/lib/repo-identity-store.ts:32:22)\n' +
    '    at resolveRepoIdentity (/Users/antonabyzov/Projects/github/specweave-umb/repositories/anton-abyzov/0874-bulk-request-memory/src/db/dedup/repo-identity.ts:109:18)\n' +
    '    at handleBulkSubmission (/Users/antonabyzov/Projects/github/specweave-umb/repositories/anton-abyzov/0874-bulk-request-memory/src/app/api/v1/submissions/bulk/route.ts:394:14)\n' +
    '    at /Users/antonabyzov/Projects/github/specweave-umb/repositories/anton-abyzov/0874-bulk-request-memory/src/lib/db.ts:207:14\n' +
    '    at async Promise.all (index 82)\n' +
    '    at /Users/antonabyzov/Projects/github/specweave-umb/repositories/anton-abyzov/0874-bulk-request-memory/src/app/api/v1/submissions/bulk/__tests__/route.db-lifecycle.test.ts:96:21\n' +
    '    at file:///Users/antonabyzov/Projects/github/specweave-umb/repositories/anton-abyzov/0874-bulk-request-memory/node_modules/@vitest/runner/dist/chunk-hooks.js:752:20'
}
POST /api/v1/submissions/bulk error: {
  message: 'DATABASE_URL not configured (checked Hyperdrive, process.env, globalThis, worker context, and resolveEnv)',
  stack: 'Error: DATABASE_URL not configured (checked Hyperdrive, process.env, globalThis, worker context, and resolveEnv)\n' +
    '    at resolveFreshDatabaseConnection (/Users/antonabyzov/Projects/github/specweave-umb/repositories/anton-abyzov/0874-bulk-request-memory/src/lib/db.ts:175:11)\n' +
    '    at processTicksAndRejections (node:internal/process/task_queues:103:5)\n' +
    '    at getDb (/Users/antonabyzov/Projects/github/specweave-umb/repositories/anton-abyzov/0874-bulk-request-memory/src/lib/db.ts:256:24)\n' +
    '    at Object.get (/Users/antonabyzov/Projects/github/specweave-umb/repositories/anton-abyzov/0874-bulk-request-memory/src/lib/repo-identity-store.ts:32:22)\n' +
    '    at resolveRepoIdentity (/Users/antonabyzov/Projects/github/specweave-umb/repositories/anton-abyzov/0874-bulk-request-memory/src/db/dedup/repo-identity.ts:109:18)\n' +
    '    at handleBulkSubmission (/Users/antonabyzov/Projects/github/specweave-umb/repositories/anton-abyzov/0874-bulk-request-memory/src/app/api/v1/submissions/bulk/route.ts:394:14)\n' +
    '    at /Users/antonabyzov/Projects/github/specweave-umb/repositories/anton-abyzov/0874-bulk-request-memory/src/lib/db.ts:207:14\n' +
    '    at async Promise.all (index 83)\n' +
    '    at /Users/antonabyzov/Projects/github/specweave-umb/repositories/anton-abyzov/0874-bulk-request-memory/src/app/api/v1/submissions/bulk/__tests__/route.db-lifecycle.test.ts:96:21\n' +
    '    at file:///Users/antonabyzov/Projects/github/specweave-umb/repositories/anton-abyzov/0874-bulk-request-memory/node_modules/@vitest/runner/dist/chunk-hooks.js:752:20'
}
POST /api/v1/submissions/bulk error: {
  message: 'DATABASE_URL not configured (checked Hyperdrive, process.env, globalThis, worker context, and resolveEnv)',
  stack: 'Error: DATABASE_URL not configured (checked Hyperdrive, process.env, globalThis, worker context, and resolveEnv)\n' +
    '    at resolveFreshDatabaseConnection (/Users/antonabyzov/Projects/github/specweave-umb/repositories/anton-abyzov/0874-bulk-request-memory/src/lib/db.ts:175:11)\n' +
    '    at processTicksAndRejections (node:internal/process/task_queues:103:5)\n' +
    '    at getDb (/Users/antonabyzov/Projects/github/specweave-umb/repositories/anton-abyzov/0874-bulk-request-memory/src/lib/db.ts:256:24)\n' +
    '    at Object.get (/Users/antonabyzov/Projects/github/specweave-umb/repositories/anton-abyzov/0874-bulk-request-memory/src/lib/repo-identity-store.ts:32:22)\n' +
    '    at resolveRepoIdentity (/Users/antonabyzov/Projects/github/specweave-umb/repositories/anton-abyzov/0874-bulk-request-memory/src/db/dedup/repo-identity.ts:109:18)\n' +
    '    at handleBulkSubmission (/Users/antonabyzov/Projects/github/specweave-umb/repositories/anton-abyzov/0874-bulk-request-memory/src/app/api/v1/submissions/bulk/route.ts:394:14)\n' +
    '    at /Users/antonabyzov/Projects/github/specweave-umb/repositories/anton-abyzov/0874-bulk-request-memory/src/lib/db.ts:207:14\n' +
    '    at async Promise.all (index 84)\n' +
    '    at /Users/antonabyzov/Projects/github/specweave-umb/repositories/anton-abyzov/0874-bulk-request-memory/src/app/api/v1/submissions/bulk/__tests__/route.db-lifecycle.test.ts:96:21\n' +
    '    at file:///Users/antonabyzov/Projects/github/specweave-umb/repositories/anton-abyzov/0874-bulk-request-memory/node_modules/@vitest/runner/dist/chunk-hooks.js:752:20'
}
POST /api/v1/submissions/bulk error: {
  message: 'DATABASE_URL not configured (checked Hyperdrive, process.env, globalThis, worker context, and resolveEnv)',
  stack: 'Error: DATABASE_URL not configured (checked Hyperdrive, process.env, globalThis, worker context, and resolveEnv)\n' +
    '    at resolveFreshDatabaseConnection (/Users/antonabyzov/Projects/github/specweave-umb/repositories/anton-abyzov/0874-bulk-request-memory/src/lib/db.ts:175:11)\n' +
    '    at processTicksAndRejections (node:internal/process/task_queues:103:5)\n' +
    '    at getDb (/Users/antonabyzov/Projects/github/specweave-umb/repositories/anton-abyzov/0874-bulk-request-memory/src/lib/db.ts:256:24)\n' +
    '    at Object.get (/Users/antonabyzov/Projects/github/specweave-umb/repositories/anton-abyzov/0874-bulk-request-memory/src/lib/repo-identity-store.ts:32:22)\n' +
    '    at resolveRepoIdentity (/Users/antonabyzov/Projects/github/specweave-umb/repositories/anton-abyzov/0874-bulk-request-memory/src/db/dedup/repo-identity.ts:109:18)\n' +
    '    at handleBulkSubmission (/Users/antonabyzov/Projects/github/specweave-umb/repositories/anton-abyzov/0874-bulk-request-memory/src/app/api/v1/submissions/bulk/route.ts:394:14)\n' +
    '    at /Users/antonabyzov/Projects/github/specweave-umb/repositories/anton-abyzov/0874-bulk-request-memory/src/lib/db.ts:207:14\n' +
    '    at async Promise.all (index 85)\n' +
    '    at /Users/antonabyzov/Projects/github/specweave-umb/repositories/anton-abyzov/0874-bulk-request-memory/src/app/api/v1/submissions/bulk/__tests__/route.db-lifecycle.test.ts:96:21\n' +
    '    at file:///Users/antonabyzov/Projects/github/specweave-umb/repositories/anton-abyzov/0874-bulk-request-memory/node_modules/@vitest/runner/dist/chunk-hooks.js:752:20'
}
POST /api/v1/submissions/bulk error: {
  message: 'DATABASE_URL not configured (checked Hyperdrive, process.env, globalThis, worker context, and resolveEnv)',
  stack: 'Error: DATABASE_URL not configured (checked Hyperdrive, process.env, globalThis, worker context, and resolveEnv)\n' +
    '    at resolveFreshDatabaseConnection (/Users/antonabyzov/Projects/github/specweave-umb/repositories/anton-abyzov/0874-bulk-request-memory/src/lib/db.ts:175:11)\n' +
    '    at processTicksAndRejections (node:internal/process/task_queues:103:5)\n' +
    '    at getDb (/Users/antonabyzov/Projects/github/specweave-umb/repositories/anton-abyzov/0874-bulk-request-memory/src/lib/db.ts:256:24)\n' +
    '    at Object.get (/Users/antonabyzov/Projects/github/specweave-umb/repositories/anton-abyzov/0874-bulk-request-memory/src/lib/repo-identity-store.ts:32:22)\n' +
    '    at resolveRepoIdentity (/Users/antonabyzov/Projects/github/specweave-umb/repositories/anton-abyzov/0874-bulk-request-memory/src/db/dedup/repo-identity.ts:109:18)\n' +
    '    at handleBulkSubmission (/Users/antonabyzov/Projects/github/specweave-umb/repositories/anton-abyzov/0874-bulk-request-memory/src/app/api/v1/submissions/bulk/route.ts:394:14)\n' +
    '    at /Users/antonabyzov/Projects/github/specweave-umb/repositories/anton-abyzov/0874-bulk-request-memory/src/lib/db.ts:207:14\n' +
    '    at async Promise.all (index 86)\n' +
    '    at /Users/antonabyzov/Projects/github/specweave-umb/repositories/anton-abyzov/0874-bulk-request-memory/src/app/api/v1/submissions/bulk/__tests__/route.db-lifecycle.test.ts:96:21\n' +
    '    at file:///Users/antonabyzov/Projects/github/specweave-umb/repositories/anton-abyzov/0874-bulk-request-memory/node_modules/@vitest/runner/dist/chunk-hooks.js:752:20'
}
POST /api/v1/submissions/bulk error: {
  message: 'DATABASE_URL not configured (checked Hyperdrive, process.env, globalThis, worker context, and resolveEnv)',
  stack: 'Error: DATABASE_URL not configured (checked Hyperdrive, process.env, globalThis, worker context, and resolveEnv)\n' +
    '    at resolveFreshDatabaseConnection (/Users/antonabyzov/Projects/github/specweave-umb/repositories/anton-abyzov/0874-bulk-request-memory/src/lib/db.ts:175:11)\n' +
    '    at processTicksAndRejections (node:internal/process/task_queues:103:5)\n' +
    '    at getDb (/Users/antonabyzov/Projects/github/specweave-umb/repositories/anton-abyzov/0874-bulk-request-memory/src/lib/db.ts:256:24)\n' +
    '    at Object.get (/Users/antonabyzov/Projects/github/specweave-umb/repositories/anton-abyzov/0874-bulk-request-memory/src/lib/repo-identity-store.ts:32:22)\n' +
    '    at resolveRepoIdentity (/Users/antonabyzov/Projects/github/specweave-umb/repositories/anton-abyzov/0874-bulk-request-memory/src/db/dedup/repo-identity.ts:109:18)\n' +
    '    at handleBulkSubmission (/Users/antonabyzov/Projects/github/specweave-umb/repositories/anton-abyzov/0874-bulk-request-memory/src/app/api/v1/submissions/bulk/route.ts:394:14)\n' +
    '    at /Users/antonabyzov/Projects/github/specweave-umb/repositories/anton-abyzov/0874-bulk-request-memory/src/lib/db.ts:207:14\n' +
    '    at async Promise.all (index 87)\n' +
    '    at /Users/antonabyzov/Projects/github/specweave-umb/repositories/anton-abyzov/0874-bulk-request-memory/src/app/api/v1/submissions/bulk/__tests__/route.db-lifecycle.test.ts:96:21\n' +
    '    at file:///Users/antonabyzov/Projects/github/specweave-umb/repositories/anton-abyzov/0874-bulk-request-memory/node_modules/@vitest/runner/dist/chunk-hooks.js:752:20'
}
POST /api/v1/submissions/bulk error: {
  message: 'DATABASE_URL not configured (checked Hyperdrive, process.env, globalThis, worker context, and resolveEnv)',
  stack: 'Error: DATABASE_URL not configured (checked Hyperdrive, process.env, globalThis, worker context, and resolveEnv)\n' +
    '    at resolveFreshDatabaseConnection (/Users/antonabyzov/Projects/github/specweave-umb/repositories/anton-abyzov/0874-bulk-request-memory/src/lib/db.ts:175:11)\n' +
    '    at processTicksAndRejections (node:internal/process/task_queues:103:5)\n' +
    '    at getDb (/Users/antonabyzov/Projects/github/specweave-umb/repositories/anton-abyzov/0874-bulk-request-memory/src/lib/db.ts:256:24)\n' +
    '    at Object.get (/Users/antonabyzov/Projects/github/specweave-umb/repositories/anton-abyzov/0874-bulk-request-memory/src/lib/repo-identity-store.ts:32:22)\n' +
    '    at resolveRepoIdentity (/Users/antonabyzov/Projects/github/specweave-umb/repositories/anton-abyzov/0874-bulk-request-memory/src/db/dedup/repo-identity.ts:109:18)\n' +
    '    at handleBulkSubmission (/Users/antonabyzov/Projects/github/specweave-umb/repositories/anton-abyzov/0874-bulk-request-memory/src/app/api/v1/submissions/bulk/route.ts:394:14)\n' +
    '    at /Users/antonabyzov/Projects/github/specweave-umb/repositories/anton-abyzov/0874-bulk-request-memory/src/lib/db.ts:207:14\n' +
    '    at async Promise.all (index 88)\n' +
    '    at /Users/antonabyzov/Projects/github/specweave-umb/repositories/anton-abyzov/0874-bulk-request-memory/src/app/api/v1/submissions/bulk/__tests__/route.db-lifecycle.test.ts:96:21\n' +
    '    at file:///Users/antonabyzov/Projects/github/specweave-umb/repositories/anton-abyzov/0874-bulk-request-memory/node_modules/@vitest/runner/dist/chunk-hooks.js:752:20'
}
POST /api/v1/submissions/bulk error: {
  message: 'DATABASE_URL not configured (checked Hyperdrive, process.env, globalThis, worker context, and resolveEnv)',
  stack: 'Error: DATABASE_URL not configured (checked Hyperdrive, process.env, globalThis, worker context, and resolveEnv)\n' +
    '    at resolveFreshDatabaseConnection (/Users/antonabyzov/Projects/github/specweave-umb/repositories/anton-abyzov/0874-bulk-request-memory/src/lib/db.ts:175:11)\n' +
    '    at processTicksAndRejections (node:internal/process/task_queues:103:5)\n' +
    '    at getDb (/Users/antonabyzov/Projects/github/specweave-umb/repositories/anton-abyzov/0874-bulk-request-memory/src/lib/db.ts:256:24)\n' +
    '    at Object.get (/Users/antonabyzov/Projects/github/specweave-umb/repositories/anton-abyzov/0874-bulk-request-memory/src/lib/repo-identity-store.ts:32:22)\n' +
    '    at resolveRepoIdentity (/Users/antonabyzov/Projects/github/specweave-umb/repositories/anton-abyzov/0874-bulk-request-memory/src/db/dedup/repo-identity.ts:109:18)\n' +
    '    at handleBulkSubmission (/Users/antonabyzov/Projects/github/specweave-umb/repositories/anton-abyzov/0874-bulk-request-memory/src/app/api/v1/submissions/bulk/route.ts:394:14)\n' +
    '    at /Users/antonabyzov/Projects/github/specweave-umb/repositories/anton-abyzov/0874-bulk-request-memory/src/lib/db.ts:207:14\n' +
    '    at async Promise.all (index 89)\n' +
    '    at /Users/antonabyzov/Projects/github/specweave-umb/repositories/anton-abyzov/0874-bulk-request-memory/src/app/api/v1/submissions/bulk/__tests__/route.db-lifecycle.test.ts:96:21\n' +
    '    at file:///Users/antonabyzov/Projects/github/specweave-umb/repositories/anton-abyzov/0874-bulk-request-memory/node_modules/@vitest/runner/dist/chunk-hooks.js:752:20'
}
POST /api/v1/submissions/bulk error: {
  message: 'DATABASE_URL not configured (checked Hyperdrive, process.env, globalThis, worker context, and resolveEnv)',
  stack: 'Error: DATABASE_URL not configured (checked Hyperdrive, process.env, globalThis, worker context, and resolveEnv)\n' +
    '    at resolveFreshDatabaseConnection (/Users/antonabyzov/Projects/github/specweave-umb/repositories/anton-abyzov/0874-bulk-request-memory/src/lib/db.ts:175:11)\n' +
    '    at processTicksAndRejections (node:internal/process/task_queues:103:5)\n' +
    '    at getDb (/Users/antonabyzov/Projects/github/specweave-umb/repositories/anton-abyzov/0874-bulk-request-memory/src/lib/db.ts:256:24)\n' +
    '    at Object.get (/Users/antonabyzov/Projects/github/specweave-umb/repositories/anton-abyzov/0874-bulk-request-memory/src/lib/repo-identity-store.ts:32:22)\n' +
    '    at resolveRepoIdentity (/Users/antonabyzov/Projects/github/specweave-umb/repositories/anton-abyzov/0874-bulk-request-memory/src/db/dedup/repo-identity.ts:109:18)\n' +
    '    at handleBulkSubmission (/Users/antonabyzov/Projects/github/specweave-umb/repositories/anton-abyzov/0874-bulk-request-memory/src/app/api/v1/submissions/bulk/route.ts:394:14)\n' +
    '    at /Users/antonabyzov/Projects/github/specweave-umb/repositories/anton-abyzov/0874-bulk-request-memory/src/lib/db.ts:207:14\n' +
    '    at async Promise.all (index 90)\n' +
    '    at /Users/antonabyzov/Projects/github/specweave-umb/repositories/anton-abyzov/0874-bulk-request-memory/src/app/api/v1/submissions/bulk/__tests__/route.db-lifecycle.test.ts:96:21\n' +
    '    at file:///Users/antonabyzov/Projects/github/specweave-umb/repositories/anton-abyzov/0874-bulk-request-memory/node_modules/@vitest/runner/dist/chunk-hooks.js:752:20'
}
POST /api/v1/submissions/bulk error: {
  message: 'DATABASE_URL not configured (checked Hyperdrive, process.env, globalThis, worker context, and resolveEnv)',
  stack: 'Error: DATABASE_URL not configured (checked Hyperdrive, process.env, globalThis, worker context, and resolveEnv)\n' +
    '    at resolveFreshDatabaseConnection (/Users/antonabyzov/Projects/github/specweave-umb/repositories/anton-abyzov/0874-bulk-request-memory/src/lib/db.ts:175:11)\n' +
    '    at processTicksAndRejections (node:internal/process/task_queues:103:5)\n' +
    '    at getDb (/Users/antonabyzov/Projects/github/specweave-umb/repositories/anton-abyzov/0874-bulk-request-memory/src/lib/db.ts:256:24)\n' +
    '    at Object.get (/Users/antonabyzov/Projects/github/specweave-umb/repositories/anton-abyzov/0874-bulk-request-memory/src/lib/repo-identity-store.ts:32:22)\n' +
    '    at resolveRepoIdentity (/Users/antonabyzov/Projects/github/specweave-umb/repositories/anton-abyzov/0874-bulk-request-memory/src/db/dedup/repo-identity.ts:109:18)\n' +
    '    at handleBulkSubmission (/Users/antonabyzov/Projects/github/specweave-umb/repositories/anton-abyzov/0874-bulk-request-memory/src/app/api/v1/submissions/bulk/route.ts:394:14)\n' +
    '    at /Users/antonabyzov/Projects/github/specweave-umb/repositories/anton-abyzov/0874-bulk-request-memory/src/lib/db.ts:207:14\n' +
    '    at async Promise.all (index 91)\n' +
    '    at /Users/antonabyzov/Projects/github/specweave-umb/repositories/anton-abyzov/0874-bulk-request-memory/src/app/api/v1/submissions/bulk/__tests__/route.db-lifecycle.test.ts:96:21\n' +
    '    at file:///Users/antonabyzov/Projects/github/specweave-umb/repositories/anton-abyzov/0874-bulk-request-memory/node_modules/@vitest/runner/dist/chunk-hooks.js:752:20'
}
POST /api/v1/submissions/bulk error: {
  message: 'DATABASE_URL not configured (checked Hyperdrive, process.env, globalThis, worker context, and resolveEnv)',
  stack: 'Error: DATABASE_URL not configured (checked Hyperdrive, process.env, globalThis, worker context, and resolveEnv)\n' +
    '    at resolveFreshDatabaseConnection (/Users/antonabyzov/Projects/github/specweave-umb/repositories/anton-abyzov/0874-bulk-request-memory/src/lib/db.ts:175:11)\n' +
    '    at processTicksAndRejections (node:internal/process/task_queues:103:5)\n' +
    '    at getDb (/Users/antonabyzov/Projects/github/specweave-umb/repositories/anton-abyzov/0874-bulk-request-memory/src/lib/db.ts:256:24)\n' +
    '    at Object.get (/Users/antonabyzov/Projects/github/specweave-umb/repositories/anton-abyzov/0874-bulk-request-memory/src/lib/repo-identity-store.ts:32:22)\n' +
    '    at resolveRepoIdentity (/Users/antonabyzov/Projects/github/specweave-umb/repositories/anton-abyzov/0874-bulk-request-memory/src/db/dedup/repo-identity.ts:109:18)\n' +
    '    at handleBulkSubmission (/Users/antonabyzov/Projects/github/specweave-umb/repositories/anton-abyzov/0874-bulk-request-memory/src/app/api/v1/submissions/bulk/route.ts:394:14)\n' +
    '    at /Users/antonabyzov/Projects/github/specweave-umb/repositories/anton-abyzov/0874-bulk-request-memory/src/lib/db.ts:207:14\n' +
    '    at async Promise.all (index 92)\n' +
    '    at /Users/antonabyzov/Projects/github/specweave-umb/repositories/anton-abyzov/0874-bulk-request-memory/src/app/api/v1/submissions/bulk/__tests__/route.db-lifecycle.test.ts:96:21\n' +
    '    at file:///Users/antonabyzov/Projects/github/specweave-umb/repositories/anton-abyzov/0874-bulk-request-memory/node_modules/@vitest/runner/dist/chunk-hooks.js:752:20'
}
POST /api/v1/submissions/bulk error: {
  message: 'DATABASE_URL not configured (checked Hyperdrive, process.env, globalThis, worker context, and resolveEnv)',
  stack: 'Error: DATABASE_URL not configured (checked Hyperdrive, process.env, globalThis, worker context, and resolveEnv)\n' +
    '    at resolveFreshDatabaseConnection (/Users/antonabyzov/Projects/github/specweave-umb/repositories/anton-abyzov/0874-bulk-request-memory/src/lib/db.ts:175:11)\n' +
    '    at processTicksAndRejections (node:internal/process/task_queues:103:5)\n' +
    '    at getDb (/Users/antonabyzov/Projects/github/specweave-umb/repositories/anton-abyzov/0874-bulk-request-memory/src/lib/db.ts:256:24)\n' +
    '    at Object.get (/Users/antonabyzov/Projects/github/specweave-umb/repositories/anton-abyzov/0874-bulk-request-memory/src/lib/repo-identity-store.ts:32:22)\n' +
    '    at resolveRepoIdentity (/Users/antonabyzov/Projects/github/specweave-umb/repositories/anton-abyzov/0874-bulk-request-memory/src/db/dedup/repo-identity.ts:109:18)\n' +
    '    at handleBulkSubmission (/Users/antonabyzov/Projects/github/specweave-umb/repositories/anton-abyzov/0874-bulk-request-memory/src/app/api/v1/submissions/bulk/route.ts:394:14)\n' +
    '    at /Users/antonabyzov/Projects/github/specweave-umb/repositories/anton-abyzov/0874-bulk-request-memory/src/lib/db.ts:207:14\n' +
    '    at async Promise.all (index 93)\n' +
    '    at /Users/antonabyzov/Projects/github/specweave-umb/repositories/anton-abyzov/0874-bulk-request-memory/src/app/api/v1/submissions/bulk/__tests__/route.db-lifecycle.test.ts:96:21\n' +
    '    at file:///Users/antonabyzov/Projects/github/specweave-umb/repositories/anton-abyzov/0874-bulk-request-memory/node_modules/@vitest/runner/dist/chunk-hooks.js:752:20'
}
POST /api/v1/submissions/bulk error: {
  message: 'DATABASE_URL not configured (checked Hyperdrive, process.env, globalThis, worker context, and resolveEnv)',
  stack: 'Error: DATABASE_URL not configured (checked Hyperdrive, process.env, globalThis, worker context, and resolveEnv)\n' +
    '    at resolveFreshDatabaseConnection (/Users/antonabyzov/Projects/github/specweave-umb/repositories/anton-abyzov/0874-bulk-request-memory/src/lib/db.ts:175:11)\n' +
    '    at processTicksAndRejections (node:internal/process/task_queues:103:5)\n' +
    '    at getDb (/Users/antonabyzov/Projects/github/specweave-umb/repositories/anton-abyzov/0874-bulk-request-memory/src/lib/db.ts:256:24)\n' +
    '    at Object.get (/Users/antonabyzov/Projects/github/specweave-umb/repositories/anton-abyzov/0874-bulk-request-memory/src/lib/repo-identity-store.ts:32:22)\n' +
    '    at resolveRepoIdentity (/Users/antonabyzov/Projects/github/specweave-umb/repositories/anton-abyzov/0874-bulk-request-memory/src/db/dedup/repo-identity.ts:109:18)\n' +
    '    at handleBulkSubmission (/Users/antonabyzov/Projects/github/specweave-umb/repositories/anton-abyzov/0874-bulk-request-memory/src/app/api/v1/submissions/bulk/route.ts:394:14)\n' +
    '    at /Users/antonabyzov/Projects/github/specweave-umb/repositories/anton-abyzov/0874-bulk-request-memory/src/lib/db.ts:207:14\n' +
    '    at async Promise.all (index 94)\n' +
    '    at /Users/antonabyzov/Projects/github/specweave-umb/repositories/anton-abyzov/0874-bulk-request-memory/src/app/api/v1/submissions/bulk/__tests__/route.db-lifecycle.test.ts:96:21\n' +
    '    at file:///Users/antonabyzov/Projects/github/specweave-umb/repositories/anton-abyzov/0874-bulk-request-memory/node_modules/@vitest/runner/dist/chunk-hooks.js:752:20'
}
POST /api/v1/submissions/bulk error: {
  message: 'DATABASE_URL not configured (checked Hyperdrive, process.env, globalThis, worker context, and resolveEnv)',
  stack: 'Error: DATABASE_URL not configured (checked Hyperdrive, process.env, globalThis, worker context, and resolveEnv)\n' +
    '    at resolveFreshDatabaseConnection (/Users/antonabyzov/Projects/github/specweave-umb/repositories/anton-abyzov/0874-bulk-request-memory/src/lib/db.ts:175:11)\n' +
    '    at processTicksAndRejections (node:internal/process/task_queues:103:5)\n' +
    '    at getDb (/Users/antonabyzov/Projects/github/specweave-umb/repositories/anton-abyzov/0874-bulk-request-memory/src/lib/db.ts:256:24)\n' +
    '    at Object.get (/Users/antonabyzov/Projects/github/specweave-umb/repositories/anton-abyzov/0874-bulk-request-memory/src/lib/repo-identity-store.ts:32:22)\n' +
    '    at resolveRepoIdentity (/Users/antonabyzov/Projects/github/specweave-umb/repositories/anton-abyzov/0874-bulk-request-memory/src/db/dedup/repo-identity.ts:109:18)\n' +
    '    at handleBulkSubmission (/Users/antonabyzov/Projects/github/specweave-umb/repositories/anton-abyzov/0874-bulk-request-memory/src/app/api/v1/submissions/bulk/route.ts:394:14)\n' +
    '    at /Users/antonabyzov/Projects/github/specweave-umb/repositories/anton-abyzov/0874-bulk-request-memory/src/lib/db.ts:207:14\n' +
    '    at async Promise.all (index 95)\n' +
    '    at /Users/antonabyzov/Projects/github/specweave-umb/repositories/anton-abyzov/0874-bulk-request-memory/src/app/api/v1/submissions/bulk/__tests__/route.db-lifecycle.test.ts:96:21\n' +
    '    at file:///Users/antonabyzov/Projects/github/specweave-umb/repositories/anton-abyzov/0874-bulk-request-memory/node_modules/@vitest/runner/dist/chunk-hooks.js:752:20'
}
POST /api/v1/submissions/bulk error: {
  message: 'DATABASE_URL not configured (checked Hyperdrive, process.env, globalThis, worker context, and resolveEnv)',
  stack: 'Error: DATABASE_URL not configured (checked Hyperdrive, process.env, globalThis, worker context, and resolveEnv)\n' +
    '    at resolveFreshDatabaseConnection (/Users/antonabyzov/Projects/github/specweave-umb/repositories/anton-abyzov/0874-bulk-request-memory/src/lib/db.ts:175:11)\n' +
    '    at processTicksAndRejections (node:internal/process/task_queues:103:5)\n' +
    '    at getDb (/Users/antonabyzov/Projects/github/specweave-umb/repositories/anton-abyzov/0874-bulk-request-memory/src/lib/db.ts:256:24)\n' +
    '    at Object.get (/Users/antonabyzov/Projects/github/specweave-umb/repositories/anton-abyzov/0874-bulk-request-memory/src/lib/repo-identity-store.ts:32:22)\n' +
    '    at resolveRepoIdentity (/Users/antonabyzov/Projects/github/specweave-umb/repositories/anton-abyzov/0874-bulk-request-memory/src/db/dedup/repo-identity.ts:109:18)\n' +
    '    at handleBulkSubmission (/Users/antonabyzov/Projects/github/specweave-umb/repositories/anton-abyzov/0874-bulk-request-memory/src/app/api/v1/submissions/bulk/route.ts:394:14)\n' +
    '    at /Users/antonabyzov/Projects/github/specweave-umb/repositories/anton-abyzov/0874-bulk-request-memory/src/lib/db.ts:207:14\n' +
    '    at async Promise.all (index 96)\n' +
    '    at /Users/antonabyzov/Projects/github/specweave-umb/repositories/anton-abyzov/0874-bulk-request-memory/src/app/api/v1/submissions/bulk/__tests__/route.db-lifecycle.test.ts:96:21\n' +
    '    at file:///Users/antonabyzov/Projects/github/specweave-umb/repositories/anton-abyzov/0874-bulk-request-memory/node_modules/@vitest/runner/dist/chunk-hooks.js:752:20'
}
POST /api/v1/submissions/bulk error: {
  message: 'DATABASE_URL not configured (checked Hyperdrive, process.env, globalThis, worker context, and resolveEnv)',
  stack: 'Error: DATABASE_URL not configured (checked Hyperdrive, process.env, globalThis, worker context, and resolveEnv)\n' +
    '    at resolveFreshDatabaseConnection (/Users/antonabyzov/Projects/github/specweave-umb/repositories/anton-abyzov/0874-bulk-request-memory/src/lib/db.ts:175:11)\n' +
    '    at processTicksAndRejections (node:internal/process/task_queues:103:5)\n' +
    '    at getDb (/Users/antonabyzov/Projects/github/specweave-umb/repositories/anton-abyzov/0874-bulk-request-memory/src/lib/db.ts:256:24)\n' +
    '    at Object.get (/Users/antonabyzov/Projects/github/specweave-umb/repositories/anton-abyzov/0874-bulk-request-memory/src/lib/repo-identity-store.ts:32:22)\n' +
    '    at resolveRepoIdentity (/Users/antonabyzov/Projects/github/specweave-umb/repositories/anton-abyzov/0874-bulk-request-memory/src/db/dedup/repo-identity.ts:109:18)\n' +
    '    at handleBulkSubmission (/Users/antonabyzov/Projects/github/specweave-umb/repositories/anton-abyzov/0874-bulk-request-memory/src/app/api/v1/submissions/bulk/route.ts:394:14)\n' +
    '    at /Users/antonabyzov/Projects/github/specweave-umb/repositories/anton-abyzov/0874-bulk-request-memory/src/lib/db.ts:207:14\n' +
    '    at async Promise.all (index 97)\n' +
    '    at /Users/antonabyzov/Projects/github/specweave-umb/repositories/anton-abyzov/0874-bulk-request-memory/src/app/api/v1/submissions/bulk/__tests__/route.db-lifecycle.test.ts:96:21\n' +
    '    at file:///Users/antonabyzov/Projects/github/specweave-umb/repositories/anton-abyzov/0874-bulk-request-memory/node_modules/@vitest/runner/dist/chunk-hooks.js:752:20'
}
POST /api/v1/submissions/bulk error: {
  message: 'DATABASE_URL not configured (checked Hyperdrive, process.env, globalThis, worker context, and resolveEnv)',
  stack: 'Error: DATABASE_URL not configured (checked Hyperdrive, process.env, globalThis, worker context, and resolveEnv)\n' +
    '    at resolveFreshDatabaseConnection (/Users/antonabyzov/Projects/github/specweave-umb/repositories/anton-abyzov/0874-bulk-request-memory/src/lib/db.ts:175:11)\n' +
    '    at processTicksAndRejections (node:internal/process/task_queues:103:5)\n' +
    '    at getDb (/Users/antonabyzov/Projects/github/specweave-umb/repositories/anton-abyzov/0874-bulk-request-memory/src/lib/db.ts:256:24)\n' +
    '    at Object.get (/Users/antonabyzov/Projects/github/specweave-umb/repositories/anton-abyzov/0874-bulk-request-memory/src/lib/repo-identity-store.ts:32:22)\n' +
    '    at resolveRepoIdentity (/Users/antonabyzov/Projects/github/specweave-umb/repositories/anton-abyzov/0874-bulk-request-memory/src/db/dedup/repo-identity.ts:109:18)\n' +
    '    at handleBulkSubmission (/Users/antonabyzov/Projects/github/specweave-umb/repositories/anton-abyzov/0874-bulk-request-memory/src/app/api/v1/submissions/bulk/route.ts:394:14)\n' +
    '    at /Users/antonabyzov/Projects/github/specweave-umb/repositories/anton-abyzov/0874-bulk-request-memory/src/lib/db.ts:207:14\n' +
    '    at async Promise.all (index 98)\n' +
    '    at /Users/antonabyzov/Projects/github/specweave-umb/repositories/anton-abyzov/0874-bulk-request-memory/src/app/api/v1/submissions/bulk/__tests__/route.db-lifecycle.test.ts:96:21\n' +
    '    at file:///Users/antonabyzov/Projects/github/specweave-umb/repositories/anton-abyzov/0874-bulk-request-memory/node_modules/@vitest/runner/dist/chunk-hooks.js:752:20'
}
POST /api/v1/submissions/bulk error: {
  message: 'DATABASE_URL not configured (checked Hyperdrive, process.env, globalThis, worker context, and resolveEnv)',
  stack: 'Error: DATABASE_URL not configured (checked Hyperdrive, process.env, globalThis, worker context, and resolveEnv)\n' +
    '    at resolveFreshDatabaseConnection (/Users/antonabyzov/Projects/github/specweave-umb/repositories/anton-abyzov/0874-bulk-request-memory/src/lib/db.ts:175:11)\n' +
    '    at processTicksAndRejections (node:internal/process/task_queues:103:5)\n' +
    '    at getDb (/Users/antonabyzov/Projects/github/specweave-umb/repositories/anton-abyzov/0874-bulk-request-memory/src/lib/db.ts:256:24)\n' +
    '    at Object.get (/Users/antonabyzov/Projects/github/specweave-umb/repositories/anton-abyzov/0874-bulk-request-memory/src/lib/repo-identity-store.ts:32:22)\n' +
    '    at resolveRepoIdentity (/Users/antonabyzov/Projects/github/specweave-umb/repositories/anton-abyzov/0874-bulk-request-memory/src/db/dedup/repo-identity.ts:109:18)\n' +
    '    at handleBulkSubmission (/Users/antonabyzov/Projects/github/specweave-umb/repositories/anton-abyzov/0874-bulk-request-memory/src/app/api/v1/submissions/bulk/route.ts:394:14)\n' +
    '    at /Users/antonabyzov/Projects/github/specweave-umb/repositories/anton-abyzov/0874-bulk-request-memory/src/lib/db.ts:207:14\n' +
    '    at async Promise.all (index 99)\n' +
    '    at /Users/antonabyzov/Projects/github/specweave-umb/repositories/anton-abyzov/0874-bulk-request-memory/src/app/api/v1/submissions/bulk/__tests__/route.db-lifecycle.test.ts:96:21\n' +
    '    at file:///Users/antonabyzov/Projects/github/specweave-umb/repositories/anton-abyzov/0874-bulk-request-memory/node_modules/@vitest/runner/dist/chunk-hooks.js:752:20'
}

stderr | src/app/api/v1/submissions/bulk/__tests__/route.db-lifecycle.test.ts > isolates simultaneous HTTP handlers and disposes each owned client
POST /api/v1/submissions/bulk error: {
  message: 'DATABASE_URL not configured (checked Hyperdrive, process.env, globalThis, worker context, and resolveEnv)',
  stack: 'Error: DATABASE_URL not configured (checked Hyperdrive, process.env, globalThis, worker context, and resolveEnv)\n' +
    '    at resolveFreshDatabaseConnection (/Users/antonabyzov/Projects/github/specweave-umb/repositories/anton-abyzov/0874-bulk-request-memory/src/lib/db.ts:175:11)\n' +
    '    at processTicksAndRejections (node:internal/process/task_queues:103:5)\n' +
    '    at getDb (/Users/antonabyzov/Projects/github/specweave-umb/repositories/anton-abyzov/0874-bulk-request-memory/src/lib/db.ts:256:24)\n' +
    '    at Object.get (/Users/antonabyzov/Projects/github/specweave-umb/repositories/anton-abyzov/0874-bulk-request-memory/src/lib/repo-identity-store.ts:32:22)\n' +
    '    at resolveRepoIdentity (/Users/antonabyzov/Projects/github/specweave-umb/repositories/anton-abyzov/0874-bulk-request-memory/src/db/dedup/repo-identity.ts:109:18)\n' +
    '    at handleBulkSubmission (/Users/antonabyzov/Projects/github/specweave-umb/repositories/anton-abyzov/0874-bulk-request-memory/src/app/api/v1/submissions/bulk/route.ts:394:14)\n' +
    '    at /Users/antonabyzov/Projects/github/specweave-umb/repositories/anton-abyzov/0874-bulk-request-memory/src/lib/db.ts:207:14\n' +
    '    at async Promise.all (index 0)\n' +
    '    at /Users/antonabyzov/Projects/github/specweave-umb/repositories/anton-abyzov/0874-bulk-request-memory/src/app/api/v1/submissions/bulk/__tests__/route.db-lifecycle.test.ts:96:21\n' +
    '    at file:///Users/antonabyzov/Projects/github/specweave-umb/repositories/anton-abyzov/0874-bulk-request-memory/node_modules/@vitest/runner/dist/chunk-hooks.js:752:20'
}

 ✓ src/app/api/v1/submissions/bulk/__tests__/route.db-lifecycle.test.ts > uses one owned client for 50 entries across the real repository, identity and upsert helpers 28ms
 ✓ src/app/api/v1/submissions/bulk/__tests__/route.db-lifecycle.test.ts > cleans up an already-open client when the route returns its error response 4ms
 ✓ src/app/api/v1/submissions/bulk/__tests__/route.db-lifecycle.test.ts > preserves the durable created receipt if cleanup fails 2ms
 ✓ src/app/api/v1/submissions/bulk/__tests__/route.db-lifecycle.test.ts > does not construct a client for rejected authentication 0ms
 × src/app/api/v1/submissions/bulk/__tests__/route.db-lifecycle.test.ts > isolates simultaneous HTTP handlers and disposes each owned client 37ms
   → expected { Object (error, hint) } to match object { submitted: 3, errors: +0 }
(2 matching properties omitted from actual)

⎯⎯⎯⎯⎯⎯⎯ Failed Tests 1 ⎯⎯⎯⎯⎯⎯⎯

 FAIL  src/app/api/v1/submissions/bulk/__tests__/route.db-lifecycle.test.ts > isolates simultaneous HTTP handlers and disposes each owned client
AssertionError: expected { Object (error, hint) } to match object { submitted: 3, errors: +0 }
(2 matching properties omitted from actual)

- Expected
+ Received

  {
-   "errors": 0,
-   "submitted": 3,
+   "error": "Internal server error",
+   "hint": "DATABASE_URL not configured (checked Hyperdrive, process.env, globalThis, worker context, and resolveEnv)",
  }

 ❯ src/app/api/v1/submissions/bulk/__tests__/route.db-lifecycle.test.ts:98:35
     96|   const responses = await Promise.all(Array.from({ length: 100 }, () =…
     97|   for (const response of responses) {
     98|     expect(await response.json()).toMatchObject({ submitted: 3, errors…
       |                                   ^
     99|   }
    100|   expect(mocks.clients).toHaveLength(100);

⎯⎯⎯⎯⎯⎯⎯⎯⎯⎯⎯⎯⎯⎯⎯⎯⎯⎯⎯⎯⎯⎯⎯⎯[1/1]⎯


 Test Files  1 failed (1)
      Tests  1 failed | 4 passed (5)
   Start at  15:24:46
   Duration  541ms (transform 76ms, setup 57ms, collect 111ms, tests 71ms, environment 0ms, prepare 26ms)

